交易日期_TrdDt,昨收盘.元.点._PrevClPr,开盘价.元.点._OpPr,最高价.元.点._HiPr,最低价.元.点._LoPr,收盘价.元.点._ClPr,成交量_TrdVol,成交金额.元._TrdSum,流通市值_TMV,return,pr,ppr,fr,dir
2004-12-31,1003.99,NA,NA,NA,1000,NA,NA,NA,NA,NA,NA,-0.016,-2
2005-1-7,983.17,983.04,995.71,979.81,983.96,729869400,4737469399,NA,-0.016,NA,NA,0.0044,1
2005-1-14,996.88,996.62,1006.46,987.23,988.31,729784200,4162921211,NA,0.0044,-0.016,NA,-0.0058,-1
2005-1-21,956.25,954.46,984.27,943.44,982.6,1445006000,8152086067,NA,-0.0058,0.0044,-0.016,-0.0136,-2
2005-1-28,974.63,974.63,975.62,965.21,969.21,574880700,3280950331,NA,-0.0136,-0.0058,0.0044,0.0492,2
2005-2-4,993.22,992.25,1021.03,989.94,1016.86,1573621500,9549870633,NA,0.0492,-0.0136,-0.0058,-0.0106,-2
2005-2-18,1020.61,1020.12,1021.2,1005.63,1006.05,813993900,4817732089,NA,-0.0106,0.0492,-0.0136,0.0405,2
2005-2-25,1045.46,1046.27,1059.48,1045.98,1046.76,1817000400,11489961151,NA,0.0405,-0.0106,0.0492,-0.0221,-2
2005-3-4,1027.71,1027.93,1031.85,1022.18,1023.67,817364100,5383868109,NA,-0.0221,0.0405,-0.0106,0.0037,1
2005-3-11,1022.41,1021.08,1028.12,1016.93,1027.43,1147638100,7654557046,NA,0.0037,-0.0221,0.0405,-0.0475,-2
2005-3-18,992.86,991.89,996.4,975.7,978.66,965206000,6314991217,NA,-0.0475,0.0037,-0.0221,-0.0161,-2
2005-3-25,964.8,964.25,966.97,959.06,962.96,710732300,4258127223,NA,-0.0161,-0.0475,0.0037,0.0158,2
2005-4-1,942.2,941.43,989.9,937.55,978.14,1634750500,10109402829,NA,0.0158,-0.0161,-0.0475,0.0259,2
2005-4-8,984.73,984.66,1003.7,979.53,1003.45,1476252600,9151349808,7.23E+11,0.0259,0.0158,-0.0161,-0.0293,-2
2005-4-15,986.98,982.61,982.61,971.93,974.08,1040895500,6541675456,7.02E+11,-0.0293,0.0259,0.0158,-0.0359,-2
2005-4-22,943.98,942.91,947.91,934.96,939.1,1069188400,6373550345,6.77E+11,-0.0359,-0.0293,0.0259,-0.0071,-1
2005-4-29,942.07,940.81,942.45,929.81,932.39,1123541900,6853192443,6.71E+11,-0.0071,-0.0359,-0.0293,-0.0481,-2
2005-5-13,885.82,883.5,898.5,875.58,887.54,1124490600,6228419643,6.52E+11,-0.0481,-0.0071,-0.0359,-0.0054,-1
2005-5-20,884.17,883.51,891.02,879.18,882.76,722667600,3835476288,6.47E+11,-0.0054,-0.0481,-0.0071,-0.0377,-2
2005-5-27,857.33,855.6,864.96,848.4,849.51,774998300,4240678764,6.21E+11,-0.0377,-0.0054,-0.0481,-0.0371,-2
2005-6-3,818.38,816.55,823.86,807.97,818.03,793605600,4164754479,5.97E+11,-0.0371,-0.0377,-0.0054,0.0935,2
2005-6-10,912.6,911.94,911.94,889.1,894.56,2239150200,12006754528,6.53E+11,0.0935,-0.0371,-0.0377,-0.0159,-2
2005-6-17,879.24,883.61,888.08,876.04,880.35,1496300900,8285455982,6.39E+11,-0.0159,0.0935,-0.0371,0.0204,2
2005-6-24,893.57,892.06,898.67,888.4,898.3,891873900,4732186046,6.51E+11,0.0204,-0.0159,0.0935,-0.0432,-2
2005-7-1,878.69,875.93,875.93,858.37,859.49,1009459697,5086726820,6.29E+11,-0.0432,0.0204,-0.0159,-0.0349,-2
2005-7-8,844.73,842.62,842.62,827.23,829.49,722100042,3447787083,6.06E+11,-0.0349,-0.0432,0.0204,0.0139,2
2005-7-15,849.59,849.87,854.6,837.78,841,888956339,4203939701,6.14E+11,0.0139,-0.0349,-0.0432,0.0222,2
2005-7-22,843.99,847.54,867.16,842.99,859.69,2163097613,10210013616,6.27E+11,0.0222,0.0139,-0.0349,0.0331,2
2005-7-29,890.88,889.41,892.29,883.38,888.16,1339740598,6409062024,6.47E+11,0.0331,0.0222,0.0139,0.0401,2
2005-8-5,904.15,904.04,923.81,903.94,923.8,1912376473,9585685726,6.73E+11,0.0401,0.0331,0.0222,0.0157,2
2005-8-12,953.99,954.72,959.27,933.99,938.32,2916814435,14457553256,6.84E+11,0.0157,0.0401,0.0331,-0.0163,-2
2005-8-19,920.67,918.09,927.32,910.08,923.04,2224267940,10881501177,6.77E+11,-0.0163,0.0157,0.0401,0.0057,1
2005-8-26,930.12,930.25,930.33,921.84,928.26,1542980361,7186198527,6.78E+11,0.0057,-0.0163,0.0157,0.0211,2
2005-9-2,944.56,945.98,947.92,941.31,947.87,1861443797,8864773608,6.92E+11,0.0211,0.0057,-0.0163,0.0013,1
2005-9-9,955.28,955.11,959.9,946.02,949.07,1621931001,7924193974,6.93E+11,0.0013,0.0211,0.0057,0.0194,2
2005-9-16,969.6,969.62,970.37,964.28,967.5,1397857095,6989327513,7.07E+11,0.0194,0.0013,0.0211,-0.0531,-2
2005-9-23,923.27,921.51,927.42,914.81,916.15,1154764377,5549882042,6.69E+11,-0.0531,0.0194,0.0013,0.0014,1
2005-9-30,915.98,916.59,918.66,913.45,917.39,900143263,4529466676,6.70E+11,0.0014,-0.0531,0.0194,-0.0137,-2
2005-10-14,916.5,916.34,917.89,902.81,904.83,1012394049,5568049025,6.63E+11,-0.0137,0.0014,-0.0531,-5.00E-04,-1
2005-10-21,899.91,899.64,907.79,897.99,904.41,1136458825,5645096184,6.62E+11,-5.00E-04,-0.0137,0.0014,-0.0406,-2
2005-10-28,875.85,875.86,880.21,859.69,867.73,1197337573,5565266453,6.33E+11,-0.0406,-5.00E-04,-0.0137,0.0123,2
2005-11-4,874.58,873.35,878.36,869.68,878.36,956731049,4570236086,6.40E+11,0.0123,-0.0406,-5.00E-04,-0.0155,-2
2005-11-11,862.97,861.22,867.33,857.79,864.79,921971970,4221479222,6.30E+11,-0.0155,0.0123,-0.0406,0.0202,2
2005-11-18,862.66,862.58,886.58,862.4,882.24,1759780298,8353934317,6.42E+11,0.0202,-0.0155,0.0123,0.0021,1
2005-11-25,881.49,881.25,884.16,877.26,884.11,1300354588,5127946933,6.43E+11,0.0021,0.0202,-0.0155,-0.016,-2
2005-12-2,873.07,872.93,875.83,866.37,869.94,849202059,3937214093,6.34E+11,-0.016,0.0021,0.0202,0.02,2
2005-12-9,874.06,873.69,887.57,871.26,887.36,1271952575,5793086795,6.47E+11,0.02,-0.016,0.0021,0.0171,2
2005-12-16,896.43,895.83,902.75,894.1,902.56,1145210671,5418465602,6.58E+11,0.0171,0.02,-0.016,0.0148,2
2005-12-23,908.75,908.96,915.89,908.51,915.89,1190699809,5799046691,6.69E+11,0.0148,0.0171,0.02,0.0083,1
2005-12-30,932.03,933.45,934,921.83,923.45,1560025063,8517980122,6.77E+11,0.0083,0.0148,0.0171,0.0504,2
2006-1-6,959.13,961.91,975.63,956.04,970.03,3028636800,16170989866,7.21E+11,0.0504,0.0083,0.0148,0.009,1
2006-1-13,983.72,985.04,988.11,973.68,978.81,2228186100,11215633222,7.28E+11,0.009,0.0504,0.0083,0.0148,2
2006-1-20,991.22,991.57,994.5,987.06,993.34,2614706200,12929890431,7.40E+11,0.0148,0.009,0.0504,0.0164,2
2006-1-25,999.09,998.84,1009.65,989.51,1009.6,2180075800,11644197379,7.51E+11,0.0164,0.0148,0.009,0.0225,2
2006-2-10,1019.6,1019.42,1032.6,1018.48,1032.34,2202445300,11411753871,7.68E+11,0.0225,0.0164,0.0148,-0.0116,-2
2006-2-17,1020.12,1020.06,1028.57,1015.99,1020.37,2102687500,10774127956,7.59E+11,-0.0116,0.0225,0.0164,0.0285,2
2006-2-24,1041.37,1041.97,1049.69,1041.97,1049.44,1967610400,10286380796,7.80E+11,0.0285,-0.0116,0.0225,-0.0074,-1
2006-3-3,1038.67,1037.99,1043.42,1029.56,1041.68,2120053900,11437141697,7.83E+11,-0.0074,0.0285,-0.0116,-0.0315,-2
2006-3-10,1004.34,1004.75,1011.76,1004.69,1008.9,1188798300,6337829115,7.59E+11,-0.0315,-0.0074,0.0285,0.015,2
2006-3-17,1027.62,1027.64,1029.56,1021.08,1024.02,1500192400,7945174864,7.71E+11,0.015,-0.0315,-0.0074,0.0182,2
2006-3-24,1048.54,1049.12,1051.76,1041.23,1042.6,2009823700,11031900342,7.84E+11,0.0182,0.015,-0.0315,0.0177,2
2006-3-31,1055.63,1053.85,1061.47,1050.22,1061.09,2227619000,12045672446,8.00E+11,0.0177,0.0182,0.015,0.0396,2
2006-4-7,1103.24,1102.94,1105.1,1091.89,1103.15,3257086000,17760103659,8.34E+11,0.0396,0.0177,0.0182,0.014,2
2006-4-14,1093.92,1091.69,1118.66,1091.67,1118.61,3352796200,16782531968,8.46E+11,0.014,0.0396,0.0177,0.0273,2
2006-4-21,1134.38,1133.2,1152.89,1127.65,1149.16,4077291000,22750697130,8.64E+11,0.0273,0.014,0.0396,0.0202,2
2006-4-28,1155.27,1143.59,1173.88,1133.19,1172.35,4080185800,24343009251,8.76E+11,0.0202,0.0273,0.014,0.1057,2
2006-5-12,1255.04,1255.23,1296.38,1252.68,1296.26,5492033100,34261843942,9.65E+11,0.1057,0.0202,0.0273,0.0539,2
2006-5-19,1331.2,1334.07,1371.22,1329.32,1366.1,6712386900,36222359895,1.01E+12,0.0539,0.1057,0.0202,-0.0257,-2
2006-5-26,1307.7,1312.24,1331.45,1309.46,1331.02,3638566500,21741991960,9.88E+11,-0.0257,0.0539,0.1057,0.0444,2
2006-6-2,1402.88,1406.62,1411.78,1382,1390.12,6410916200,37407323630,1.03E+12,0.0444,-0.0257,0.0539,-0.069,-2
2006-6-9,1325.98,1320.81,1329.84,1293.05,1294.18,3739262300,21631040581,9.62E+11,-0.069,0.0444,-0.0257,0.0184,2
2006-6-16,1285.38,1290,1318.02,1290,1318.01,2840803200,16152374694,9.80E+11,0.0184,-0.069,0.0444,0.0163,2
2006-6-23,1331.55,1329.11,1340.27,1319.51,1339.45,2565164400,15125536432,9.95E+11,0.0163,0.0184,-0.069,0.0407,2
2006-6-30,1395.12,1402.6,1408.79,1384.99,1393.96,3839674500,22942443838,1.03E+12,0.0407,0.0163,0.0184,0.0118,2
2006-7-7,1418.67,1423.72,1426.4,1405.99,1410.43,3355617600,22529571028,1.07E+12,0.0118,0.0407,0.0163,-0.0378,-2
2006-7-14,1346.09,1333.74,1367.74,1327.59,1357.13,3265910500,21065092098,1.03E+12,-0.0378,0.0118,0.0407,-8.00E-04,-1
2006-7-21,1345.19,1344.6,1357.34,1344.57,1356.03,2039364800,12442432415,1.04E+12,-8.00E-04,-0.0378,0.0118,-0.0108,-2
2006-7-28,1355.55,1354.92,1359.74,1327.66,1341.39,2155750500,13809393177,1.03E+12,-0.0108,-8.00E-04,-0.0378,-0.0742,-2
2006-8-4,1271.74,1272.36,1278.25,1239.38,1241.91,1605362800,9762333439,9.54E+11,-0.0742,-0.0108,-8.00E-04,0.0272,2
2006-8-11,1271.47,1273.27,1277.97,1265.52,1275.65,1530322700,9033367272,9.84E+11,0.0272,-0.0742,-0.0108,-0.0061,-1
2006-8-18,1271.63,1270.22,1280.83,1265.82,1267.87,1396452400,7951341069,1.00E+12,-0.0061,0.0272,-0.0742,0.0217,2
2006-8-25,1292.4,1293.5,1301.75,1292.45,1295.44,1855793700,11586280956,1.03E+12,0.0217,-0.0061,0.0272,0.0175,2
2006-9-1,1338.69,1339.31,1340.13,1314.57,1318.1,2503368800,14832251927,1.04E+12,0.0175,0.0217,-0.0061,0.0107,2
2006-9-8,1328.38,1327.56,1334.73,1326.25,1332.15,1723027300,10157793916,1.06E+12,0.0107,0.0175,0.0217,0.0226,2
2006-9-15,1338.28,1338.41,1362.4,1338.14,1362.32,3605714800,19594629097,1.08E+12,0.0226,0.0107,0.0175,0.0092,1
2006-9-22,1387.37,1389.87,1393.53,1373.94,1374.85,2826504200,18173169466,1.09E+12,0.0092,0.0226,0.0107,0.0207,2
2006-9-29,1387,1389.08,1405.56,1389.04,1403.27,2716674200,17347640073,1.11E+12,0.0207,0.0092,0.0226,0.0197,2
2006-10-13,1426.5,1424.3,1436.1,1420.96,1430.88,2829515600,16770803951,1.14E+12,0.0197,0.0207,0.0092,0.0065,1
2006-10-20,1439.38,1440.67,1447.95,1436.65,1440.18,2656014300,16526648077,1.14E+12,0.0065,0.0197,0.0207,-8.00E-04,-1
2006-10-27,1456.1,1455.98,1460.45,1433.36,1439.05,3737930400,21496189402,1.16E+12,-8.00E-04,0.0065,0.0197,0.0342,2
2006-11-3,1479.66,1481.58,1497.47,1480.77,1488.29,3937202700,23319284127,1.21E+12,0.0342,-8.00E-04,0.0065,0.0106,2
2006-11-10,1524.71,1525.23,1535.2,1493.2,1504.06,5392286700,31931185346,1.25E+12,0.0106,0.0342,-8.00E-04,0.0386,2
2006-11-17,1533.29,1528.01,1562.24,1521.55,1562.08,4444619100,26950444425,1.29E+12,0.0386,0.0106,0.0342,0.0477,2
2006-11-24,1634.91,1629.89,1640.75,1611.55,1636.58,4971209600,32398044934,1.36E+12,0.0477,0.0386,0.0106,0.0566,2
2006-12-1,1714.36,1719.28,1741.8,1715.79,1729.22,5841358100,41045221076,1.44E+12,0.0566,0.0477,0.0386,-0.0102,-2
2006-12-8,1775.71,1752.77,1772.16,1710,1711.58,6625774600,41980241160,1.43E+12,-0.0102,0.0566,0.0477,0.0912,2
2006-12-15,1836.14,1842.88,1867.78,1832.51,1867.64,4941444100,36957407983,1.57E+12,0.0912,-0.0102,0.0566,0.015,2
2006-12-22,1908.98,1896.48,1918.49,1880.57,1895.64,4623050100,34870781835,1.59E+12,0.015,0.0912,-0.0102,0.0767,2
2006-12-29,1979.93,1991.88,2052.86,1991.88,2041.05,7385194700,55716388327,1.73E+12,0.0767,0.015,0.0912,0.0156,2
2007-1-5,2067.09,2051.15,2083.4,2030.76,2072.88,9274344700,68026060235,1.81E+12,0.0156,0.0767,0.015,0.0487,2
2007-1-12,2231.63,2215.86,2249.54,2159.78,2173.75,7652572000,61742830353,1.90E+12,0.0487,0.0156,0.0767,0.1023,2
2007-1-19,2317.09,2320.87,2396.09,2320.87,2396.09,8333402200,73538873546,2.10E+12,0.1023,0.0487,0.0156,0.0488,2
2007-1-26,2452.83,2415.75,2524.24,2356.98,2512.92,7865400800,73275675715,2.24E+12,0.0488,0.1023,0.0487,-0.0855,-2
2007-2-2,2395.17,2397.06,2403.62,2293.28,2298,5937715400,53535112102,2.06E+12,-0.0855,0.0488,0.1023,0.0432,2
2007-2-9,2410.6,2412.64,2417.64,2376.02,2397.24,5551553200,51302933998,2.15E+12,0.0432,-0.0855,0.0488,0.1166,2
2007-2-16,2668.63,2692.67,2717.57,2660.49,2676.74,7590878500,71597577014,2.40E+12,0.1166,0.0432,-0.0855,-0.0628,-2
2007-3-2,2473.54,2468.67,2523.86,2455.82,2508.73,5794680500,54222099462,2.27E+12,-0.0628,0.1166,0.0432,0.0409,2
2007-3-9,2627.63,2632.8,2643.81,2587.49,2611.39,7041132600,67933045137,2.37E+12,0.0409,-0.0628,0.1166,-0.0027,-1
2007-3-16,2645.55,2656.01,2665.39,2576.32,2604.23,7533185000,74777024467,2.40E+12,-0.0027,0.0409,-0.0628,0.043,2
2007-3-23,2711.32,2710.36,2726.62,2653.79,2716.27,7391191900,76304490420,2.51E+12,0.043,-0.0027,0.0409,0.0241,2
2007-3-30,2783.3,2768.71,2801.95,2753.15,2781.78,6295070600,66536969255,2.58E+12,0.0241,0.043,-0.0027,0.0684,2
2007-4-6,2945.05,2921.73,2977.46,2911.05,2972.01,7910232800,93049572083,2.77E+12,0.0684,0.0241,0.043,0.0664,2
2007-4-13,3176.44,3182.78,3211.61,3154.11,3169.23,10065311600,1.30E+11,2.98E+12,0.0664,0.0684,0.0241,0.0379,2
2007-4-20,3150.3,3165.67,3297.41,3165.67,3289.28,9446986900,1.19E+11,3.14E+12,0.0379,0.0664,0.0684,0.0551,2
2007-4-27,3493.58,3499.94,3503.89,3436,3470.52,8069863600,1.14E+11,3.33E+12,0.0551,0.0379,0.0664,0.0254,2
2007-4-30,3470.52,3487.36,3568.68,3478.93,3558.71,9430286400,1.38E+11,3.42E+12,0.0254,0.0551,0.0379,0.0404,2
2007-5-11,3724.51,3696.29,3715.37,3629.71,3702.61,8896176100,1.34E+11,3.58E+12,0.0404,0.0254,0.0551,0.02,2
2007-5-18,3778.61,3771.27,3805.21,3746.24,3776.63,8241889800,1.21E+11,3.73E+12,0.02,0.0404,0.0254,0.0552,2
2007-5-25,3919.75,3907.73,3996.85,3888.31,3985.25,9541661500,1.51E+11,3.95E+12,0.0552,0.02,0.0404,-0.0455,-2
2007-6-1,3927.95,3953.1,4014.15,3780.03,3803.95,11993793900,1.94E+11,3.82E+12,-0.0455,0.0552,0.02,0.0089,1
2007-6-8,3802.3,3814.18,3861.21,3769.15,3837.87,8907474200,1.37E+11,3.86E+12,0.0089,-0.0455,0.0552,0.0681,2
2007-6-15,4075.82,4043.11,4115.73,4025.1,4099.38,6877960000,1.09E+11,4.14E+12,0.0681,0.0089,-0.0455,-0.0117,-2
2007-6-22,4197.28,4203.13,4220.92,3970.35,4051.43,7955237400,1.28E+11,4.10E+12,-0.0117,0.0681,0.0089,-0.0709,-2
2007-6-29,3858.52,3769.33,3867.75,3718.16,3764.08,5892087000,88527586075,3.85E+12,-0.0709,-0.0117,0.0681,-0.0143,-2
2007-7-6,3537.43,3517.6,3712.74,3475.27,3710.28,5136651200,71894989944,3.85E+12,-0.0143,-0.0709,-0.0117,0.0296,2
2007-7-13,3816.92,3825.03,3829.68,3773.93,3820.12,2689324200,38615513802,3.97E+12,0.0296,-0.0143,-0.0709,0.0397,2
2007-7-20,3807,3808.08,3971.89,3808.08,3971.88,5527112100,81556214966,4.13E+12,0.0397,0.0296,-0.0143,0.0844,2
2007-7-27,4303.19,4277.55,4318.34,4225.03,4307.14,6502110900,1.06E+11,4.48E+12,0.0844,0.0397,0.0296,0.0676,2
2007-8-3,4436.19,4472.89,4599.25,4472.89,4598.38,7819047300,1.41E+11,4.81E+12,0.0676,0.0844,0.0397,0.0279,2
2007-8-10,4777.29,4765.85,4771.61,4631.04,4726.68,7496288100,1.24E+11,4.96E+12,0.0279,0.0676,0.0844,-0.0212,-2
2007-8-17,4721.94,4694.2,4774.99,4616.97,4626.58,6365212000,1.12E+11,4.93E+12,-0.0212,0.0279,0.0676,0.1277,2
2007-8-24,5135.93,5161.15,5231.15,5158.03,5217.58,7376987500,1.35E+11,5.59E+12,0.1277,-0.0212,0.0279,0.0152,2
2007-8-31,5241.23,5255.09,5307.42,5219.99,5296.81,6678035700,1.23E+11,5.70E+12,0.0152,0.1277,-0.0212,-4.00E-04,-1
2007-9-7,5412.04,5382.91,5402.72,5284.65,5294.8,7929888000,1.46E+11,5.75E+12,-4.00E-04,0.0152,0.1277,0.0194,2
2007-9-14,5349.97,5362.47,5405.85,5274.22,5397.28,6029562600,1.19E+11,5.88E+12,0.0194,-4.00E-04,0.0152,0.0131,2
2007-9-21,5494.91,5508.51,5516.11,5357.5,5468.1,6110635600,1.21E+11,5.97E+12,0.0131,0.0194,-4.00E-04,0.0206,2
2007-9-28,5427.66,5479.85,5590.85,5479.85,5580.81,4851462000,1.04E+11,6.11E+12,0.0206,0.0131,0.0194,0.028,2
2007-10-12,5760.08,5777.9,5796.28,5485.56,5737.22,7800106400,1.61E+11,6.31E+12,0.028,0.0206,0.0131,-0.0215,-2
2007-10-19,5615.75,5651.03,5711.5,5563.78,5614.06,3846645700,84971542142,6.45E+12,-0.0215,0.028,0.0206,-0.0391,-2
2007-10-26,5333.79,5279.1,5428.58,5266.37,5394.81,3589596500,77283751807,6.39E+12,-0.0391,-0.0215,0.028,0.0145,2
2007-11-2,5605.23,5514.85,5565.66,5448.99,5472.93,4328950000,93671082512,6.58E+12,0.0145,-0.0391,-0.0215,-0.079,-2
2007-11-9,5093.67,5042.76,5129.11,4962.3,5040.52,3458382600,67968651438,6.06E+12,-0.079,0.0145,-0.0391,-0.0065,-1
2007-11-16,5081.11,4999.84,5021.71,4917.49,5007.66,2331099100,47079247224,6.05E+12,-0.0065,-0.079,0.0145,-0.0303,-2
2007-11-23,4772.62,4733.36,4857.05,4711.79,4856.16,2014630500,41174112142,5.99E+12,-0.0303,-0.0065,-0.079,-0.0245,-2
2007-11-30,4842.07,4841.08,4841.08,4723.79,4737.41,2938369600,57402977557,5.89E+12,-0.0245,-0.0303,-0.0065,0.0642,2
2007-12-7,4971.06,4979.84,5041.78,4977.87,5041.35,2719822300,50380400719,6.29E+12,0.0642,-0.0245,-0.0303,-0.0126,-2
2007-12-14,4884.3,4827.39,4979.19,4800.24,4977.65,3072792500,61162569184,6.22E+12,-0.0126,0.0642,-0.0245,0.025,2
2007-12-21,5037.19,5016.46,5103.77,5014.7,5101.85,3725149400,73549811301,6.46E+12,0.025,-0.0126,0.0642,0.0463,2
2007-12-28,5367.53,5379.52,5391.66,5323.82,5338.27,4536141500,95056654641,6.78E+12,0.0463,0.025,-0.0126,0.0272,2
2008-1-4,5422.03,5430.63,5499.09,5422.46,5483.65,5174642000,1.19E+11,7.15E+12,0.0272,0.0463,0.025,0.0393,2
2008-1-11,5672.15,5688.56,5702.57,5629.64,5699.15,5616707900,1.22E+11,7.62E+12,0.0393,0.0272,0.0463,-0.05,-2
2008-1-18,5365.62,5358.18,5419.57,5307.5,5414.47,4391300500,95080872876,7.25E+12,-0.05,0.0393,0.0272,-0.0622,-2
2008-1-25,5027.21,5022.9,5121.41,4966.52,5077.43,4714210800,1.01E+11,6.80E+12,-0.0622,-0.05,0.0393,-0.0996,-2
2008-2-1,4620.4,4623.62,4660.99,4414.12,4571.94,3512552800,67941469336,5.28E+12,-0.0996,-0.0622,-0.05,0.0765,2
2008-2-5,4950.12,4942.88,4995.57,4878.12,4921.83,3279635600,70626096586,5.69E+12,0.0765,-0.0996,-0.0622,-0.022,-2
2008-2-15,4880.25,4846.02,4846.02,4742.1,4813.31,2426260100,47298764901,5.56E+12,-0.022,0.0765,-0.0996,-0.0231,-2
2008-2-22,4876.03,4850.88,4850.88,4649.81,4702.24,3791862700,77110349593,5.44E+12,-0.0231,-0.022,0.0765,-0.0059,-1
2008-2-29,4622.06,4616.24,4683.16,4597.63,4674.55,2335085800,47275050938,5.41E+12,-0.0059,-0.0231,-0.022,-0.0113,-2
2008-3-7,4685.03,4641.76,4693.21,4597.01,4621.69,2869094500,60552444836,5.35E+12,-0.0113,-0.0059,-0.0231,-0.1004,-2
2008-3-14,4198.96,4179.44,4212.41,4092.79,4157.87,2342788500,45564248765,4.82E+12,-0.1004,-0.0113,-0.0059,-0.0289,-2
2008-3-21,4001.83,3998.2,4083.16,3958.97,4037.83,4261516300,74985408749,4.68E+12,-0.0289,-0.1004,-0.0113,-0.0296,-2
2008-3-28,3748.92,3712.98,3925.86,3661.38,3918.16,4209677700,72726088760,4.54E+12,-0.0296,-0.0289,-0.1004,-0.0683,-2
2008-4-3,3547.98,3518.22,3665.65,3457.62,3650.7,3298949300,54233901216,4.23E+12,-0.0683,-0.0296,-0.0289,0.0364,2
2008-4-11,3754.72,3794.3,3825.3,3755.01,3783.73,2632859000,44418993019,4.38E+12,0.0364,-0.0683,-0.0296,-0.1351,-2
2008-4-18,3386.63,3356.56,3390.55,3248.53,3272.5,2788816200,42184118932,3.79E+12,-0.1351,0.0364,-0.0683,0.1621,2
2008-4-25,3774.5,3781.91,3915.84,3737.98,3803.07,8481449100,1.47E+11,4.40E+12,0.1621,-0.1351,0.0364,0.041,2
2008-4-30,3776.94,3793.85,3970.57,3793.85,3959.12,6990977700,1.23E+11,4.58E+12,0.041,0.1621,-0.1351,-0.0203,-2
2008-5-9,3925.04,3960.89,3973.06,3806.52,3878.92,5365592900,96377859470,4.49E+12,-0.0203,0.041,0.1621,0.0147,2
2008-5-16,3948.09,3948.03,3982.22,3882.89,3936.12,3972175200,66279363920,4.56E+12,0.0147,-0.0203,0.041,-0.0663,-2
2008-5-23,3711.44,3697.89,3741.06,3629.01,3675.15,3344043100,52530762851,4.26E+12,-0.0663,0.0147,-0.0203,-0.0174,-2
2008-5-30,3580.87,3585.61,3620.22,3552.66,3611.33,2859084700,46886682679,4.19E+12,-0.0174,-0.0663,0.0147,-0.0337,-2
2008-6-6,3512.14,3519.12,3532.3,3470.56,3489.5,2094422900,30298595287,4.05E+12,-0.0337,-0.0174,-0.0663,-0.1463,-2
2008-6-13,3084.63,3087.34,3108.99,2975.66,2979.12,2531983700,33193994622,3.46E+12,-0.1463,-0.0337,-0.0174,-0.0435,-2
2008-6-20,2773.08,2795.47,2946.94,2691.87,2849.67,5167590500,65259567858,3.31E+12,-0.0435,-0.1463,-0.0337,-0.0118,-2
2008-6-27,2980.91,2886.18,2899.84,2787.25,2816.02,4088655600,49324841031,3.27E+12,-0.0118,-0.0435,-0.1463,-0.0263,-2
2008-7-4,2760.61,2751.21,2783.85,2716.02,2741.85,3790501000,47363589936,3.64E+12,-0.0263,-0.0118,-0.0435,0.0772,2
2008-7-11,2973.73,2962.86,2988.2,2913.87,2953.5,4428710100,55085357605,3.92E+12,0.0772,-0.0263,-0.0118,-0.0467,-2
2008-7-18,2718.07,2746.54,2818.06,2690.07,2815.46,4020340200,47213298888,3.74E+12,-0.0467,0.0772,-0.0263,0.044,2
2008-7-25,2977.36,2939.32,2967.72,2916.68,2939.2,4057108100,47706187738,3.90E+12,0.044,-0.0467,0.0772,-0.0335,-2
2008-8-1,2805.21,2786.12,2868.68,2748.76,2840.79,3403149100,39748408655,3.77E+12,-0.0335,0.044,-0.0467,-0.0878,-2
2008-8-8,2720.44,2719.38,2719.38,2581.81,2591.46,3089458100,33617694686,3.44E+12,-0.0878,-0.0335,0.044,-0.0555,-2
2008-8-15,2443.51,2440.39,2479.15,2412.95,2447.61,2042226100,21296936036,3.26E+12,-0.0555,-0.0878,-0.0335,-0.0174,-2
2008-8-22,2443.98,2421.25,2437.43,2362.63,2404.93,2629824100,26183849138,3.20E+12,-0.0174,-0.0555,-0.0878,-0.0055,-1
2008-8-29,2335.86,2347.4,2418.05,2339.52,2391.64,2887784500,29000899630,3.18E+12,-0.0055,-0.0174,-0.0555,-0.0871,-2
2008-9-5,2251.15,2193.04,2221.09,2172.94,2183.43,2165448000,19709566302,2.91E+12,-0.0871,-0.0055,-0.0174,-0.0484,-2
2008-9-12,2072.13,2071.06,2102.98,2066.44,2077.85,1919702000,17652324498,2.76E+12,-0.0484,-0.0871,-0.0055,-0.0023,-1
2008-9-19,1895.99,2065.78,2073.11,2046.22,2073.11,3652540400,32104719707,2.76E+12,-0.0023,-0.0484,-0.0871,0.0823,2
2008-9-26,2223.53,2234.46,2257.16,2192.13,2243.66,5942994300,59518096758,2.98E+12,0.0823,-0.0023,-0.0484,-0.1501,-2
2008-10-10,1995.3,1913.27,1938.21,1881.67,1906.96,3915159300,32924106745,2.53E+12,-0.1501,0.0823,-0.0023,-0.0386,-2
2008-10-17,1820.9,1837.91,1851.33,1805.67,1833.26,2871542000,23017436110,2.44E+12,-0.0386,-0.1501,0.0823,-0.0282,-2
2008-10-24,1834.78,1831.46,1840.88,1769.11,1781.6,3298066800,27101012205,2.37E+12,-0.0282,-0.0386,-0.1501,-0.0662,-2
2008-10-31,1697.66,1688.09,1696.65,1655.09,1663.66,2831453400,21281902723,2.21E+12,-0.0662,-0.0282,-0.0386,0.0085,1
2008-11-7,1649.78,1618.75,1690.11,1612.74,1677.83,3152159000,23620464927,2.23E+12,0.0085,-0.0662,-0.0282,0.1584,2
2008-11-14,1874.08,1893.31,1943.65,1874.93,1943.65,9116871700,73429585039,2.58E+12,0.1584,0.0085,-0.0662,-0.0118,-2
2008-11-21,1932.43,1872.27,1968.89,1835.09,1920.73,8304932900,66124274844,2.55E+12,-0.0118,0.1584,0.0085,-0.0473,-2
2008-11-28,1870.47,1851.1,1866.26,1815.45,1829.92,5159066000,40648514423,2.43E+12,-0.0473,-0.0118,0.1584,0.1001,2
2008-12-5,1982.93,1969.74,2014.2,1965.09,2013.17,7436632600,59950691704,2.68E+12,0.1001,-0.0473,-0.0118,-0.0262,-2
2008-12-12,2046.34,2027.07,2038.18,1936.28,1960.38,6738726600,54866552688,2.61E+12,-0.0262,0.1001,-0.0473,0.0468,2
2008-12-19,2045.1,2037.37,2075.38,2033.11,2052.11,6331122700,53410396118,2.74E+12,0.0468,-0.0262,0.1001,-0.0926,-2
2008-12-26,1870.77,1868.34,1881.08,1850.5,1862.1,3456088800,28536313731,2.49E+12,-0.0926,0.0468,-0.0262,-0.0238,-2
2008-12-31,1833.43,1835.11,1844.42,1813.73,1817.72,3563135500,27291914244,2.43E+12,-0.0238,-0.0926,0.0468,0.0554,2
2009-1-9,1887.99,1886.49,1923.42,1886.49,1918.37,4740721600,41511211439,2.82E+12,0.0554,-0.0238,-0.0926,0.0375,2
2009-1-16,1954.87,1965.44,2026.65,1965.44,1990.21,9653863300,84717648664,2.93E+12,0.0375,0.0554,-0.0238,0.0213,2
2009-1-23,2044.55,2039.52,2054.33,2025.19,2032.68,5750410900,49887828217,2.99E+12,0.0213,0.0375,0.0554,0.1007,2
2009-2-6,2150.97,2158.08,2240.02,2158.08,2237.28,10666490400,95640063068,3.29E+12,0.1007,0.0213,0.0375,0.0723,2
2009-2-13,2318.34,2321.56,2402.44,2307.09,2399.07,14040991000,1.34E+11,3.53E+12,0.0723,0.1007,0.0213,-0.0228,-2
2009-2-20,2298.41,2300.81,2344.77,2276.3,2344.32,8663206900,85247213566,3.45E+12,-0.0228,0.0723,0.1007,-0.0869,-2
2009-2-27,2190.18,2164.54,2186.82,2117.06,2140.49,8707641500,80337456328,3.15E+12,-0.0869,-0.0228,0.0723,0.0682,2
2009-3-6,2304.92,2260.76,2313.2,2255.82,2286.58,8596545000,85495320495,3.36E+12,0.0682,-0.0869,-0.0228,-0.0355,-2
2009-3-13,2215.7,2229.25,2250.24,2200.97,2205.42,5408309400,54636247867,3.24E+12,-0.0355,0.0682,-0.0869,0.0791,2
2009-3-20,2382.56,2389.89,2397.21,2343.27,2379.84,10939673800,1.15E+11,3.50E+12,0.0791,-0.0355,0.0682,0.05,2
2009-3-27,2479.79,2501,2516.38,2481.69,2498.93,13536854600,1.34E+11,3.68E+12,0.05,0.0791,-0.0355,0.0286,2
2009-4-3,2576.4,2597.92,2612.37,2555.61,2570.5,12365521600,1.31E+11,3.78E+12,0.0286,0.05,0.0791,0.0097,1
2009-4-10,2517.67,2540.11,2595.6,2530.62,2595.53,10414440800,1.22E+11,3.82E+12,0.0097,0.0286,0.05,0.0213,2
2009-4-17,2687.11,2675.67,2693.29,2628.63,2650.69,10152880800,1.16E+11,3.90E+12,0.0213,0.0097,0.0286,-0.0294,-2
2009-4-24,2593.56,2605.7,2609.87,2570.38,2572.89,7336096900,81956596002,3.79E+12,-0.0294,0.0213,0.0097,0.0194,2
2009-4-30,2605.37,2616.49,2640.02,2604.45,2622.93,8580934800,96903683541,3.86E+12,0.0194,-0.0294,0.0213,0.0634,2
2009-5-8,2767.08,2751.5,2800.22,2733.33,2789.22,10672498800,1.21E+11,4.11E+12,0.0634,0.0194,-0.0294,0.0025,1
2009-5-15,2792.6,2800.57,2815.46,2773.32,2796.12,6493143100,74973035097,4.12E+12,0.0025,0.0634,0.0194,-0.0198,-2
2009-5-22,2750.01,2733.02,2762.74,2719.12,2740.68,6149901200,74407198653,4.04E+12,-0.0198,0.0025,0.0634,0.0069,1
2009-5-27,2719.76,2734.42,2768.57,2715.82,2759.71,6797664500,78602246106,4.07E+12,0.0069,-0.0198,0.0025,0.0651,2
2009-6-5,2953.75,2966.07,2975.18,2937.18,2939.31,10847632400,1.31E+11,4.33E+12,0.0651,0.0069,-0.0198,-0.0112,-2
2009-6-12,2961.63,2955.57,2976.86,2883.32,2906.29,8006706700,92135559576,4.28E+12,-0.0112,0.0651,0.0069,0.0598,2
2009-6-19,3057.43,3061.9,3086.72,3047.27,3080,10251806900,1.19E+11,4.54E+12,0.0598,-0.0112,0.0651,0.0157,2
2009-6-26,3117.92,3126.23,3137.08,3109.32,3128.42,7050090800,88663497082,4.61E+12,0.0157,0.0598,-0.0112,0.0635,2
2009-7-3,3282.36,3254.93,3327.67,3249.11,3327.14,10573259200,1.43E+11,5.16E+12,0.0635,0.0157,0.0598,0.0214,2
2009-7-10,3396.3,3398.91,3428.03,3375.97,3398.31,10617491200,1.41E+11,5.27E+12,0.0214,0.0635,0.0157,0.0358,2
2009-7-17,3501.24,3499.51,3527.47,3482.87,3519.81,10654970400,1.46E+11,5.46E+12,0.0358,0.0214,0.0635,0.042,2
2009-7-24,3651.97,3672.21,3687.49,3591.88,3667.56,12797935200,1.82E+11,5.69E+12,0.042,0.0358,0.0214,0.0183,2
2009-7-31,3634.82,3670.19,3735.8,3635.55,3734.62,13223983400,1.84E+11,5.80E+12,0.0183,0.042,0.0358,-0.0481,-2
2009-8-7,3663.12,3655.46,3686.54,3539.7,3555.09,10057575100,1.49E+11,5.52E+12,-0.0481,0.0183,0.042,-0.0592,-2
2009-8-14,3440.82,3437.95,3454.95,3334.73,3344.46,8824862700,1.27E+11,5.20E+12,-0.0592,-0.0481,0.0183,-0.0421,-2
2009-8-21,3144.39,3135.37,3221.17,3113.7,3203.62,8661680500,1.14E+11,4.98E+12,-0.0421,-0.0592,-0.0481,-0.049,-2
2009-8-28,3156.3,3152.04,3168.19,3030.73,3046.78,8401794600,1.09E+11,4.74E+12,-0.049,-0.0421,-0.0592,0.01,1
2009-9-4,3051.96,3055.35,3099.39,3038.99,3077.14,8698471500,1.16E+11,4.79E+12,0.01,-0.049,-0.0421,0.0523,2
2009-9-11,3162.91,3152.82,3253.45,3152.69,3238.13,8068966000,1.09E+11,5.04E+12,0.0523,0.01,-0.049,-0.0119,-2
2009-9-18,3320.1,3325.06,3330.43,3170.96,3199.69,10048840400,1.32E+11,4.98E+12,-0.0119,0.0523,0.01,-0.0441,-2
2009-9-25,3080.93,3057.11,3090.07,3028.41,3058.53,4582049200,60733021040,4.76E+12,-0.0441,-0.0119,0.0523,-0.0176,-2
2009-9-30,2972.29,2992.98,3033.74,2988.29,3004.8,4218452400,54803607410,4.68E+12,-0.0176,-0.0441,-0.0119,0.0529,2
2009-10-9,3004.8,3078.75,3164.03,3071.27,3163.71,5687104000,76061663011,4.92E+12,0.0529,-0.0176,-0.0441,0.0247,2
2009-10-16,3239.64,3250.1,3268.43,3188.43,3241.71,5563625500,78892050311,5.04E+12,0.0247,0.0529,-0.0176,0.0529,2
2009-10-23,3347.32,3354.98,3436.39,3354.98,3413.25,8672542900,1.21E+11,5.31E+12,0.0529,0.0247,0.0529,-0.0389,-2
2009-10-30,3247.05,3305.38,3329.54,3276.32,3280.37,6064706200,84226415461,5.10E+12,-0.0389,0.0529,0.0247,0.0618,2
2009-11-6,3464.32,3491.07,3506.03,3474.36,3483.02,9219031500,1.24E+11,5.42E+12,0.0618,-0.0389,0.0529,0.0103,2
2009-11-13,3499.99,3489.54,3518.89,3445.36,3518.72,9121017100,1.22E+11,5.49E+12,0.0103,0.0618,-0.0389,0.0319,2
2009-11-20,3642.44,3630.58,3658.21,3597.31,3631.01,9475075100,1.28E+11,5.68E+12,0.0319,0.0103,0.0618,-0.0684,-2
2009-11-27,3485.77,3440.34,3480.93,3367.29,3382.51,8929468800,1.26E+11,5.29E+12,-0.0684,0.0319,0.0103,0.0772,2
2009-12-4,3590.88,3581.63,3646.26,3530.06,3643.49,13413090100,1.89E+11,5.70E+12,0.0772,-0.0684,0.0319,-0.0188,-2
2009-12-11,3577.24,3589.41,3614.95,3568.51,3575.02,5455091200,74282930261,5.59E+12,-0.0188,0.0772,-0.0684,-0.0513,-2
2009-12-18,3480.15,3450.05,3453.35,3385.68,3391.74,6611101500,89137672408,5.31E+12,-0.0513,-0.0188,0.0772,0.0097,1
2009-12-25,3438.82,3434.33,3441.96,3410.67,3424.78,4691457600,68701833803,5.36E+12,0.0097,-0.0513,-0.0188,0.0441,2
2009-12-31,3558.86,3561.37,3579.52,3542.38,3575.68,6924189000,98004030329,5.59E+12,0.0441,0.0097,-0.0513,-0.0267,-2
2010-1-8,3471.46,3456.91,3482.08,3426.7,3480.13,6079025300,90190959969,5.56E+12,-0.0267,0.0441,0.0097,7.00E-04,1
2010-1-15,3469.05,3472.52,3500.07,3448.66,3482.74,7254310200,1.04E+11,5.57E+12,7.00E-04,-0.0267,0.0441,-0.0335,-2
2010-1-22,3408.57,3364.45,3390.8,3293.19,3366.2,8893340400,1.19E+11,5.38E+12,-0.0335,7.00E-04,-0.0267,-0.0481,-2
2010-1-29,3206.57,3190.32,3249.45,3176.92,3204.16,5026261300,68018118702,5.14E+12,-0.0481,-0.0335,7.00E-04,-0.0159,-2
2010-2-5,3218.8,3147.72,3177.42,3129.92,3153.09,5910584500,73693132366,5.06E+12,-0.0159,-0.0481,-0.0335,0.0311,2
2010-2-12,3220.4,3232.88,3253.2,3228.74,3251.28,3405823800,46703220577,5.22E+12,0.0311,-0.0159,-0.0481,0.0093,1
2010-2-26,3292.13,3286.09,3301.15,3273.69,3281.67,5210728800,70171666128,5.28E+12,0.0093,0.0311,-0.0159,-0.0067,-1
2010-3-5,3250.57,3253.16,3276.4,3239.68,3259.76,4562913800,59621178434,5.24E+12,-0.0067,0.0093,0.0311,-0.0082,-1
2010-3-12,3276.7,3277.31,3284.26,3232.12,3233.13,3995734400,52611210820,5.20E+12,-0.0082,-0.0067,0.0093,0.0188,2
2010-3-19,3267.55,3270.98,3296.41,3251.14,3293.87,4606218700,62114230718,5.31E+12,0.0188,-0.0082,-0.0067,-0.0057,-1
2010-3-26,3229.13,3226.8,3285.39,3220.59,3275,4744496500,61592843185,5.28E+12,-0.0057,0.0188,-0.0082,0.0404,2
2010-4-2,3391.93,3400.14,3412.2,3391.81,3407.35,6907345200,99040760060,5.49E+12,0.0404,-0.0057,0.0188,-0.0083,-1
2010-4-9,3346.74,3348.77,3379.4,3342.47,3379.17,5128056700,75590356319,5.45E+12,-0.0083,0.0404,-0.0057,-0.0068,-1
2010-4-16,3394.57,3388.29,3388.29,3348.78,3356.33,4714036800,67235596653,5.41E+12,-0.0068,-0.0083,0.0404,-0.0496,-2
2010-4-23,3201.54,3198.78,3224.74,3172.58,3190,6125267900,92115669956,5.15E+12,-0.0496,-0.0068,-0.0083,-0.0384,-2
2010-4-30,3060.06,3060.12,3068.13,3014.07,3067.36,5447788100,73190884013,4.95E+12,-0.0384,-0.0496,-0.0068,-0.0752,-2
2010-5-7,2896.86,2835.88,2892.53,2817.15,2836.79,6111939900,79147499714,4.57E+12,-0.0752,-0.0384,-0.0496,0.011,2
2010-5-14,2886.91,2865.58,2888.09,2849.24,2868.02,4249871900,55175291043,4.62E+12,0.011,-0.0752,-0.0384,-0.0346,-2
2010-5-21,2726.02,2656.42,2769.09,2647.6,2768.79,5447538300,63501808937,4.46E+12,-0.0346,0.011,-0.0752,0.0294,2
2010-5-28,2859.98,2885.86,2893.69,2835.07,2850.3,5153498900,64342505421,4.60E+12,0.0294,-0.0346,0.011,-0.0372,-2
2010-6-4,2736.08,2721.36,2748.48,2713.09,2744.39,3274629100,39858363381,4.44E+12,-0.0372,0.0294,-0.0346,0.0053,1
2010-6-11,2750.02,2766.2,2782.09,2755.95,2758.87,4055858500,48871478557,4.46E+12,0.0053,-0.0372,0.0294,-0.0227,-2
2010-6-18,2742.73,2739.03,2755.84,2686.61,2696.17,4180834400,50256350918,4.36E+12,-0.0227,0.0053,-0.0372,0.0149,2
2010-6-25,2757.5,2744.12,2759.45,2715.66,2736.29,3067178200,34649179151,4.43E+12,0.0149,-0.0227,0.0053,-0.0739,-2
2010-7-2,2526.07,2523.03,2542.12,2462.2,2534.11,4491410000,43367318435,4.22E+12,-0.0739,0.0149,-0.0227,0.0446,2
2010-7-9,2575.92,2578.55,2662.16,2557.26,2647.1,5849304500,61470066938,4.41E+12,0.0446,-0.0739,0.0149,-0.0117,-2
2010-7-16,2608.52,2597,2621.33,2573.79,2616.13,3506330200,35422326209,4.36E+12,-0.0117,0.0446,-0.0739,0.0676,2
2010-7-23,2781.29,2787.52,2806.98,2769.44,2793.08,6451856500,70423335023,4.65E+12,0.0676,-0.0117,0.0446,0.0271,2
2010-7-30,2877.98,2871.48,2876.14,2844.68,2868.85,6257559100,65224482367,4.80E+12,0.0271,0.0676,-0.0117,0.01,1
2010-8-6,2850.83,2848.16,2898.53,2821.03,2897.66,7491489500,82145150913,4.85E+12,0.01,0.0271,0.0676,-0.0145,-2
2010-8-13,2816.39,2818.41,2856.04,2799.22,2855.55,5850772100,62923747790,4.78E+12,-0.0145,0.01,0.0271,0.015,2
2010-8-20,2955.39,2943.33,2951.96,2892.64,2898.33,7166330600,82298173112,4.85E+12,0.015,-0.0145,0.01,-0.0137,-2
2010-8-27,2850.09,2847.45,2861.07,2833.42,2858.57,4078958200,46699343358,4.79E+12,-0.0137,0.015,-0.0145,0.0216,2
2010-9-3,2921.39,2926.94,2929.55,2891.88,2920.2,7264102700,87724829649,4.90E+12,0.0216,-0.0137,0.015,0.0042,1
2010-9-10,2926.46,2928,2940.79,2890.03,2932.55,6508670400,83743163807,4.92E+12,0.0042,0.0216,-0.0137,-0.0243,-2
2010-9-17,2857.79,2864.72,2877.08,2847.68,2861.37,5193886700,62466326737,4.79E+12,-0.0243,0.0042,0.0216,-0.0014,-1
2010-9-21,2849.83,2859.43,2869.38,2844.13,2857.48,3575188100,44742025248,4.79E+12,-0.0014,-0.0243,0.0042,0.0273,2
2010-9-30,2874.81,2859.06,2935.59,2857.42,2935.57,6300024700,80709727516,4.92E+12,0.0273,-0.0014,-0.0243,0.037,2
2010-10-8,2935.57,2965.65,3055.84,2963.24,3044.23,9999472000,1.35E+11,5.10E+12,0.037,0.0273,-0.0014,0.0931,2
2010-10-15,3224.14,3204.72,3327.68,3199.12,3327.68,19341414000,2.46E+11,5.59E+12,0.0931,0.037,0.0273,0.0153,2
2010-10-22,3374.68,3365.6,3408.49,3346.11,3378.66,11636185700,1.63E+11,5.68E+12,0.0153,0.0931,0.037,4.00E-04,1
2010-10-29,3397.69,3400.26,3404.6,3351.6,3379.98,10045897000,1.46E+11,5.68E+12,4.00E-04,0.0153,0.0931,0.0417,2
2010-11-5,3480.51,3538.99,3554.47,3498.28,3520.8,13768802700,1.97E+11,5.95E+12,0.0417,4.00E-04,0.0153,-0.065,-2
2010-11-12,3509.97,3484.61,3497.06,3284.35,3291.83,16073385000,2.24E+11,5.56E+12,-0.065,0.0417,4.00E-04,-0.0343,-2
2010-11-19,3147.96,3168.16,3178.85,3076.21,3178.85,8334765400,1.15E+11,5.37E+12,-0.0343,-0.065,0.0417,0.005,1
2010-11-26,3223.48,3214.13,3224.52,3170.36,3194.85,6446782400,96226367197,5.41E+12,0.005,-0.0343,-0.065,-0.0115,-2
2010-12-3,3155.06,3161.93,3171.38,3134.42,3158.16,5047535400,71387337327,5.34E+12,-0.0115,0.005,-0.0343,0.0012,1
2010-12-10,3123.37,3107.38,3172.16,3101.08,3161.98,5710810500,78069117443,5.35E+12,0.0012,-0.0115,0.005,0.0201,2
2010-12-17,3230.66,3229.3,3232.84,3212.58,3225.66,4491914700,65697259729,5.45E+12,0.0201,0.0012,-0.0115,-0.0194,-2
2010-12-24,3188.61,3170.64,3187.72,3139.45,3162.95,5513776700,72989136209,5.34E+12,-0.0194,0.0201,0.0012,-0.011,-2
2010-12-31,3064.1,3069.05,3129.45,3067.11,3128.26,6256607800,90545901164,5.30E+12,-0.011,-0.0194,0.0201,0.0123,2
2011-1-7,3159.64,3156.36,3209.9,3141.13,3166.62,8409323300,1.14E+11,5.60E+12,0.0123,-0.011,-0.0194,-0.0236,-2
2011-1-14,3141.28,3129.67,3129.67,3083.51,3091.86,5335143900,71012100141,5.47E+12,-0.0236,0.0123,-0.011,-0.0351,-2
2011-1-21,2944.71,2935.23,3030.26,2935.14,2983.46,7310296600,85157790710,5.28E+12,-0.0351,-0.0236,0.0123,0.0179,2
2011-1-28,3026.47,3020.12,3047.27,3011.38,3036.74,6301358900,78241917729,5.38E+12,0.0179,-0.0351,-0.0236,0.0134,2
2011-2-1,3076.51,3083.49,3087.22,3062.83,3077.28,4986253000,65832698489,5.45E+12,0.0134,0.0179,-0.0351,0.0142,2
2011-2-11,3104.16,3100.27,3133.5,3092.58,3120.96,7597555300,99001500830,5.53E+12,0.0142,0.0134,0.0179,0.0291,2
2011-2-18,3245.91,3240.05,3242.37,3203.12,3211.88,7537868400,1.05E+11,5.69E+12,0.0291,0.0142,0.0134,-0.0044,-1
2011-2-25,3190.93,3190.87,3213.79,3159.85,3197.62,6161927500,88275899352,5.67E+12,-0.0044,0.0291,0.0142,0.0228,2
2011-3-4,3221.72,3223.51,3273.66,3217.48,3270.67,8001391500,1.07E+11,5.80E+12,0.0228,-0.0044,0.0291,-0.0071,-1
2011-3-11,3280.26,3263.08,3290.7,3240.18,3247.38,6720833500,1.00E+11,5.76E+12,-0.0071,0.0228,-0.0044,-0.0098,-1
2011-3-18,3197.1,3228.91,3239.96,3205.14,3215.68,6134016100,86845200065,5.71E+12,-0.0098,-0.0071,0.0228,0.0245,2
2011-3-25,3251.36,3256.18,3304.26,3254.68,3294.48,8689597900,1.22E+11,5.85E+12,0.0245,-0.0098,-0.0071,-0.0066,-1
2011-4-1,3223.29,3227.56,3272.77,3220.91,3272.73,6309472200,86711549873,5.81E+12,-0.0066,0.0245,-0.0098,0.0246,2
2011-4-8,3324.42,3321.54,3353.89,3314.09,3353.36,7392921000,1.07E+11,5.96E+12,0.0246,-0.0066,0.0245,0.0017,1
2011-4-15,3353.56,3345.13,3378.11,3323.56,3358.94,7851487400,98934572633,5.96E+12,0.0017,0.0246,-0.0066,-0.0176,-2
2011-4-22,3317.37,3317.08,3325.46,3291.64,3299.94,6717145500,83528333290,5.86E+12,-0.0176,0.0017,0.0246,-0.0325,-2
2011-4-29,3161.78,3161.16,3193.6,3147.14,3192.72,5368306500,63455814284,5.66E+12,-0.0325,-0.0176,0.0017,-0.0223,-2
2011-5-6,3126.12,3093.81,3141.68,3083.91,3121.4,5535218600,69747372718,5.53E+12,-0.0223,-0.0325,-0.0176,0.0021,1
2011-5-13,3101.6,3105.3,3128.44,3080.19,3128.09,4689595100,57757204870,5.54E+12,0.0021,-0.0223,-0.0325,-0.0021,-1
2011-5-20,3120.64,3120.58,3133.43,3113.27,3121.6,3846801200,48967028428,5.53E+12,-0.0021,0.0021,-0.0223,-0.0507,-2
2011-5-27,2978.38,2980.72,2996.61,2962.07,2963.31,4277090500,52019994149,5.25E+12,-0.0507,-0.0021,0.0021,0.0078,1
2011-6-3,2955.7,2951.58,2993.89,2951.2,2986.35,3907616400,49273758984,5.29E+12,0.0078,-0.0507,-0.0021,-0.0082,-1
2011-6-10,2951.89,2947.93,2964.08,2925.87,2961.93,4220188200,50942992933,5.25E+12,-0.0082,0.0078,-0.0507,-0.0236,-2
2011-6-17,2917.58,2916.41,2934.06,2891.01,2892.16,4117653000,51647156163,5.13E+12,-0.0236,-0.0082,0.0078,0.0468,2
2011-6-24,2957.63,2946.61,3047.94,2944.05,3027.47,8545924000,1.05E+11,5.37E+12,0.0468,-0.0236,-0.0082,0.0074,1
2011-7-1,3044.09,3052.12,3071.21,3034.07,3049.74,5676665300,72614645374,5.67E+12,0.0074,0.0468,-0.0236,0.0195,2
2011-7-8,3101.68,3105.49,3124.39,3093.37,3109.18,5128259300,65155542913,5.79E+12,0.0195,0.0074,0.0468,0.0063,1
2011-7-15,3115.74,3105.5,3130.78,3097.34,3128.89,6155032200,79424849005,5.82E+12,0.0063,0.0195,0.0074,-0.0195,-2
2011-7-22,3059.14,3066.19,3083.19,3059.6,3067.99,3725725500,49618948350,5.71E+12,-0.0195,0.0063,0.0195,-0.0313,-2
2011-7-29,2981,2981.02,2995.97,2948.08,2972.08,4629825300,54358237266,5.53E+12,-0.0313,-0.0195,0.0063,-0.0251,-2
2011-8-5,2960.31,2881.74,2916.41,2868.16,2897.42,4931685400,60240017405,5.39E+12,-0.0251,-0.0313,-0.0195,-0.0076,-1
2011-8-12,2866.92,2881.55,2894.22,2868.87,2875.36,5719740600,63487643741,5.35E+12,-0.0076,-0.0251,-0.0313,-0.0235,-2
2011-8-19,2834.25,2789.35,2814.1,2782.56,2807.66,4325965000,48442961960,5.22E+12,-0.0235,-0.0076,-0.0251,0.0333,2
2011-8-26,2903.84,2889.38,2907.4,2876.83,2901.22,4560410200,51759427726,5.40E+12,0.0333,-0.0235,-0.0076,-0.0336,-2
2011-9-2,2834.53,2828.84,2836.62,2790.77,2803.85,2931711600,31960598827,5.22E+12,-0.0336,0.0333,-0.0235,-0.0188,-2
2011-9-9,2756.11,2770.15,2796.35,2739.62,2751.09,2707350300,30348131114,5.12E+12,-0.0188,-0.0336,0.0333,-0.0062,-1
2011-9-16,2729.05,2744.22,2755.89,2728.99,2733.99,2755593200,29743911967,5.09E+12,-0.0062,-0.0188,-0.0336,-0.0236,-2
2011-9-23,2685.69,2644.29,2681.23,2631.43,2669.48,4259222400,45934334698,4.97E+12,-0.0236,-0.0062,-0.0188,-0.033,-2
2011-9-30,2588.18,2595.58,2607.57,2572.19,2581.35,3205082200,32376678343,4.81E+12,-0.033,-0.0236,-0.0062,0.0281,2
2011-10-14,2662.6,2655.36,2665.44,2629.88,2653.78,3833694800,37326709609,4.94E+12,0.0281,-0.033,-0.0236,-0.055,-2
2011-10-21,2520.53,2522.26,2538.12,2504.69,2507.88,2984350300,29090707044,4.67E+12,-0.055,0.0281,-0.033,0.0802,2
2011-10-28,2657.48,2694.54,2729.14,2689.38,2709.02,7164310500,72908419745,5.04E+12,0.0802,-0.055,0.0281,0.0202,2
2011-11-4,2744.3,2770.57,2781.99,2748.98,2763.75,6195821800,63500868592,5.15E+12,0.0202,0.0802,-0.055,-0.0249,-2
2011-11-11,2699.59,2705.24,2713.91,2685.1,2695,3663669600,38724219259,5.02E+12,-0.0249,0.0202,0.0802,-0.0328,-2
2011-11-18,2662.02,2643.67,2646.21,2601.18,2606.49,4241471800,44949477108,4.85E+12,-0.0328,-0.0249,0.0202,-0.014,-2
2011-11-25,2588.91,2585.14,2598.39,2563.65,2569.97,2391376600,27509358470,4.79E+12,-0.014,-0.0328,-0.0249,-0.0049,-1
2011-12-2,2583.61,2570.56,2575.69,2543.53,2557.31,3218370300,33168419336,4.77E+12,-0.0049,-0.014,-0.0328,-0.0211,-2
2011-12-9,2525,2506.62,2525.16,2496.97,2503.46,2402905900,25477241953,4.66E+12,-0.0211,-0.0049,-0.014,-0.0453,-2
2011-12-16,2340.79,2339.98,2390.38,2332.14,2390.13,3630233900,33652058785,4.45E+12,-0.0453,-0.0211,-0.0049,-0.013,-2
2011-12-23,2341.34,2337.38,2382.71,2331.96,2359.16,3316190400,29910296920,4.40E+12,-0.013,-0.0453,-0.0211,-0.0057,-1
2011-12-30,2311.36,2318.67,2349.03,2318.67,2345.74,3586524300,32362650284,4.37E+12,-0.0057,-0.013,-0.0453,-0.0235,-2
2012-1-6,2276.39,2274.35,2291.89,2254.57,2290.6,3519899200,31079362325,4.41E+12,-0.0235,-0.0057,-0.013,0.0453,2
2012-1-13,2435.22,2438.41,2445.79,2374.55,2394.33,4551399700,47228338588,4.61E+12,0.0453,-0.0235,-0.0057,0.0458,2
2012-1-20,2468.35,2476.73,2510.34,2462.59,2504.09,5452978300,57474475709,4.82E+12,0.0458,0.0453,-0.0235,8.00E-04,1
2012-2-3,2486.24,2478.34,2514.64,2470.28,2506.09,4994924000,51507545973,4.83E+12,8.00E-04,0.0458,0.0453,0.011,2
2012-2-10,2529.23,2521.68,2560.03,2521.16,2533.62,6157587700,60029482361,4.88E+12,0.011,8.00E-04,0.0458,0.0014,1
2012-2-17,2536.07,2551.82,2558.34,2522.86,2537.09,3899471600,40458003413,4.89E+12,0.0014,0.011,8.00E-04,0.0437,2
2012-2-24,2606.26,2607.34,2648.02,2602.78,2648.02,8599970800,88058616716,5.10E+12,0.0437,0.0014,0.011,0.0121,2
2012-3-2,2633.34,2637.96,2679.93,2637.96,2679.93,6412203400,66981591368,5.17E+12,0.0121,0.0437,0.0014,-0.0058,-1
2012-3-9,2635.79,2644.1,2664.41,2631.41,2664.3,5525892100,65963441747,5.14E+12,-0.0058,0.0121,0.0437,-0.0153,-2
2012-3-16,2585.55,2591.8,2624.32,2577.24,2623.52,5809125900,67451822278,5.07E+12,-0.0153,-0.0058,0.0121,-0.0269,-2
2012-3-23,2583.75,2575.33,2578.82,2544.53,2552.94,4332925600,47812442986,4.93E+12,-0.0269,-0.0153,-0.0058,-0.0384,-2
2012-3-30,2443.12,2447.94,2461.98,2438.49,2454.9,3702708600,39139734882,4.74E+12,-0.0384,-0.0269,-0.0153,0.0264,2
2012-4-6,2512.83,2509.45,2525.53,2502.7,2519.83,4236857600,47207795088,4.87E+12,0.0264,-0.0384,-0.0269,0.0241,2
2012-4-13,2570.44,2575.05,2593.79,2570.03,2580.45,5309264300,61892977442,4.99E+12,0.0241,0.0264,-0.0384,0.018,2
2012-4-20,2596.06,2591.51,2627.38,2589.35,2626.84,6144637900,63829908072,5.08E+12,0.018,0.0241,0.0264,-3.00E-04,-1
2012-4-27,2631.49,2630.55,2637.92,2623.6,2626.16,4823358600,53345515969,5.07E+12,-3.00E-04,0.018,0.0241,0.0342,2
2012-5-4,2691.52,2689.62,2716.03,2677.14,2715.88,6321808600,73699551125,5.25E+12,0.0342,-3.00E-04,0.018,-0.0291,-2
2012-5-11,2657.21,2652.31,2666.57,2636.52,2636.92,4100614300,49392898299,5.09E+12,-0.0291,0.0342,-3.00E-04,-0.0239,-2
2012-5-18,2613.94,2595.55,2603.19,2567.3,2573.98,4342212400,46907511775,4.97E+12,-0.0239,-0.0291,0.0342,-3.00E-04,-1
2012-5-25,2595.26,2595.26,2602.17,2565.65,2573.1,3927300400,41420081778,4.97E+12,-3.00E-04,-0.0239,-0.0291,0.0233,2
2012-6-1,2632.04,2633.6,2653.86,2623.29,2633,4419105600,53843404285,5.09E+12,0.0233,-3.00E-04,-0.0239,-0.0413,-2
2012-6-8,2542.18,2558.84,2559.13,2520.41,2524.33,4385642600,47638005888,4.88E+12,-0.0413,0.0233,-3.00E-04,0.0173,2
2012-6-15,2560.42,2565.19,2580.17,2538.57,2568.05,4278607800,48868302897,4.96E+12,0.0173,-0.0413,0.0233,-0.0218,-2
2012-6-21,2552.61,2547.05,2547.05,2502.42,2512.18,3539673200,38607959039,4.85E+12,-0.0218,0.0173,-0.0413,-0.0201,-2
2012-6-29,2425.73,2418.86,2462.82,2417.49,2461.61,3799494100,40976538386,4.76E+12,-0.0201,-0.0218,0.0173,0.0045,1
2012-7-6,2430.37,2435.06,2477.23,2420.36,2472.61,4961060500,56601778899,4.95E+12,0.0045,-0.0201,-0.0218,-0.0089,-1
2012-7-13,2449.18,2441.01,2467.99,2438.98,2450.63,3672525600,42013581196,4.90E+12,-0.0089,0.0045,-0.0201,-0.0213,-2
2012-7-20,2424.32,2415.71,2423.8,2392.18,2398.45,3761975400,36683623955,4.80E+12,-0.0213,-0.0089,0.0045,-0.0206,-2
2012-7-27,2347.49,2353.94,2364.98,2341.29,2349.11,3109052500,33048182067,4.70E+12,-0.0206,-0.0213,-0.0089,0.002,1
2012-8-3,2334.88,2340.25,2354.16,2329.93,2353.74,2976978500,31106947335,4.71E+12,0.002,-0.0206,-0.0213,0.0195,2
2012-8-10,2411.7,2409.94,2413.42,2395.91,2399.75,3470299500,40699222527,4.80E+12,0.0195,0.002,-0.0206,-0.036,-2
2012-8-17,2319.67,2318.43,2322.89,2295.16,2313.48,2606571700,28629966797,4.63E+12,-0.036,0.0195,0.002,-0.0163,-2
2012-8-24,2302.2,2295.68,2299.3,2274.57,2275.68,3186959100,32986336544,4.56E+12,-0.0163,-0.036,0.0195,-0.0311,-2
2012-8-31,2211.37,2205.57,2218.87,2203.12,2204.87,2596498600,23340891008,4.42E+12,-0.0311,-0.0163,-0.036,0.0509,2
2012-9-7,2217.82,2233.91,2341.52,2233.91,2317.18,9452976400,84302249171,4.64E+12,0.0509,-0.0311,-0.0163,-7.00E-04,-1
2012-9-14,2298.46,2324.01,2332.42,2298.83,2315.54,6157181400,55438612876,4.64E+12,-7.00E-04,0.0509,-0.0311,-0.0503,-2
2012-9-21,2195.95,2190.33,2217.47,2186.53,2199.06,3812059300,34043368088,4.41E+12,-0.0503,-7.00E-04,0.0509,0.0428,2
2012-9-28,2251.72,2235.06,2297.03,2234.32,2293.11,5787582500,54431465854,4.59E+12,0.0428,-0.0503,-7.00E-04,0.005,1
2012-10-12,2302.53,2311.28,2332.15,2287.01,2304.53,3687414500,33205903773,4.62E+12,0.005,0.0428,-0.0503,0.0121,2
2012-10-19,2336.08,2335.11,2342.53,2328.73,2332.47,3592773200,33173031578,4.67E+12,0.0121,0.005,0.0428,-0.0363,-2
2012-10-26,2291.24,2291.31,2293.18,2237.06,2247.91,4090051900,34530067051,4.50E+12,-0.0363,0.0121,0.005,0.0262,2
2012-11-2,2297.88,2297.9,2309.67,2284.72,2306.77,3983328800,34893875754,4.62E+12,0.0262,-0.0363,0.0121,-0.0285,-2
2012-11-9,2245.41,2241.76,2252.2,2235.23,2240.92,3050696800,24374277793,4.49E+12,-0.0285,0.0262,-0.0363,-0.0284,-2
2012-11-16,2193.62,2189.51,2191.61,2162.98,2177.24,3024778600,26118247405,4.36E+12,-0.0284,-0.0285,0.0262,0.0071,1
2012-11-23,2177.55,2184.41,2202.47,2179.73,2192.68,2866749300,26307630050,4.39E+12,0.0071,-0.0284,-0.0285,-0.0242,-2
2012-11-30,2115.68,2114.24,2142.86,2109.96,2139.66,3640691100,28552066162,4.28E+12,-0.0242,0.0071,-0.0284,0.0501,2
2012-12-7,2203.6,2203.89,2250.53,2198.11,2246.76,7616974800,64996499283,4.50E+12,0.0501,-0.0242,0.0071,0.0486,2
2012-12-14,2242.64,2245.64,2357.11,2245.64,2355.86,11089256200,93934741143,4.72E+12,0.0486,0.0501,-0.0242,0.0068,1
2012-12-21,2384.82,2386.38,2414.22,2365.03,2372,6871415800,66887708129,4.75E+12,0.0068,0.0486,0.0501,0.0456,2
2012-12-28,2444.59,2448.08,2481.59,2444.38,2480.05,6716632100,66053288179,4.97E+12,0.0456,0.0068,0.0486,0.0179,2
2013-1-4,2522.95,2551.81,2558.53,2498.89,2524.41,9798818200,95579245007,5.18E+12,0.0179,0.0456,0.0068,-0.0163,-2
2013-1-11,2530.57,2533.49,2539.79,2473.7,2483.23,7423917600,72775921987,5.10E+12,-0.0163,0.0179,0.0456,0.0452,2
2013-1-18,2552.76,2568.69,2607.45,2553.45,2595.44,7794030300,77435163470,5.32E+12,0.0452,-0.0163,0.0179,-0.0092,-1
2013-1-25,2582.76,2580.88,2591.51,2567.11,2571.67,5848735900,60689373994,5.27E+12,-0.0092,0.0452,-0.0163,0.0667,2
2013-2-1,2686.88,2677.19,2744.32,2671.27,2743.32,10387951500,1.11E+11,5.63E+12,0.0667,-0.0092,0.0452,0.0104,2
2013-2-8,2759.87,2755.65,2791.3,2747.95,2771.72,7742964400,82903631783,5.69E+12,0.0104,0.0667,-0.0092,-0.0632,-2
2013-2-22,2610.55,2607.65,2618.48,2591.15,2596.6,6020485200,65899100176,5.33E+12,-0.0632,0.0104,0.0667,0.0278,2
2013-3-1,2673.33,2671.84,2680.85,2626.99,2668.84,7334375300,80342747703,5.48E+12,0.0278,-0.0632,0.0104,-0.0232,-2
2013-3-8,2619.48,2622.68,2632.62,2601.96,2606.93,5942955700,63054592405,5.35E+12,-0.0232,0.0278,-0.0632,-0.0257,-2
2013-3-15,2534.27,2533.72,2600.09,2504.46,2539.87,8137218500,82749877355,5.21E+12,-0.0257,-0.0232,0.0278,0.0309,2
2013-3-22,2614.99,2612.26,2625.53,2603.34,2618.31,5564714100,55882142445,5.38E+12,0.0309,-0.0257,-0.0232,-0.0471,-2
2013-3-29,2499.3,2502.78,2509.11,2482.49,2495.08,5240213700,52055540480,5.12E+12,-0.0471,0.0309,-0.0257,-0.0046,-1
2013-4-3,2486.39,2493.88,2507.14,2474.93,2483.55,4556422100,45156719409,5.10E+12,-0.0046,-0.0471,0.0309,-0.0086,-1
2013-4-12,2477.88,2476.32,2489.12,2460.18,2462.11,3991727800,40428047827,5.05E+12,-0.0086,-0.0046,-0.0471,0.0291,2
2013-4-19,2464.85,2469.95,2542.45,2469.32,2533.83,7552087600,76723675264,5.20E+12,0.0291,-0.0086,-0.0046,-0.0341,-2
2013-4-26,2467.88,2477.72,2488.59,2439.8,2447.31,4712337800,46351986661,5.03E+12,-0.0341,0.0291,-0.0086,0.0186,2
2013-5-3,2449.64,2457.54,2521.12,2457.54,2492.91,6233009100,63267042656,5.12E+12,0.0186,-0.0341,0.0291,0.0192,2
2013-5-10,2527.79,2519.52,2546.97,2515.16,2540.84,4881672800,50896689221,5.22E+12,0.0192,0.0186,-0.0341,0.0202,2
2013-5-17,2552.71,2550.45,2598.71,2547.78,2592.05,8185080100,83599367908,5.33E+12,0.0202,0.0192,0.0186,0.002,1
2013-5-24,2582.85,2591.42,2608.35,2572.88,2597.23,6073966900,62831235051,5.33E+12,0.002,0.0202,0.0192,0.0035,1
2013-5-31,2634.32,2638.71,2645.57,2604.75,2606.43,6252853300,65904433688,5.35E+12,0.0035,0.002,0.0202,-0.0469,-2
2013-6-7,2527.84,2526.91,2538.89,2475.69,2484.16,6103089400,61366173745,5.10E+12,-0.0469,0.0035,0.002,-0.0271,-2
2013-6-14,2399.94,2404.42,2420.36,2396.49,2416.77,5596453400,53686779328,4.97E+12,-0.0271,-0.0469,0.0035,-0.0411,-2
2013-6-21,2321.47,2283.15,2332.84,2269.57,2317.39,5870579800,53486132980,4.76E+12,-0.0411,-0.0271,-0.0469,-0.0504,-2
2013-6-28,2160.74,2149.03,2227.46,2139.37,2200.64,7945132700,64106048718,4.52E+12,-0.0504,-0.0411,-0.0271,0.0119,2
2013-7-5,2221.98,2227.35,2252.03,2225.05,2226.85,6182177500,58424400611,4.68E+12,0.0119,-0.0504,-0.0411,0.0218,2
2013-7-12,2326.69,2319.02,2331.99,2274.07,2275.37,8973308200,82064555657,4.79E+12,0.0218,0.0119,-0.0504,-0.0373,-2
2013-7-19,2245.33,2248.13,2257.92,2188.75,2190.48,7053528200,66179072656,4.61E+12,-0.0373,0.0218,0.0119,0.0153,2
2013-7-26,2237.68,2226.43,2238.42,2209.81,2224.01,4894109800,45636069902,4.68E+12,0.0153,-0.0373,0.0218,0.0105,2
2013-8-2,2245.36,2263.49,2274.71,2244.25,2247.26,6089089300,58459999450,4.73E+12,0.0105,0.0153,-0.0373,0.0172,2
2013-8-9,2276.78,2288.51,2301.59,2258.33,2286.01,6460001700,62663979060,4.81E+12,0.0172,0.0105,0.0153,0.0079,1
2013-8-16,2321.58,2314.26,2423.08,2295.02,2304.14,12036956300,1.04E+11,4.85E+12,0.0079,0.0172,0.0105,-0.0075,-1
2013-8-23,2303.93,2314.87,2321.04,2251.92,2286.93,6896713300,65459845296,4.81E+12,-0.0075,0.0079,0.0172,0.0118,2
2013-8-30,2318.31,2315.91,2334.41,2303.61,2313.91,8765451500,76695994654,4.87E+12,0.0118,-0.0075,0.0079,0.019,2
2013-9-6,2341.74,2336.77,2361.18,2335.93,2357.78,7334011600,63916893626,4.99E+12,0.019,0.0118,-0.0075,0.0556,2
2013-9-13,2507.45,2502.54,2515.78,2481.45,2488.9,11077504900,98275004927,5.26E+12,0.0556,0.019,0.0118,-0.0227,-2
2013-9-18,2427.32,2426.04,2439.63,2407.24,2432.51,7104075900,69341324599,5.14E+12,-0.0227,0.0556,0.019,-0.0154,-2
2013-9-27,2384.44,2382.22,2402.2,2379.86,2394.97,6597150800,66383990191,5.06E+12,-0.0154,-0.0227,0.0556,0.0059,1
2013-9-30,2394.97,2406.2,2415.07,2397.22,2409.04,5951399200,60990141884,5.09E+12,0.0059,-0.0154,-0.0227,0.0247,2
2013-10-11,2429.32,2442.36,2471.16,2439.63,2468.51,9338826100,91811541654,5.22E+12,0.0247,0.0059,-0.0154,-0.0172,-2
2013-10-18,2413.33,2415.12,2435.71,2410.6,2426.05,6029163000,59138754367,5.13E+12,-0.0172,0.0247,0.0059,-0.0237,-2
2013-10-25,2400.51,2400.52,2413.33,2353.99,2368.56,7707018200,70778094834,5.02E+12,-0.0237,-0.0172,0.0247,0.0069,1
2013-11-1,2373.72,2373.96,2395.01,2365.15,2384.96,6305576200,57820026665,5.06E+12,0.0069,-0.0237,-0.0172,-0.0323,-2
2013-11-8,2340.55,2329.08,2342.67,2306.04,2307.95,5378850800,48564999878,4.89E+12,-0.0323,0.0069,-0.0237,0.0185,2
2013-11-15,2304.5,2306.55,2377.21,2306.55,2350.73,8639177100,83147858433,4.98E+12,0.0185,-0.0323,0.0069,0.0201,2
2013-11-22,2409.99,2415.29,2419,2393.58,2397.96,7500067500,70052206585,5.08E+12,0.0201,0.0185,-0.0323,0.0171,2
2013-11-29,2439.53,2442.68,2446.39,2432.39,2438.94,6180374600,61907374173,5.17E+12,0.0171,0.0201,0.0185,0.0055,1
2013-12-6,2468.2,2463.04,2470.81,2445.62,2452.29,6611408900,64843207895,5.20E+12,0.0055,0.0171,0.0201,-0.0186,-2
2013-12-13,2410.01,2388.66,2416.26,2386.25,2406.64,5150119600,47583527668,5.10E+12,-0.0186,0.0055,0.0171,-0.0534,-2
2013-12-20,2332.41,2335.05,2338.88,2278.1,2278.14,6520420700,60862129503,5.08E+12,-0.0534,-0.0186,0.0055,0.0111,2
2013-12-27,2265.33,2268.53,2315.18,2264.39,2303.48,5338915700,51197946376,5.13E+12,0.0111,-0.0534,-0.0186,-0.0055,-1
2014-1-3,2321.98,2311.97,2314.84,2280.89,2290.78,5978264500,57739709924,5.11E+12,-0.0055,0.0111,-0.0534,-0.0375,-2
2014-1-10,2222.22,2216.52,2224.49,2200.22,2204.85,5416929300,47572309533,4.92E+12,-0.0375,-0.0055,0.0111,-0.012,-2
2014-1-17,2211.84,2203.82,2205.97,2175.88,2178.49,5027315500,46268159163,4.86E+12,-0.012,-0.0375,-0.0055,0.0308,2
2014-1-24,2231.89,2225.76,2257.36,2222.89,2245.68,6116767000,59563444873,5.01E+12,0.0308,-0.012,-0.0375,-0.0192,-2
2014-1-30,2227.78,2223.16,2223.16,2200.22,2202.45,4363230400,43475960839,4.92E+12,-0.0192,0.0308,-0.012,0.0046,1
2014-2-7,2202.45,2187.34,2212.5,2177.12,2212.48,5045931500,49597106433,4.94E+12,0.0046,-0.0192,0.0308,0.0376,2
2014-2-14,2279.55,2278.4,2295.85,2274.43,2295.57,6708299700,64613327719,5.13E+12,0.0376,0.0046,-0.0192,-0.0136,-2
2014-2-21,2287.44,2284.03,2287.87,2250.65,2264.29,7636899300,69908188663,5.06E+12,-0.0136,0.0376,0.0046,-0.0377,-2
2014-2-28,2154.11,2149.45,2180.47,2133.55,2178.97,7666805700,70216798972,4.87E+12,-0.0377,-0.0136,0.0376,-0.0049,-1
2014-3-7,2173.63,2170.04,2189.39,2161.44,2168.36,6426517700,58693177974,4.84E+12,-0.0049,-0.0377,-0.0136,-0.021,-2
2014-3-14,2140.33,2129.87,2140.38,2109.57,2122.84,5861773700,49805247510,4.74E+12,-0.021,-0.0049,-0.0377,0.0169,2
2014-3-21,2086.97,2079.87,2163.22,2077.76,2158.8,10402480700,83560511769,4.82E+12,0.0169,-0.021,-0.0049,-0.0032,-1
2014-3-28,2155.71,2154.51,2172.67,2144.58,2151.97,7008607300,60123341093,4.81E+12,-0.0032,0.0169,-0.021,0.0156,2
2014-4-4,2165.01,2157.98,2186.15,2155.28,2185.47,4794588800,43912624261,4.88E+12,0.0156,-0.0032,0.0169,0.039,2
2014-4-11,2273.76,2269.57,2281.11,2261.13,2270.67,9061589700,86154853765,5.07E+12,0.039,0.0156,-0.0032,-0.0203,-2
2014-4-18,2224.8,2215.88,2228.77,2203.05,2224.48,5075799500,45709617096,4.97E+12,-0.0203,0.039,0.0156,-0.0255,-2
2014-4-25,2190.47,2195.82,2201.71,2167.64,2167.83,6024538300,52092022381,4.85E+12,-0.0255,-0.0203,0.039,-0.0042,-1
2014-4-30,2158.47,2158.76,2164.18,2153.12,2158.66,4533462400,39493022295,4.82E+12,-0.0042,-0.0255,-0.0203,-0.0115,-2
2014-5-9,2135.5,2138.84,2141.56,2120.59,2133.91,4918113500,40242745273,4.77E+12,-0.0115,-0.0042,-0.0255,0.0056,1
2014-5-16,2144.08,2143.93,2150.5,2132.19,2145.95,4225319700,34987586802,4.79E+12,0.0056,-0.0115,-0.0042,0.0011,1
2014-5-23,2130.87,2130.78,2148.58,2128.66,2148.41,3762310500,32420020159,4.80E+12,0.0011,0.0056,-0.0115,0.0037,1
2014-5-30,2155.16,2156.38,2166.91,2146.22,2156.46,4392386300,39769199791,4.82E+12,0.0037,0.0011,0.0056,-0.0101,-2
2014-6-6,2150.6,2149.21,2149.78,2123.98,2134.72,3573805800,32415599488,4.77E+12,-0.0101,0.0037,0.0011,0.0195,2
2014-6-13,2153.41,2150.99,2183.64,2150.57,2176.24,5925287600,51765511450,4.86E+12,0.0195,-0.0101,0.0037,-0.0182,-2
2014-6-20,2126.91,2124.96,2137.03,2120.81,2136.73,4239371900,35425712925,4.93E+12,-0.0182,0.0195,-0.0101,0.0063,1
2014-6-27,2149.08,2146.37,2159.53,2138.93,2150.26,5272289600,45525673947,4.96E+12,0.0063,-0.0182,0.0195,0.0132,2
2014-7-4,2180.19,2180.45,2183.8,2174.07,2178.7,5285110600,47990033413,5.03E+12,0.0132,0.0063,-0.0182,-0.0141,-2
2014-7-11,2142.85,2136.32,2154.74,2134.8,2148.01,6137427400,51551825645,4.96E+12,-0.0141,0.0132,0.0063,0.0075,1
2014-7-18,2157.07,2147.66,2176.32,2145.45,2164.14,6547329500,53758919136,5.00E+12,0.0075,-0.0141,0.0132,0.0445,2
2014-7-25,2237.01,2243.07,2260.89,2239.07,2260.45,9897283800,81994560081,5.22E+12,0.0445,0.0075,-0.0141,0.0305,2
2014-8-1,2350.25,2341.23,2371.5,2328.97,2329.4,12631739000,1.06E+11,5.38E+12,0.0305,0.0445,0.0075,7.00E-04,1
2014-8-8,2327.46,2329.18,2339.27,2319.29,2331.13,8673969400,72605666133,5.38E+12,7.00E-04,0.0305,0.0445,0.0127,2
2014-8-15,2335.95,2337.99,2366.9,2333.12,2360.64,9359254600,81888217001,5.45E+12,0.0127,7.00E-04,0.0305,0.002,1
2014-8-22,2354.24,2352.32,2368.46,2350.99,2365.36,8982393800,85642463757,5.46E+12,0.002,0.0127,7.00E-04,-0.0114,-2
2014-8-29,2311.28,2317.3,2338.77,2313.26,2338.29,6321142300,58359967752,5.40E+12,-0.0114,0.002,0.0127,0.0475,2
2014-9-5,2426.22,2433.17,2450.63,2427.99,2449.26,13355176400,1.23E+11,5.65E+12,0.0475,-0.0114,0.002,-0.0045,-1
2014-9-12,2423.45,2418.75,2438.36,2412.62,2438.36,10916017000,96625765409,5.63E+12,-0.0045,0.0475,-0.0114,-0.0054,-1
2014-9-19,2408.66,2409.31,2430.15,2402.31,2425.21,10181357700,88221038707,5.60E+12,-0.0054,-0.0045,0.0475,0.0049,1
2014-9-26,2436.97,2430.81,2439.65,2420.5,2437.2,10029949400,87757377938,5.63E+12,0.0049,-0.0054,-0.0045,0.0057,1
2014-9-30,2447.8,2452.17,2454.89,2444.2,2450.99,11580422900,1.02E+11,5.66E+12,0.0057,0.0049,-0.0054,0.0064,1
2014-10-10,2481.95,2472.1,2482.14,2457.68,2466.79,14763430700,1.22E+11,5.70E+12,0.0064,0.0057,0.0049,-0.0102,-2
2014-10-17,2444.39,2443.22,2456.11,2410.4,2441.73,13275998800,1.13E+11,5.64E+12,-0.0102,0.0064,0.0057,-0.0209,-2
2014-10-24,2395.94,2397.85,2404.99,2385.72,2390.71,7497486900,65601225156,5.52E+12,-0.0209,-0.0102,0.0064,0.0492,2
2014-10-31,2468.93,2473.5,2512.19,2466.5,2508.32,23917241200,1.82E+11,5.79E+12,0.0492,-0.0209,-0.0102,-0.0025,-1
2014-11-7,2506.07,2508.76,2541.55,2489.42,2502.15,20876091100,1.77E+11,5.78E+12,-0.0025,0.0492,-0.0209,0.0315,2
2014-11-14,2579.75,2569.21,2581.93,2557.67,2581.09,16504996500,1.45E+11,5.96E+12,0.0315,-0.0025,0.0492,9.00E-04,1
2014-11-21,2537.1,2537.54,2585.36,2530.03,2583.45,15102813900,1.44E+11,5.97E+12,9.00E-04,0.0315,-0.0025,0.0872,2
2014-11-28,2754.49,2753.93,2809.54,2740.37,2808.82,37532366200,3.30E+11,6.49E+12,0.0872,9.00E-04,0.0315,0.1125,2
2014-12-5,3104.35,3143.97,3195.8,3011.94,3124.89,52488126000,5.54E+11,7.22E+12,0.1125,0.0872,9.00E-04,0.0219,2
2014-12-12,3183.01,3182.92,3239.45,3167.93,3193.23,30106532500,3.38E+11,7.38E+12,0.0219,0.1125,0.0872,0.0595,2
2014-12-19,3345.93,3345.63,3397.18,3280.92,3383.17,41121159000,4.36E+11,8.05E+12,0.0595,0.0219,0.1125,0.0185,2
2014-12-26,3335.42,3343.64,3453.34,3335.01,3445.84,38461412400,4.39E+11,8.20E+12,0.0185,0.0595,0.0219,0.0255,2
2014-12-31,3457.55,3462.39,3542.34,3452.5,3533.7,34593476000,4.04E+11,8.42E+12,0.0255,0.0185,0.0595,0.0037,1
2015-1-9,3559.26,3547.57,3689.75,3536.39,3546.72,34998267200,4.30E+11,8.49E+12,0.0037,0.0255,0.0185,0.0249,2
2015-1-16,3604.12,3616.25,3662.16,3601.26,3635.15,28268161400,3.56E+11,8.70E+12,0.0249,0.0037,0.0255,-0.0174,-2
2015-1-23,3567.61,3582.09,3627.81,3548.63,3571.73,28017217200,3.62E+11,8.55E+12,-0.0174,0.0249,0.0037,-0.0385,-2
2015-1-30,3481.8,3496.89,3514.22,3431.94,3434.39,19647915700,2.37E+11,8.24E+12,-0.0385,-0.0174,0.0249,-0.0355,-2
2015-2-6,3366.95,3352.33,3374.05,3285.93,3312.42,19266418600,2.21E+11,7.94E+12,-0.0355,-0.0385,-0.0174,0.0475,2
2015-2-13,3442.87,3458.83,3509.51,3452.08,3469.83,20108997100,2.47E+11,8.32E+12,0.0475,-0.0355,-0.0385,0.0151,2
2015-2-17,3499.48,3511.54,3536.82,3511.09,3522.32,16532831300,2.14E+11,8.45E+12,0.0151,0.0475,-0.0355,0.0143,2
2015-2-27,3566.3,3565.23,3594.81,3560.45,3572.84,22278643800,2.72E+11,8.58E+12,0.0143,0.0151,0.0475,-0.0264,-2
2015-3-6,3496.34,3501.18,3516.24,3472.39,3478.52,18151805400,2.33E+11,8.35E+12,-0.0264,0.0143,0.0151,0.04,2
2015-3-13,3592.84,3604.67,3641.39,3594.74,3617.66,24686476800,2.97E+11,8.72E+12,0.04,-0.0264,0.0143,0.076,2
2015-3-20,3839.74,3852.49,3916.86,3832.42,3892.57,40181755200,5.44E+11,9.39E+12,0.076,0.04,-0.0264,0.0203,2
2015-3-27,3950,3957.54,3993.03,3932.87,3971.7,29875606400,3.93E+11,9.57E+12,0.0203,0.076,0.04,0.0501,2
2015-4-3,4124.78,4104.67,4170.56,4092.38,4170.54,32130376600,4.67E+11,1.00E+13,0.0501,0.0203,0.076,0.0417,2
2015-4-10,4262.14,4249.38,4351.69,4231.2,4344.42,34819017000,5.09E+11,1.05E+13,0.0417,0.0501,0.0203,0.0579,2
2015-4-17,4513.55,4578.68,4630.27,4553.9,4596.14,55280266300,7.34E+11,1.11E+13,0.0579,0.0417,0.0501,0.0232,2
2015-4-24,4740.89,4682.63,4730.43,4618.32,4702.64,48015293600,7.21E+11,1.13E+13,0.0232,0.0579,0.0417,0.01,1
2015-4-30,4774.33,4788.41,4818.73,4749.48,4749.89,39972744400,6.13E+11,1.14E+13,0.01,0.0232,0.0579,-0.0403,-2
2015-5-8,4470.09,4515.55,4559.06,4445.59,4558.4,30240796700,4.52E+11,1.10E+13,-0.0403,0.01,0.0232,0.013,2
2015-5-15,4700.78,4690.76,4690.76,4592.05,4617.47,32843116600,5.07E+11,1.11E+13,0.013,-0.0403,0.01,0.0723,2
2015-5-22,4840.98,4895.93,4951.99,4870.6,4951.34,45584671800,7.19E+11,1.20E+13,0.0723,0.013,-0.0403,-0.0223,-2
2015-5-29,4834.01,4839.53,4924.3,4665.52,4840.83,42787885900,6.36E+11,1.17E+13,-0.0223,0.0723,0.013,0.0805,2
2015-6-5,5181.42,5254.9,5288.34,5104.18,5230.55,54596119600,8.55E+11,1.27E+13,0.0805,-0.0223,0.0723,0.02,2
2015-6-12,5306.59,5329.28,5351.65,5283.09,5335.11,43013138600,6.94E+11,1.29E+13,0.02,0.0805,-0.0223,-0.1308,-2
2015-6-19,4930.55,4847.06,4910.45,4634.69,4637.05,35810474400,5.20E+11,1.19E+13,-0.1308,0.02,0.0805,-0.0649,-2
2015-6-26,4706.52,4573.87,4650.19,4278.68,4336.19,44663979000,6.13E+11,1.12E+13,-0.0649,-0.1308,0.02,-0.1038,-2
2015-7-3,4108,4017.2,4164.63,3785.9,3885.92,42930085000,5.38E+11,1.01E+13,-0.1038,-0.0649,-0.1308,0.0568,2
2015-7-10,3897.63,3916.27,4179.11,3887.55,4106.56,50070180200,6.29E+11,1.06E+13,0.0568,-0.1038,-0.0649,0.0109,2
2015-7-17,3997.36,4023.76,4190.19,4000.23,4151.5,33110713100,4.36E+11,1.07E+13,0.0109,0.0568,-0.1038,0.006,1
2015-7-24,4250.81,4255.2,4299.65,4154.62,4176.28,39204537300,5.36E+11,1.08E+13,0.006,0.0109,0.0568,-0.0861,-2
2015-7-31,3815.41,3777.16,3863.62,3757.99,3816.7,22237676700,2.99E+11,9.89E+12,-0.0861,0.006,0.0109,0.0236,2
2015-8-7,3831.85,3866.43,3926.65,3857.91,3906.95,18334915300,2.47E+11,1.01E+13,0.0236,-0.0861,0.006,0.0426,2
2015-8-14,4075.46,4097.92,4113.16,4056.73,4073.54,25339299600,3.40E+11,1.06E+13,0.0426,0.0236,-0.0861,-0.1188,-2
2015-8-21,3761.45,3714.29,3757.78,3578.17,3589.54,21798640300,2.67E+11,9.30E+12,-0.1188,0.0426,0.0236,-0.0689,-2
2015-8-28,3205.64,3246.24,3353.24,3223.62,3342.29,29949842600,3.19E+11,8.67E+12,-0.0689,-0.1188,0.0426,0.007,1
2015-9-2,3362.08,3220.85,3387.02,3213.64,3365.83,34778941200,3.49E+11,8.73E+12,0.007,-0.0689,-0.1188,-0.0055,-1
2015-9-11,3357.56,3349.88,3383.13,3315.48,3347.19,10854750800,1.30E+11,8.68E+12,-0.0055,0.007,-0.0689,-0.0287,-2
2015-9-18,3237,3254.44,3280.88,3227.83,3251.27,10690348100,1.22E+11,8.43E+12,-0.0287,-0.0055,0.007,-0.0059,-1
2015-9-25,3285,3272.66,3290.86,3201.91,3231.95,12141927800,1.38E+11,8.38E+12,-0.0059,-0.0287,-0.0055,-0.009,-1
2015-9-30,3178.85,3195.9,3223.91,3186.77,3202.95,7855934900,95881598729,8.30E+12,-0.009,-0.0059,-0.0287,0.0428,2
2015-10-9,3296.48,3302.36,3352.38,3293.97,3340.12,12435250000,1.45E+11,8.66E+12,0.0428,-0.009,-0.0059,0.0581,2
2015-10-16,3486.82,3508.52,3537.54,3487.1,3534.07,20896470900,2.52E+11,9.16E+12,0.0581,0.0428,-0.009,0.0105,2
2015-10-23,3524.53,3536.84,3581.84,3515.82,3571.24,19829447800,2.47E+11,9.26E+12,0.0105,0.0581,0.0428,-0.0104,-2
2015-10-30,3533.31,3530.22,3574.47,3497.57,3534.08,13914191400,1.83E+11,9.16E+12,-0.0104,0.0105,0.0581,0.0734,2
2015-11-6,3705.97,3698.34,3801.7,3694.66,3793.37,29875307600,3.90E+11,9.83E+12,0.0734,-0.0104,0.0105,-0.0124,-2
2015-11-13,3795.32,3756.2,3793.71,3727.58,3746.24,20348989100,2.82E+11,9.71E+12,-0.0124,0.0734,-0.0104,0.0075,1
2015-11-20,3774.97,3778.88,3793.54,3757.03,3774.38,18695168900,2.42E+11,9.79E+12,0.0075,-0.0124,0.0734,-0.0576,-2
2015-11-27,3759.43,3739.1,3742.74,3534.39,3556.99,20893935800,2.70E+11,9.23E+12,-0.0576,0.0075,-0.0124,0.0339,2
2015-12-4,3749.3,3719.73,3726.12,3667.29,3677.59,15119952200,1.96E+11,9.54E+12,0.0339,-0.0576,0.0075,-0.0189,-2
2015-12-11,3623.08,3605.37,3630.74,3578.15,3608.06,11032248100,1.45E+11,9.37E+12,-0.0189,0.0339,-0.0576,0.0443,2
2015-12-18,3755.89,3754.96,3810.22,3750.93,3767.91,17346598000,2.32E+11,9.91E+12,0.0443,-0.0189,0.0339,0.0187,2
2015-12-25,3829.4,3832.08,3848.02,3813.2,3838.2,11962401300,1.63E+11,1.01E+13,0.0187,0.0443,-0.0189,-0.0279,-2
2015-12-31,3765.18,3760.9,3772.62,3727.32,3731,10187355600,1.45E+11,9.83E+12,-0.0279,0.0187,0.0443,-0.099,-2
2016-1-8,3294.38,3371.87,3418.85,3237.93,3361.56,18595945100,2.03E+11,8.86E+12,-0.099,-0.0279,0.0187,-0.0722,-2
2016-1-15,3221.57,3200.89,3216.8,3101.05,3118.73,12460177900,1.32E+11,8.22E+12,-0.0722,-0.099,-0.0279,-0.0017,-1
2016-1-22,3081.35,3114.89,3132.17,3053.96,3113.46,8995108700,96885673842,8.21E+12,-0.0017,-0.0722,-0.099,-0.0538,-2
2016-1-29,2853.76,2855.6,2965.31,2854.37,2946.09,11330425900,1.09E+11,7.77E+12,-0.0538,-0.0017,-0.0722,0.006,1
2016-2-5,2984.76,2982.06,2988.36,2962.85,2963.79,7685080800,77443222334,7.82E+12,0.006,-0.0538,-0.0017,0.0296,2
2016-2-19,3053.7,3047.94,3065.97,3032.63,3051.59,8733801200,90849341804,8.05E+12,0.0296,0.006,-0.0538,-0.0339,-2
2016-2-26,2918.75,2942.1,2964.39,2902.95,2948.03,10694972900,1.03E+11,7.78E+12,-0.0339,0.0296,0.006,0.0495,2
2016-3-4,3058.42,3047.54,3101.66,3032.42,3093.89,21917253400,2.06E+11,8.16E+12,0.0495,-0.0339,0.0296,-0.0244,-2
2016-3-11,3013.15,2990.21,3026.44,2982.17,3018.28,7333356400,74367296548,7.96E+12,-0.0244,0.0495,-0.0339,0.0509,2
2016-3-18,3124.2,3136.22,3197.67,3130.1,3171.96,19730256400,2.10E+11,8.37E+12,0.0509,-0.0244,0.0495,0.0082,1
2016-3-25,3181.85,3176.81,3204.44,3174.32,3197.82,9739533000,1.15E+11,8.44E+12,0.0082,0.0509,-0.0244,0.0075,1
2016-4-1,3218.09,3213.67,3222.61,3165.86,3221.89,11812213900,1.27E+11,8.51E+12,0.0075,0.0082,0.0509,-0.0112,-2
2016-4-8,3209.29,3189.85,3197.77,3163.3,3185.73,10100562500,1.14E+11,8.41E+12,-0.0112,0.0075,0.0082,0.0271,2
2016-4-15,3275.83,3279.86,3282.98,3261.73,3272.21,9980752900,1.08E+11,8.64E+12,0.0271,-0.0112,0.0075,-0.0297,-2
2016-4-22,3160.6,3142.56,3175.38,3137.99,3174.9,7707849200,82442921903,8.41E+12,-0.0297,0.0271,-0.0112,-0.0057,-1
2016-4-29,3160.58,3153.54,3171.29,3149.4,3156.75,5802977600,70807704222,8.36E+12,-0.0057,-0.0297,0.0271,-0.0084,-1
2016-5-6,3213.92,3213.14,3216.89,3130.15,3130.35,10868024000,1.19E+11,8.29E+12,-0.0084,-0.0057,-0.0297,-0.0177,-2
2016-5-13,3090.14,3081.68,3103.1,3064.69,3074.94,6262975500,65850995649,8.14E+12,-0.0177,-0.0084,-0.0057,0.0011,1
2016-5-20,3062.5,3047.78,3078.53,3041.52,3078.22,5608084200,65124251092,8.15E+12,0.0011,-0.0177,-0.0084,-0.0051,-1
2016-5-27,3064.21,3059.73,3073.76,3052.18,3062.5,6046875000,59371777079,8.11E+12,-0.0051,0.0011,-0.0177,0.0414,2
2016-6-3,3167.1,3172.95,3201.75,3162.09,3189.33,10149178300,1.36E+11,8.45E+12,0.0414,-0.0051,0.0011,-0.0079,-1
2016-6-8,3177.05,3171.81,3174.97,3148.35,3163.99,7629177500,97682790861,8.39E+12,-0.0079,0.0414,-0.0051,-0.0169,-2
2016-6-17,3094.67,3096.09,3131.05,3096.09,3110.36,8540298500,97953389320,8.41E+12,-0.0169,-0.0079,0.0414,-0.0107,-2
2016-6-24,3117.32,3110.65,3130.54,3033.97,3077.16,10479220800,1.19E+11,8.32E+12,-0.0107,-0.0169,-0.0079,0.025,2
2016-7-1,3153.92,3156.93,3170.26,3148.29,3154.2,7174628300,91215027688,8.52E+12,0.025,-0.0107,-0.0169,0.0121,2
2016-7-8,3209.95,3199.75,3204.93,3183.96,3192.28,8973485500,1.11E+11,8.63E+12,0.0121,0.025,-0.0107,0.0263,2
2016-7-15,3276.76,3278.84,3285.03,3265.29,3276.28,10266502600,1.25E+11,8.86E+12,0.0263,0.0121,0.025,-0.0156,-2
2016-7-22,3252.52,3251.24,3253.77,3220.89,3225.16,8602912800,1.07E+11,8.72E+12,-0.0156,0.0263,0.0121,-0.0066,-1
2016-7-29,3221.14,3217.19,3225.42,3198.68,3203.93,8804483700,1.04E+11,8.66E+12,-0.0066,-0.0156,0.0263,4.00E-04,1
2016-8-5,3201.29,3201.35,3224.87,3192.86,3205.11,7719636600,94429542391,8.66E+12,4.00E-04,-0.0066,-0.0156,0.0278,2
2016-8-12,3233.36,3231.81,3294.23,3231.14,3294.23,11625404400,1.29E+11,8.90E+12,0.0278,4.00E-04,-0.0066,0.0215,2
2016-8-19,3364.49,3358.55,3374.05,3341.19,3365.02,11996150800,1.35E+11,9.10E+12,0.0215,0.0278,4.00E-04,-0.0172,-2
2016-8-26,3308.97,3312.5,3328.95,3301.74,3307.09,8153069100,93213205560,8.94E+12,-0.0172,0.0215,0.0278,0.0021,1
2016-9-2,3301.58,3298.72,3320.43,3295.76,3314.11,8279180300,99396378584,8.96E+12,0.0021,-0.0172,0.0215,0.0012,1
2016-9-9,3339.56,3339.37,3344.95,3318.04,3318.04,8265703600,95471188732,8.97E+12,0.0012,0.0021,-0.0172,-0.0239,-2
2016-9-14,3260.33,3245.74,3254.99,3231.34,3238.73,7043269700,79780746436,8.76E+12,-0.0239,0.0012,0.0021,0.0114,2
2016-9-23,3291.12,3292.28,3293.92,3275.03,3275.67,5799398600,68046257250,8.86E+12,0.0114,-0.0239,0.0012,-0.0068,-1
2016-9-30,3244.39,3240.18,3260.94,3239.04,3253.28,4497802200,52655734553,8.80E+12,-0.0068,0.0114,-0.0239,0.0162,2
2016-10-14,3302.65,3298.73,3306.69,3285.73,3305.85,8231627100,81485597806,8.94E+12,0.0162,-0.0068,0.0114,0.0066,1
2016-10-21,3318.6,3315.72,3341.56,3309.18,3327.74,10978517600,1.07E+11,9.00E+12,0.0066,0.0162,-0.0068,0.0037,1
2016-10-28,3345.7,3347.14,3370.75,3337.29,3340.13,9313330900,1.05E+11,9.03E+12,0.0037,0.0066,0.0162,0.0042,1
2016-11-4,3365.09,3362.21,3377.64,3348.43,3354.17,10406965500,1.11E+11,9.07E+12,0.0042,0.0037,0.0066,0.0188,2
2016-11-11,3390.61,3387.95,3422.67,3382.89,3417.22,19878149600,1.91E+11,9.24E+12,0.0188,0.0042,0.0037,1.00E-04,1
2016-11-18,3436.53,3437.49,3443.12,3413.27,3417.46,11595120500,1.17E+11,9.24E+12,1.00E-04,0.0188,0.0042,0.0304,2
2016-11-25,3488.74,3490.04,3521.3,3463.95,3521.3,15362150600,1.67E+11,9.52E+12,0.0304,1.00E-04,0.0188,0.0022,1
2016-12-2,3565.04,3559.77,3562.55,3516.79,3528.95,19635548000,2.04E+11,9.54E+12,0.0022,0.0304,1.00E-04,-0.01,-2
2016-12-9,3470.14,3464.87,3507.93,3461.76,3493.7,15030330800,1.53E+11,9.45E+12,-0.01,0.0022,0.0304,-0.0423,-2
2016-12-16,3340.43,3335.36,3356.29,3330.49,3346.03,9077542200,98112206845,9.30E+12,-0.0423,-0.01,0.0022,-0.0115,-2
2016-12-23,3335.67,3333.4,3334.89,3300.88,3307.6,9744471300,99575473231,9.20E+12,-0.0115,-0.0423,-0.01,8.00E-04,1
2016-12-30,3297.76,3302.6,3313.55,3295.75,3310.08,7174411600,76921368838,9.21E+12,8.00E-04,-0.0115,-0.0423,0.0114,2
2017-1-6,3367.79,3366.85,3368.87,3346.89,3347.67,8745911400,91072256748,9.31E+12,0.0114,8.00E-04,-0.0115,-0.0083,-1
2017-1-13,3317.62,3317.96,3338.17,3309.37,3319.91,8418058900,84556101403,9.23E+12,-0.0083,0.0114,8.00E-04,0.0105,2
2017-1-20,3329.29,3326.98,3358.41,3326.37,3354.89,6530046200,70831324310,9.34E+12,0.0105,-0.0083,0.0114,0.0099,1
2017-1-26,3375.9,3378.26,3395.88,3378.26,3387.96,6531664700,66488818305,9.44E+12,0.0099,0.0105,-0.0083,-0.0069,-1
2017-2-3,3387.96,3390.93,3392.48,3362.57,3364.49,5518886100,57113853255,9.37E+12,-0.0069,0.0099,0.0105,0.0146,2
2017-2-10,3396.29,3398.32,3422.33,3398.03,3413.49,12376872000,1.22E+11,9.51E+12,0.0146,-0.0069,0.0099,0.0023,1
2017-2-17,3440.93,3443.62,3457.56,3419.61,3421.44,11460003600,1.18E+11,9.52E+12,0.0023,0.0146,-0.0069,0.0153,2
2017-2-24,3473.32,3468.96,3473.85,3455.25,3473.85,9553513300,99875164759,9.66E+12,0.0153,0.0023,0.0146,-0.0132,-2
2017-3-3,3435.1,3424.66,3428.88,3412.83,3427.86,8099465200,90009618835,9.56E+12,-0.0132,0.0153,0.0023,0,-1
2017-3-10,3426.94,3423.98,3436.24,3423.94,3427.89,7001619900,82161714923,9.56E+12,0,-0.0132,0.0153,0.0052,1
2017-3-17,3481.51,3485.31,3488.5,3441.47,3445.81,10375556000,1.22E+11,9.60E+12,0.0052,0,-0.0132,0.0127,2
2017-3-24,3461.98,3464.2,3499.32,3461.11,3489.6,12564583300,1.42E+11,9.72E+12,0.0127,0.0052,0,-0.0096,-1
2017-3-31,3436.76,3434.82,3456.31,3430.82,3456.05,9157749100,1.01E+11,9.63E+12,-0.0096,0.0127,0.0052,0.0178,2
2017-4-7,3514.05,3514.45,3526.82,3506.39,3517.46,14029320400,1.45E+11,9.80E+12,0.0178,-0.0096,0.0127,-0.0088,-1
2017-4-14,3514.57,3516.81,3517.47,3476.95,3486.5,13547407800,1.30E+11,9.70E+12,-0.0088,0.0178,-0.0096,-0.0057,-1
2017-4-21,3461.55,3461.39,3475.56,3449.54,3466.79,10441911000,1.15E+11,9.65E+12,-0.0057,-0.0088,0.0178,-0.0078,-1
2017-4-28,3446.72,3439.57,3439.9,3417.24,3439.75,10163235100,1.14E+11,9.57E+12,-0.0078,-0.0057,-0.0088,-0.0166,-2
2017-5-5,3404.39,3393.48,3395.45,3366.56,3382.55,10989533300,1.17E+11,9.41E+12,-0.0166,-0.0078,-0.0057,8.00E-04,1
2017-5-12,3356.65,3350.94,3387.27,3349.17,3385.38,9338646600,97522124594,9.42E+12,8.00E-04,-0.0166,-0.0078,0.0055,1
2017-5-19,3398.11,3395.23,3405.94,3392.38,3403.85,7147352500,78397081602,9.47E+12,0.0055,8.00E-04,-0.0166,0.0225,2
2017-5-26,3485.66,3479.62,3498.31,3473.04,3480.43,10324115300,1.13E+11,9.69E+12,0.0225,0.0055,8.00E-04,0.0017,1
2017-6-2,3497.74,3491.59,3498.12,3470.2,3486.51,8266801000,92850747181,9.70E+12,0.0017,0.0225,0.0055,0.0257,2
2017-6-9,3560.98,3561.24,3590.89,3560.63,3576.17,10118826500,1.22E+11,9.96E+12,0.0257,0.0017,0.0225,-0.0161,-2
2017-6-16,3528.79,3522.97,3536.14,3514.39,3518.76,7645270700,91462286377,9.99E+12,-0.0161,0.0257,0.0017,0.0296,2
2017-6-23,3590.34,3583.44,3623.24,3569.32,3622.88,10512913400,1.34E+11,1.03E+13,0.0296,-0.0161,0.0257,0.0121,2
2017-6-30,3668.83,3654.73,3669.76,3646.23,3666.8,8151002800,1.02E+11,1.04E+13,0.0121,0.0296,-0.0161,-0.003,-1
2017-7-7,3660.1,3647.64,3657.11,3631.87,3655.93,10373549700,1.23E+11,1.04E+13,-0.003,0.0121,0.0296,0.0129,2
2017-7-14,3686.92,3682.62,3703.09,3672.74,3703.09,10551400500,1.21E+11,1.05E+13,0.0129,-0.003,0.0121,0.0069,1
2017-7-21,3747.88,3738.18,3751.69,3722.07,3728.6,11794122600,1.41E+11,1.06E+13,0.0069,0.0129,-0.003,-0.0018,-1
2017-7-28,3712.19,3703.49,3725.54,3696.78,3721.89,11141139200,1.26E+11,1.06E+13,-0.0018,0.0069,0.0129,-0.0038,-1
2017-8-4,3727.83,3724.72,3738.73,3707,3707.58,15747006000,1.68E+11,1.05E+13,-0.0038,-0.0018,0.0069,-0.0162,-2
2017-8-11,3715.92,3687.93,3700.49,3645.09,3647.35,15038742100,1.61E+11,1.04E+13,-0.0162,-0.0038,-0.0018,0.0212,2
2017-8-18,3721.28,3707.19,3733.49,3700.41,3724.67,9656170500,1.23E+11,1.06E+13,0.0212,-0.0162,-0.0038,0.0191,2
2017-8-25,3734.65,3736.29,3795.97,3736.29,3795.75,12994090000,1.51E+11,1.08E+13,0.0191,0.0212,-0.0162,0.0092,1
2017-9-1,3822.09,3825.34,3843.62,3818.16,3830.54,15864551100,1.83E+11,1.09E+13,0.0092,0.0191,0.0212,-0.0012,-1
2017-9-8,3829.87,3830.07,3843.02,3813.98,3825.99,10603650400,1.35E+11,1.09E+13,-0.0012,0.0092,0.0191,0.0014,1
2017-9-15,3829.96,3826.14,3843.3,3818.52,3831.3,12242700600,1.53E+11,1.09E+13,0.0014,-0.0012,0.0092,0.0017,1
2017-9-22,3837.82,3826.46,3842.25,3816.82,3837.73,10061980200,1.28E+11,1.09E+13,0.0017,0.0014,-0.0012,-3.00E-04,-1
2017-9-29,3822.54,3825.2,3852.22,3825.2,3836.5,9330602800,1.16E+11,1.09E+13,-3.00E-04,0.0017,0.0014,0.0119,2
2017-10-9,3836.5,3910.11,3918.84,3876.03,3882.21,13553585100,1.72E+11,1.10E+13,0.0119,-3.00E-04,0.0017,0.1,2
