date,open,cp
2006-1-4,926.56,941.43
2006-1-5,943.85,959.13
2006-1-6,961.91,970.03
2006-1-9,971.09,975.25
2006-1-10,975.28,978.15
2006-1-11,977.64,973.48
2006-1-12,972.39,983.72
2006-1-13,985.04,978.81
2006-1-16,977.89,961.44
2006-1-17,959.4,964.29
2006-1-18,964.22,983.62
2006-1-19,985.22,991.22
2006-1-20,991.57,993.34
2006-1-23,993.74,996.16
2006-1-24,997.79,999.09
2006-1-25,998.84,1009.6
2006-2-6,1013.42,1033.23
2006-2-7,1034.68,1029.94
2006-2-8,1028.44,1033.07
2006-2-9,1033.19,1019.6
2006-2-10,1019.42,1032.34
2006-2-13,1034.38,1031.61
2006-2-14,1032.65,1038.53
2006-2-15,1040.33,1041.66
2006-2-16,1041.67,1020.12
2006-2-17,1020.06,1020.37
2006-2-20,1020.74,1021.64
2006-2-21,1020.98,1038.82
2006-2-22,1039.65,1037.89
2006-2-23,1038.25,1041.37
2006-2-24,1041.97,1049.44
2006-2-27,1055.95,1047.84
2006-2-28,1046.71,1053.01
2006-3-1,1051.76,1056.62
2006-3-2,1055.86,1038.67
2006-3-3,1037.99,1041.68
2006-3-6,1041.75,1038.87
2006-3-7,1037.93,1014.97
2006-3-8,1012.58,1009.27
2006-3-9,1006.97,1004.34
2006-3-10,1004.75,1008.9
2006-3-13,1008.8,1019.86
2006-3-14,1020.47,1018.27
2006-3-15,1018.15,1028.96
2006-3-16,1028.96,1027.62
2006-3-17,1027.64,1024.02
2006-3-20,1024.5,1037.66
2006-3-21,1037.95,1040.76
2006-3-22,1041.14,1047.67
2006-3-23,1047.35,1048.54
2006-3-24,1049.12,1042.6
2006-3-27,1042.63,1050.71
2006-3-28,1050.07,1055.98
2006-3-29,1058.74,1065.29
2006-3-30,1065.84,1055.63
2006-3-31,1053.85,1061.09
2006-4-3,1061.96,1079.32
2006-4-4,1080.86,1089.37
2006-4-5,1091.18,1099.97
2006-4-6,1102.54,1103.24
2006-4-7,1102.94,1103.15
2006-4-10,1104.32,1117.91
2006-4-11,1120.16,1123.31
2006-4-12,1123.78,1117.07
2006-4-13,1116.84,1093.93
2006-4-14,1091.69,1118.61
2006-4-17,1120.19,1124.41
2006-4-18,1127.51,1131.28
2006-4-19,1135.61,1138.24
2006-4-20,1139.64,1134.38
2006-4-21,1133.2,1149.16
2006-4-24,1156.91,1142.7
2006-4-25,1139.49,1141.93
2006-4-26,1142.9,1155.73
2006-4-27,1157.38,1155.27
2006-4-28,1143.59,1172.35
2006-5-8,1179.58,1218.44
2006-5-9,1226.31,1251.61
2006-5-10,1257.98,1265.93
2006-5-11,1267.22,1255.04
2006-5-12,1255.23,1296.26
2006-5-15,1312.14,1352.16
2006-5-16,1368.13,1331.13
2006-5-17,1331.69,1335.52
2006-5-18,1322.65,1331.2
2006-5-19,1334.07,1366.1
2006-5-22,1366.32,1373.67
2006-5-23,1365.1,1317.65
2006-5-24,1325.68,1308.24
2006-5-25,1304.69,1307.7
2006-5-26,1312.24,1331.02
2006-5-29,1339.9,1366.29
2006-5-30,1375.3,1378.76
2006-5-31,1377.45,1365.45
2006-6-1,1364.18,1402.88
2006-6-2,1406.62,1390.12
2006-6-5,1391.46,1403.16
2006-6-6,1400.27,1399.14
2006-6-7,1398.18,1320.23
2006-6-8,1309.07,1325.98
2006-6-9,1320.81,1294.19
2006-6-12,1283.83,1297.67
2006-6-13,1296.41,1298.28
2006-6-14,1291.69,1283.88
2006-6-15,1283.72,1285.39
2006-6-16,1290,1318.01
2006-6-19,1306.26,1334.89
2006-6-20,1333.62,1338.22
2006-6-21,1336.84,1333.53
2006-6-22,1331.93,1331.55
2006-6-23,1329.11,1339.45
2006-6-26,1341.61,1363.41
2006-6-27,1365.04,1363.9
2006-6-28,1361.79,1362.89
2006-6-29,1365.25,1395.12
2006-6-30,1402.59,1393.96
2006-7-3,1398.74,1420.33
2006-7-4,1423.08,1411.01
2006-7-5,1409.9,1393.01
2006-7-6,1391.64,1418.68
2006-7-7,1423.72,1410.43
2006-7-10,1410.5,1412.12
2006-7-11,1414.14,1418.57
2006-7-12,1419.07,1419.2
2006-7-13,1415.88,1346.09
2006-7-14,1333.74,1357.13
2006-7-17,1354.14,1372.25
2006-7-18,1370.9,1373.42
2006-7-19,1370.29,1336.64
2006-7-20,1335.41,1345.19
2006-7-21,1344.6,1356.03
2006-7-24,1340.28,1358.12
2006-7-25,1359.32,1374.17
2006-7-26,1377.78,1371.3
2006-7-27,1370.75,1355.55
2006-7-28,1354.92,1341.39
2006-7-31,1338.04,1294.33
2006-8-1,1292.71,1282.06
2006-8-2,1281.89,1275.09
2006-8-3,1277.63,1271.74
2006-8-4,1272.36,1241.91
2006-8-7,1233.49,1224.1
2006-8-8,1225.04,1252.39
2006-8-9,1254.37,1251.3
2006-8-10,1251.16,1271.47
2006-8-11,1273.27,1275.65
2006-8-14,1275.14,1245.72
2006-8-15,1243.16,1265.86
2006-8-16,1266.82,1283.57
2006-8-17,1280.28,1271.63
2006-8-18,1270.22,1267.87
2006-8-21,1235.43,1270.56
2006-8-22,1270.1,1285.27
2006-8-23,1284.82,1285.68
2006-8-24,1284.83,1292.4
2006-8-25,1293.5,1295.44
2006-8-28,1298.46,1325.89
2006-8-29,1328.61,1330.16
2006-8-30,1328.37,1334.67
2006-8-31,1335.59,1338.69
2006-9-1,1339.31,1318.1
2006-9-4,1315.71,1337.24
2006-9-5,1339.59,1340.68
2006-9-6,1341.4,1346.37
2006-9-7,1348.17,1328.38
2006-9-8,1327.56,1332.15
2006-9-11,1331.89,1338.76
2006-9-12,1338.81,1347.64
2006-9-13,1348.85,1338.39
2006-9-14,1338.35,1338.28
2006-9-15,1338.41,1362.32
2006-9-18,1367.65,1375.56
2006-9-19,1377.72,1378.31
2006-9-20,1376.12,1378.46
2006-9-21,1378.46,1387.37
2006-9-22,1389.87,1374.85
2006-9-25,1372.81,1372.4
2006-9-26,1370.86,1357.65
2006-9-27,1357.28,1371.12
2006-9-28,1372.13,1387
2006-9-29,1389.07,1403.27
2006-10-9,1420.36,1436.07
2006-10-10,1437.69,1437.24
2006-10-11,1436.68,1435.91
2006-10-12,1436.2,1426.5
2006-10-13,1424.3,1430.88
2006-10-16,1432.31,1418.52
2006-10-17,1416.95,1414.45
2006-10-18,1413.91,1437.59
2006-10-19,1438.84,1439.38
2006-10-20,1440.67,1440.18
2006-10-23,1439.54,1408.71
2006-10-24,1408.58,1440.05
2006-10-25,1443.11,1446.82
2006-10-26,1447.09,1456.09
2006-10-27,1455.98,1439.05
2006-10-30,1436.66,1446.24
2006-10-31,1447.06,1464.47
2006-11-1,1465.67,1479.41
2006-11-2,1480.55,1479.66
2006-11-3,1481.58,1488.29
2006-11-6,1477.44,1507.89
2006-11-7,1512.65,1516.1
2006-11-8,1512.36,1498.17
2006-11-9,1491.8,1524.71
2006-11-10,1525.23,1504.06
2006-11-13,1498.06,1475.78
2006-11-14,1475.44,1493.78
2006-11-15,1494.11,1534.76
2006-11-16,1540.26,1533.29
2006-11-17,1528.01,1562.08
2006-11-20,1567.34,1593.16
2006-11-21,1591.47,1612.25
2006-11-22,1610.05,1624.03
2006-11-23,1623.71,1634.91
2006-11-24,1629.89,1636.58
2006-11-27,1632.66,1651.8
2006-11-28,1649.68,1644.01
2006-11-29,1617.69,1667.14
2006-11-30,1671.67,1714.36
2006-12-1,1719.28,1729.22
2006-12-4,1731.9,1780.74
2006-12-5,1785.44,1794.23
2006-12-6,1794.26,1779.41
2006-12-7,1774.19,1775.71
2006-12-8,1752.77,1711.58
2006-12-11,1705.91,1789.92
2006-12-12,1798.46,1802.79
2006-12-13,1805.42,1803.86
2006-12-14,1807.08,1836.14
2006-12-15,1842.88,1867.64
2006-12-18,1875.01,1916.11
2006-12-19,1924.8,1921.44
2006-12-20,1912.9,1936.55
2006-12-21,1935.78,1908.98
2006-12-22,1896.48,1895.64
2006-12-25,1898.82,1939.1
2006-12-26,1941.8,1938.24
2006-12-27,1940.41,1982.88
2006-12-28,1988.02,1979.93
2006-12-29,1991.88,2041.05
2007-1-4,2073.25,2067.09
2007-1-5,2051.15,2072.88
2007-1-8,2072,2131.56
2007-1-9,2137.49,2200.09
2007-1-10,2210.76,2255.97
2007-1-11,2257.01,2231.63
2007-1-12,2215.86,2173.75
2007-1-15,2170.94,2287.34
2007-1-16,2310.96,2353.87
2007-1-17,2360.41,2308.93
2007-1-18,2292.17,2317.09
2007-1-19,2320.87,2396.09
2007-1-22,2424.81,2491.31
2007-1-23,2508.26,2508.13
2007-1-24,2508.52,2536.43
2007-1-25,2512.46,2452.83
2007-1-26,2415.75,2512.92
2007-1-29,2529.94,2576.92
2007-1-30,2586.52,2551.88
2007-1-31,2544.3,2385.33
2007-2-1,2350.6,2395.17
2007-2-2,2397.06,2298
2007-2-5,2282.77,2271.8
2007-2-6,2271.37,2316.04
2007-2-7,2330.43,2369.79
2007-2-8,2376.63,2410.6
2007-2-9,2412.64,2397.25
2007-2-12,2397.85,2485.39
2007-2-13,2498.34,2522.63
2007-2-14,2527.56,2588.35
2007-2-15,2607.63,2668.63
2007-2-16,2692.67,2676.74
2007-2-26,2679.26,2707.68
2007-2-27,2717.81,2457.49
2007-2-28,2413.42,2544.57
2007-3-1,2550.26,2473.54
2007-3-2,2468.67,2508.73
2007-3-5,2503.82,2475.61
2007-3-6,2467.74,2520.29
2007-3-7,2532.98,2589.44
2007-3-8,2597.72,2627.63
2007-3-9,2632.8,2611.39
2007-3-12,2612.96,2616.17
2007-3-13,2620.72,2640.17
2007-3-14,2609.93,2597.36
2007-3-15,2595.54,2645.55
2007-3-16,2656.01,2604.23
2007-3-19,2533.71,2659.41
2007-3-20,2669.64,2672.77
2007-3-21,2685.93,2702.6
2007-3-22,2720.46,2711.32
2007-3-23,2710.36,2716.27
2007-3-26,2725.4,2764.03
2007-3-27,2770.35,2784.02
2007-3-28,2787.24,2797.65
2007-3-29,2802.38,2783.3
2007-3-30,2768.71,2781.78
2007-4-2,2793.96,2850.11
2007-4-3,2861.9,2888.11
2007-4-4,2893.38,2911.82
2007-4-5,2909.5,2945.04
2007-4-6,2921.73,2972.01
2007-4-9,2988.38,3038.17
2007-4-10,3053.35,3081.57
2007-4-11,3092.08,3121.32
2007-4-12,3129.25,3176.44
2007-4-13,3182.78,3169.23
2007-4-16,3177.3,3256
2007-4-17,3273.43,3283.6
2007-4-18,3294.21,3304.5
2007-4-19,3297.95,3150.3
2007-4-20,3165.67,3289.28
2007-4-23,3330.8,3431.32
2007-4-24,3462.48,3445.2
2007-4-25,3432.02,3448.28
2007-4-26,3465.11,3493.58
2007-4-27,3499.94,3470.52
2007-4-30,3487.36,3558.71
2007-5-8,3643.81,3686.03
2007-5-9,3699.3,3701.28
2007-5-10,3703.52,3724.51
2007-5-11,3696.29,3702.61
2007-5-14,3648.27,3734.42
2007-5-15,3739.05,3604.64
2007-5-16,3598,3700.29
2007-5-17,3716.44,3778.6
2007-5-18,3771.27,3776.63
2007-5-21,3650.8,3831.44
2007-5-22,3849.04,3870.49
2007-5-23,3879.76,3938.95
2007-5-24,3953.89,3919.75
2007-5-25,3907.73,3985.25
2007-5-28,4033.92,4072.58
2007-5-29,4090.9,4168.29
2007-5-30,3906.04,3886.46
2007-5-31,3828.92,3927.95
2007-6-1,3953.1,3803.95
2007-6-4,3804.96,3511.43
2007-6-5,3407,3634.63
2007-6-6,3652.89,3677.58
2007-6-7,3694.55,3802.3
2007-6-8,3814.19,3837.87
2007-6-11,3876.07,3931.86
2007-6-12,3953.96,4036.11
2007-6-13,4071.74,4118.27
2007-6-14,4103.52,4075.82
2007-6-15,4043.11,4099.38
2007-6-18,4178.76,4227.57
2007-6-19,4227.59,4253
2007-6-20,4268.65,4157.6
2007-6-21,4140.69,4197.28
2007-6-22,4203.13,4051.43
2007-6-25,4066.45,3877.59
2007-6-26,3804.41,3928.21
2007-6-27,3946.88,4040.48
2007-6-28,4038.38,3858.52
2007-6-29,3769.33,3764.08
2007-7-2,3746.18,3757.66
2007-7-3,3782.78,3832.23
2007-7-4,3840.41,3743.58
2007-7-5,3688.31,3537.44
2007-7-6,3517.6,3710.28
2007-7-9,3743.87,3821.3
2007-7-10,3832.76,3775.62
2007-7-11,3751.49,3789.87
2007-7-12,3799.19,3816.92
2007-7-13,3825.03,3820.12
2007-7-16,3824.91,3697.97
2007-7-17,3684.33,3789.65
2007-7-18,3776.94,3807.57
2007-7-19,3796.92,3807
2007-7-20,3808.08,3971.88
2007-7-23,4009.06,4156.72
2007-7-24,4187.33,4161.35
2007-7-25,4163.36,4255.46
2007-7-26,4282.68,4303.19
2007-7-27,4277.55,4307.14
2007-7-30,4305.18,4410.3
2007-7-31,4402.52,4460.56
2007-8-1,4479.3,4290.48
2007-8-2,4311.6,4436.19
2007-8-3,4472.89,4598.38
2007-8-6,4642.78,4703.98
2007-8-7,4715.39,4724.55
2007-8-8,4679.22,4668.09
2007-8-9,4666.42,4777.29
2007-8-10,4765.85,4726.68
2007-8-13,4724.52,4721.19
2007-8-14,4721.45,4795.57
2007-8-15,4804.68,4798.75
2007-8-16,4772.36,4721.94
2007-8-17,4694.2,4626.58
2007-8-20,4749.2,4885.43
2007-8-21,4915.52,4972.71
2007-8-22,4899.93,5051.69
2007-8-23,5075.51,5135.93
2007-8-24,5161.15,5217.58
2007-8-27,5250.62,5243.15
2007-8-28,5220.64,5251.77
2007-8-29,5215.65,5171.82
2007-8-30,5193.73,5241.23
2007-8-31,5255.09,5296.81
2007-9-3,5335.05,5419.17
2007-9-4,5421.25,5360.33
2007-9-5,5357.55,5363.25
2007-9-6,5389.49,5412.04
2007-9-7,5382.91,5294.79
2007-9-10,5226.74,5377.22
2007-9-11,5384.56,5124.09
2007-9-12,5102.58,5202.86
2007-9-13,5230.65,5349.97
2007-9-14,5362.46,5397.28
2007-9-17,5389.5,5498.91
2007-9-18,5524.1,5476.84
2007-9-19,5487.38,5419.27
2007-9-20,5436.64,5494.92
2007-9-21,5508.5,5468.1
2007-9-24,5481.38,5513.9
2007-9-25,5524.02,5454.62
2007-9-26,5433.63,5361.02
2007-9-27,5364.53,5427.66
2007-9-28,5479.85,5580.81
2007-10-8,5703.28,5653.14
2007-10-9,5638.63,5675.93
2007-10-10,5694.99,5685.76
2007-10-11,5695.13,5760.08
2007-10-12,5777.9,5737.22
2007-10-15,5761.87,5821.45
2007-10-16,5851.54,5877.2
2007-10-17,5862.38,5824.12
2007-10-18,5813.24,5615.75
2007-10-19,5651.03,5614.06
2007-10-22,5543.79,5472.68
2007-10-23,5467.83,5540.09
2007-10-24,5564.48,5588.01
2007-10-25,5549.66,5333.79
2007-10-26,5279.1,5394.81
2007-10-29,5428.68,5508.36
2007-10-30,5529.96,5596.07
2007-10-31,5663.76,5688.54
2007-11-1,5701.49,5605.23
2007-11-2,5514.85,5472.93
2007-11-5,5438.81,5360.31
2007-11-6,5331.31,5317.55
2007-11-7,5348.56,5350.63
2007-11-8,5321.86,5093.67
2007-11-9,5042.76,5040.52
2007-11-12,4916.82,4978.25
2007-11-13,5024.52,4939.24
2007-11-14,5013.78,5145.89
2007-11-15,5129.81,5081.11
2007-11-16,4999.84,5007.66
2007-11-19,5017.4,4994.42
2007-11-20,4962.63,5069.38
2007-11-21,5087.25,4997.62
2007-11-22,4902.63,4772.62
2007-11-23,4733.37,4856.16
2007-11-26,4931.6,4800.08
2007-11-27,4759.01,4711.15
2007-11-28,4724.47,4648.75
2007-11-29,4708.38,4842.07
2007-11-30,4841.08,4737.41
2007-12-3,4714.92,4772.67
2007-12-4,4786.64,4829.21
2007-12-5,4829.95,4965.95
2007-12-6,4986.25,4971.06
2007-12-7,4979.84,5041.35
2007-12-10,4961.67,5133.56
2007-12-11,5162.09,5140
2007-12-12,5108.58,5077.39
2007-12-13,5051.78,4884.3
2007-12-14,4827.39,4977.65
2007-12-17,4976.24,4857.29
2007-12-18,4827.26,4829.91
2007-12-19,4877.77,4946.29
2007-12-20,4968.03,5037.19
2007-12-21,5016.46,5101.85
2007-12-24,5142.16,5207.13
2007-12-25,5217.56,5216.81
2007-12-26,5231.97,5265.03
2007-12-27,5286.98,5367.53
2007-12-28,5379.52,5338.27
2008-1-2,5349.76,5385.1
2008-1-3,5381.15,5422.03
2008-1-4,5430.63,5483.65
2008-1-7,5480.44,5556.59
2008-1-8,5575.95,5528.05
2008-1-9,5507.12,5613.76
2008-1-10,5631.65,5672.15
2008-1-11,5688.56,5699.15
2008-1-14,5717.52,5731.76
2008-1-15,5743.43,5696.45
2008-1-16,5642.57,5505.72
2008-1-17,5445.8,5365.62
2008-1-18,5358.18,5414.47
2008-1-21,5424.64,5145.73
2008-1-22,5015.43,4753.87
2008-1-23,4787.17,4975.11
2008-1-24,5034.53,5027.21
2008-1-25,5022.9,5077.43
2008-1-28,5038.51,4731.88
2008-1-29,4742.9,4762.08
2008-1-30,4817.16,4710.65
2008-1-31,4693.61,4620.4
2008-2-1,4623.62,4571.94
2008-2-4,4695.55,4950.12
2008-2-5,4942.88,4921.83
2008-2-13,4858.81,4816.08
2008-2-14,4858.85,4880.25
2008-2-15,4846.02,4813.31
2008-2-18,4875.21,4910.99
2008-2-19,4926.84,5020.75
2008-2-20,5032.78,4908.72
2008-2-21,4878.57,4876.03
2008-2-22,4850.88,4702.24
2008-2-25,4704.32,4519.78
2008-2-26,4637.6,4515.53
2008-2-27,4543.1,4639.77
2008-2-28,4651.16,4622.06
2008-2-29,4616.24,4674.55
2008-3-3,4648.73,4790.74
2008-3-4,4813.4,4671.15
2008-3-5,4650.52,4628.72
2008-3-6,4645.07,4685.03
2008-3-7,4641.75,4621.69
2008-3-10,4588.77,4431.59
2008-3-11,4393.28,4441.18
2008-3-12,4534.81,4309.65
2008-3-13,4266.27,4198.96
2008-3-14,4179.44,4157.87
2008-3-17,4138.88,3965.28
2008-3-18,3924.87,3763.95
2008-3-19,3837.6,3888.86
2008-3-20,3833.21,4001.83
2008-3-21,3998.2,4037.83
2008-3-24,4086.07,3857.09
2008-3-25,3780.46,3905.77
2008-3-26,3926.86,3914.37
2008-3-27,3847.44,3748.92
2008-3-28,3712.98,3918.16
2008-3-31,3802.21,3790.53
2008-4-1,3776.27,3582.85
2008-4-2,3621.39,3547.98
2008-4-3,3518.22,3650.7
2008-4-7,3611.96,3845.82
2008-4-8,3852.01,3891.06
2008-4-9,3857.27,3688.12
2008-4-10,3641.66,3754.72
2008-4-11,3794.3,3783.73
2008-4-14,3699.14,3536.33
2008-4-15,3513.07,3583.3
2008-4-16,3573.66,3494.02
2008-4-17,3493.24,3386.63
2008-4-18,3356.56,3272.5
2008-4-21,3516.43,3267.55
2008-4-22,3207.88,3296.28
2008-4-23,3267.36,3453.73
2008-4-24,3739.32,3774.5
2008-4-25,3781.91,3803.07
2008-4-28,3740.95,3729.15
2008-4-29,3704.93,3776.94
2008-4-30,3793.85,3959.12
2008-5-5,4015.21,4055.78
2008-5-6,4021.07,4010.89
2008-5-7,3986.13,3821.32
2008-5-8,3774.04,3925.04
2008-5-9,3960.89,3878.92
2008-5-12,3804.99,3904.92
2008-5-13,3786.53,3851.69
2008-5-14,3843.47,3975.78
2008-5-15,4006.66,3948.09
2008-5-16,3948.03,3936.12
2008-5-19,3926.31,3914.07
2008-5-20,3911.1,3710.82
2008-5-21,3668.18,3783.05
2008-5-22,3732.64,3711.44
2008-5-23,3697.89,3675.15
2008-5-26,3643.01,3559.22
2008-5-27,3549.99,3576.2
2008-5-28,3583.28,3676.23
2008-5-29,3666.2,3580.87
2008-5-30,3585.6,3611.33
2008-6-2,3600.23,3625.83
2008-6-3,3624.57,3614.11
2008-6-4,3601.06,3546.92
2008-6-5,3529.98,3512.14
2008-6-6,3519.12,3489.5
2008-6-10,3344.45,3206.56
2008-6-11,3155.94,3140.3
2008-6-12,3123.64,3084.63
2008-6-13,3087.34,2979.12
2008-6-16,2981.08,2952.24
2008-6-17,2950.4,2842.68
2008-6-18,2820.24,2991.27
2008-6-19,2967.4,2773.08
2008-6-20,2795.47,2849.67
2008-6-23,2798.43,2789.94
2008-6-24,2775.69,2851.92
2008-6-25,2844.92,2969.54
2008-6-26,2964.52,2980.91
2008-6-27,2886.18,2816.02
2008-6-30,2782.84,2791.82
2008-7-1,2799.2,2698.35
2008-7-2,2702.63,2699.6
2008-7-3,2654.48,2760.61
2008-7-4,2751.21,2741.85
2008-7-7,2747.61,2882.76
2008-7-8,2900.57,2901.84
2008-7-9,2927,3015.13
2008-7-10,2970.98,2973.73
2008-7-11,2962.86,2953.5
2008-7-14,2927.24,2975.87
2008-7-15,2987.06,2852.98
2008-7-16,2818.76,2745.6
2008-7-17,2790.26,2718.07
2008-7-18,2746.54,2815.46
2008-7-21,2792.83,2911.05
2008-7-22,2905.28,2904.74
2008-7-23,2923.05,2883.32
2008-7-24,2905.04,2977.36
2008-7-25,2939.32,2939.2
2008-7-28,2959.11,2960.85
2008-7-29,2921.25,2905.63
2008-7-30,2940.02,2884.38
2008-7-31,2894.25,2805.21
2008-8-1,2786.12,2840.79
2008-8-4,2816.94,2773.15
2008-8-5,2780.76,2703.08
2008-8-6,2723.52,2721.69
2008-8-7,2717.66,2720.44
2008-8-8,2719.38,2591.46
2008-8-11,2579.8,2456.81
2008-8-12,2431.38,2444.16
2008-8-13,2427.5,2444.67
2008-8-14,2429.98,2443.51
2008-8-15,2440.39,2447.61
2008-8-18,2451.31,2313.4
2008-8-19,2285.51,2348.47
2008-8-20,2332.39,2532.94
2008-8-21,2494.26,2443.98
2008-8-22,2421.25,2404.93
2008-8-25,2408.03,2400.55
2008-8-26,2370.53,2331.53
2008-8-27,2322.54,2325.29
2008-8-28,2325.26,2335.86
2008-8-29,2347.4,2391.64
2008-9-1,2372.64,2309.17
2008-9-2,2292.69,2285.41
2008-9-3,2279.6,2245.96
2008-9-4,2238.65,2251.15
2008-9-5,2193.04,2183.43
2008-9-8,2189.82,2126.52
2008-9-9,2135.22,2139.15
2008-9-10,2124.97,2143.18
2008-9-11,2135.45,2072.13
2008-9-12,2071.06,2077.85
2008-9-16,2050.32,2000.65
2008-9-17,1981.25,1929.14
2008-9-18,1876.96,1895.99
2008-9-19,2065.78,2073.11
2008-9-22,2228.37,2207.61
2008-9-23,2141.6,2123.48
2008-9-24,2072.65,2138.85
2008-9-25,2143.73,2223.53
2008-9-26,2234.46,2243.66
2008-10-6,2206.56,2128.7
2008-10-7,2043.92,2102.45
2008-10-8,2041.99,2022.88
2008-10-9,2059.58,1995.3
2008-10-10,1913.27,1906.96
2008-10-13,1889.75,1985.49
2008-10-14,2054.41,1934.62
2008-10-15,1911.03,1914.36
2008-10-16,1833.48,1820.9
2008-10-17,1837.91,1833.26
2008-10-20,1828.41,1896.73
2008-10-21,1901.24,1881.41
2008-10-22,1854.6,1833.32
2008-10-23,1794.68,1834.78
2008-10-24,1831.46,1781.6
2008-10-27,1746.67,1654.67
2008-10-28,1614.62,1705.82
2008-10-29,1723.23,1658.22
2008-10-30,1669.97,1697.66
2008-10-31,1688.09,1663.66
2008-11-3,1648.56,1653.54
2008-11-4,1646.2,1627.76
2008-11-5,1641.26,1691.42
2008-11-6,1648.13,1649.78
2008-11-7,1618.75,1677.83
2008-11-10,1714.12,1801.67
2008-11-11,1795.3,1781.36
2008-11-12,1758.48,1801.82
2008-11-13,1777.03,1874.08
2008-11-14,1893.31,1943.65
2008-11-17,1934.74,1987.22
2008-11-18,1974.38,1839.82
2008-11-19,1831.6,1953.16
2008-11-20,1916.7,1932.43
2008-11-21,1872.27,1920.73
2008-11-24,1913.99,1837.64
2008-11-25,1870.06,1834.29
2008-11-26,1832.11,1843.49
2008-11-27,1961.89,1870.47
2008-11-28,1851.1,1829.92
2008-12-1,1823.77,1864.2
2008-12-2,1821.54,1868.63
2008-12-3,1884.6,1952.67
2008-12-4,1980.44,1982.93
2008-12-5,1969.74,2013.18
2008-12-8,2040.47,2095.04
2008-12-9,2104.12,2040.85
2008-12-10,2028.51,2096.39
2008-12-11,2087.43,2046.34
2008-12-12,2027.07,1960.38
2008-12-15,1991.55,1975.03
2008-12-16,1956.99,1994.45
2008-12-17,2002.03,2001.42
2008-12-18,2001.05,2045.1
2008-12-19,2037.37,2052.11
2008-12-22,2050.77,2017.55
2008-12-23,2019.23,1918.95
2008-12-24,1893.22,1887.07
2008-12-25,1891.53,1870.77
2008-12-26,1868.34,1862.1
2008-12-29,1852.41,1854.76
2008-12-30,1852.95,1833.44
2008-12-31,1835.1,1817.72
2009-1-5,1848.33,1882.96
2009-1-6,1880.67,1942.8
2009-1-7,1942.67,1931.18
2009-1-8,1894.66,1887.99
2009-1-9,1886.49,1918.36
2009-1-12,1911.74,1920.69
2009-1-13,1892.66,1876.19
2009-1-14,1873.63,1955.24
2009-1-15,1935.39,1954.87
2009-1-16,1965.44,1990.21
2009-1-19,2010.58,2012.46
2009-1-20,2006.53,2025.19
2009-1-21,1993.67,2021.71
2009-1-22,2034.29,2044.55
2009-1-23,2039.52,2032.68
2009-2-2,2052.44,2057.06
2009-2-3,2056.79,2108.91
2009-2-4,2118.56,2166.41
2009-2-5,2164.55,2150.97
2009-2-6,2158.08,2237.28
2009-2-9,2271.59,2296.67
2009-2-10,2288.07,2326.75
2009-2-11,2287.23,2331.14
2009-2-12,2335.4,2318.34
2009-2-13,2321.56,2399.06
2009-2-16,2421.19,2462.25
2009-2-17,2460.57,2385.29
2009-2-18,2331.66,2275.84
2009-2-19,2295.65,2298.41
2009-2-20,2300.81,2344.32
2009-2-23,2333.81,2410.48
2009-2-24,2376.7,2301.85
2009-2-25,2325.04,2304.25
2009-2-26,2295.43,2190.19
2009-2-27,2164.54,2140.49
2009-3-2,2123.37,2164.67
2009-3-3,2109.84,2142.15
2009-3-4,2150.24,2285.15
2009-3-5,2314.08,2304.92
2009-3-6,2260.76,2286.58
2009-3-9,2302.01,2202.53
2009-3-10,2175.31,2240.78
2009-3-11,2288.05,2220.38
2009-3-12,2208.04,2215.7
2009-3-13,2229.25,2205.42
2009-3-16,2197.25,2241.61
2009-3-17,2244.11,2322.4
2009-3-18,2335.42,2332.65
2009-3-19,2337.52,2382.56
2009-3-20,2389.89,2379.84
2009-3-23,2384.67,2439.4
2009-3-24,2477.57,2451.78
2009-3-25,2435.63,2401.33
2009-3-26,2407.76,2479.79
2009-3-27,2501,2498.93
2009-3-30,2501.31,2484.49
2009-3-31,2436.78,2507.79
2009-4-1,2519.89,2548.22
2009-4-2,2558.77,2576.4
2009-4-3,2597.92,2570.5
2009-4-7,2570.62,2576.95
2009-4-8,2563.72,2479.35
2009-4-9,2477.42,2517.67
2009-4-10,2540.11,2595.53
2009-4-13,2621.98,2656.52
2009-4-14,2651.2,2676.87
2009-4-15,2662.73,2686.99
2009-4-16,2690.51,2687.11
2009-4-17,2675.67,2650.69
2009-4-20,2643.73,2707.67
2009-4-21,2670.28,2675.44
2009-4-22,2687.86,2576.28
2009-4-23,2555.53,2593.56
2009-4-24,2605.7,2572.89
2009-4-27,2566.92,2513.29
2009-4-28,2490.53,2518.53
2009-4-29,2518.85,2605.37
2009-4-30,2616.49,2622.93
2009-5-4,2635.13,2714.3
2009-5-5,2733.11,2727.01
2009-5-6,2721.82,2764.98
2009-5-7,2783.58,2767.08
2009-5-8,2751.5,2789.22
2009-5-11,2808.14,2725.32
2009-5-12,2702.74,2788.56
2009-5-13,2792.42,2814
2009-5-14,2781.05,2792.6
2009-5-15,2800.57,2796.12
2009-5-18,2782.58,2810.57
2009-5-19,2836.34,2840.08
2009-5-20,2843.54,2812.86
2009-5-21,2795.83,2750.01
2009-5-22,2733.02,2740.68
2009-5-25,2684.21,2752.72
2009-5-26,2757.31,2719.76
2009-5-27,2734.42,2759.71
2009-6-1,2798.93,2858.34
2009-6-2,2878.53,2865.1
2009-6-3,2865.73,2939.39
2009-6-4,2924.27,2953.75
2009-6-5,2966.06,2939.31
2009-6-8,2937.64,2948.48
2009-6-9,2948.95,2960.56
2009-6-10,2972.42,2989.59
2009-6-11,2982.97,2961.63
2009-6-12,2955.57,2906.29
2009-6-15,2911.42,2966.19
2009-6-16,2936.51,2961.22
2009-6-17,2957.58,3010.59
2009-6-18,3014.44,3057.43
2009-6-19,3061.9,3080
2009-6-22,3106.39,3082.56
2009-6-23,3036.4,3083.9
2009-6-24,3079.5,3120.73
2009-6-25,3125.66,3117.92
2009-6-26,3126.23,3128.42
2009-6-29,3132.11,3179.97
2009-6-30,3191.64,3166.47
2009-7-1,3153.54,3237.9
2009-7-2,3248.2,3282.36
2009-7-3,3254.93,3327.14
2009-7-6,3333.1,3374.75
2009-7-7,3368.33,3340.49
2009-7-8,3306.43,3352.27
2009-7-9,3348.22,3396.3
2009-7-10,3398.91,3398.31
2009-7-13,3382.57,3361.01
2009-7-14,3375.87,3454.75
2009-7-15,3467.13,3493.3
2009-7-16,3516.78,3501.24
2009-7-17,3499.51,3519.81
2009-7-20,3532.52,3591.12
2009-7-21,3603.4,3539.83
2009-7-22,3532.63,3606.92
2009-7-23,3613.6,3651.97
2009-7-24,3672.21,3667.56
2009-7-27,3680.15,3743.63
2009-7-28,3745.55,3755.82
2009-7-29,3741.78,3558.51
2009-7-30,3587.05,3634.82
2009-7-31,3670.19,3734.62
2009-8-3,3754.22,3787.03
2009-8-4,3803.06,3786.61
2009-8-5,3781.4,3740.94
2009-8-6,3707.91,3663.12
2009-8-7,3655.46,3555.09
2009-8-10,3589.72,3544.54
2009-8-11,3558.65,3556.38
2009-8-12,3546.5,3397.4
2009-8-13,3398.89,3440.82
2009-8-14,3437.95,3344.46
2009-8-17,3283.44,3140.27
2009-8-18,3110.71,3171.99
2009-8-19,3178.28,3014.57
2009-8-20,3021.25,3144.39
2009-8-21,3135.37,3203.62
2009-8-24,3222.4,3229.6
2009-8-25,3210.85,3109.83
2009-8-26,3082.68,3172.39
2009-8-27,3149.57,3156.3
2009-8-28,3152.04,3046.78
2009-8-31,3003.54,2830.27
2009-9-1,2804.58,2843.7
2009-9-2,2824.64,2890.93
2009-9-3,2898.45,3051.96
2009-9-4,3055.35,3077.14
2009-9-7,3097.79,3104.21
2009-9-8,3084.2,3170.97
2009-9-9,3188.31,3194.91
2009-9-10,3179.19,3162.91
2009-9-11,3152.81,3238.13
2009-9-14,3248.35,3293.39
2009-9-15,3298.81,3302.64
2009-9-16,3290.39,3258.24
2009-9-17,3274.58,3320.1
2009-9-18,3325.06,3199.69
2009-9-21,3163.51,3208.6
2009-9-22,3196.01,3131.03
2009-9-23,3130.14,3060.07
2009-9-24,3041.82,3080.93
2009-9-25,3057.11,3058.53
2009-9-28,3066.37,2972.64
2009-9-29,2975.53,2972.29
2009-9-30,2992.98,3004.8
2009-10-9,3078.75,3163.71
2009-10-12,3181.58,3151.63
2009-10-13,3144.02,3198.52
2009-10-14,3209.06,3227.4
2009-10-15,3258.55,3239.64
2009-10-16,3250.1,3241.71
2009-10-19,3238.85,3329.16
2009-10-20,3355.36,3377.57
2009-10-21,3375.03,3369.28
2009-10-22,3364.15,3347.32
2009-10-23,3354.98,3413.25
2009-10-26,3421.7,3414.24
2009-10-27,3384.29,3314.72
2009-10-28,3303.77,3329.33
2009-10-29,3265.19,3247.05
2009-10-30,3305.38,3280.37
2009-11-2,3205.83,3392.8
2009-11-3,3402.53,3435.43
2009-11-4,3443.52,3453.89
2009-11-5,3458.86,3464.32
2009-11-6,3491.07,3483.02
2009-11-9,3487.11,3495.79
2009-11-10,3520.4,3503.78
2009-11-11,3500.59,3495.67
2009-11-12,3506.95,3499.99
2009-11-13,3489.54,3518.72
2009-11-16,3541.05,3625.8
2009-11-17,3644.96,3628.35
2009-11-18,3633.85,3630.23
2009-11-19,3638.07,3642.44
2009-11-20,3630.58,3631.01
2009-11-23,3636.53,3665.51
2009-11-24,3680.75,3548.08
2009-11-25,3541.51,3629.63
2009-11-26,3635.79,3485.77
2009-11-27,3440.34,3382.51
2009-11-30,3415.08,3511.67
2009-12-1,3507.56,3560.83
2009-12-2,3578.87,3597.33
2009-12-3,3596.95,3590.88
2009-12-4,3581.63,3643.49
2009-12-7,3644.62,3668.83
2009-12-8,3670.81,3624.02
2009-12-9,3579.28,3554.48
2009-12-10,3579.83,3577.24
2009-12-11,3589.41,3575.02
2009-12-14,3572.53,3612.75
2009-12-15,3594.51,3583.34
2009-12-16,3568.28,3560.72
2009-12-17,3571.05,3480.15
2009-12-18,3450.04,3391.74
2009-12-21,3386.33,3396.62
2009-12-22,3402.23,3305.54
2009-12-23,3303.73,3336.48
2009-12-24,3346.76,3438.82
2009-12-25,3434.326,3424.783
2009-12-28,3432.82,3478.433
2009-12-29,3481.903,3500.737
2009-12-30,3503.816,3558.857
2009-12-31,3561.367,3575.684
2010-1-4,3592.468,3535.229
2010-1-5,3545.186,3564.038
2010-1-6,3558.7,3541.727
2010-1-7,3543.16,3471.456
2010-1-8,3456.908,3480.13
2010-1-11,3593.106,3482.052
2010-1-12,3477.842,3534.916
2010-1-13,3448.291,3421.144
2010-1-14,3433.472,3469.051
2010-1-15,3472.524,3482.738
2010-1-18,3471.777,3500.684
2010-1-19,3506.806,3507.482
2010-1-20,3512.246,3394.434
2010-1-21,3397.043,3408.574
2010-1-22,3364.452,3366.197
2010-1-25,3340.013,3328.014
2010-1-26,3328.113,3242.797
2010-1-27,3243.038,3198.566
2010-1-28,3195.289,3206.57
2010-1-29,3190.315,3204.155
2010-2-1,3198.23,3152.707
2010-2-2,3170.778,3146.189
2010-2-3,3160.712,3230.715
2010-2-4,3206.431,3218.802
2010-2-5,3147.721,3153.087
2010-2-8,3152.253,3150.988
2010-2-9,3147.761,3169.19
2010-2-10,3195.142,3214.13
2010-2-11,3216.688,3220.398
2010-2-12,3232.879,3251.278
2010-2-22,3248.947,3233.345
2010-2-23,3225.393,3198.634
2010-2-24,3177.082,3244.483
2010-2-25,3252.153,3292.128
2010-2-26,3286.095,3281.666
2010-3-1,3290.007,3324.423
2010-3-2,3327.103,3311.236
2010-3-3,3313.023,3335.081
2010-3-4,3338.674,3250.573
2010-3-5,3253.164,3259.764
2010-3-8,3268.397,3286.178
2010-3-9,3285.62,3305.863
2010-3-10,3304.036,3279.694
2010-3-11,3282.199,3276.705
2010-3-12,3277.309,3233.126
2010-3-15,3231.216,3183.183
2010-3-16,3183.775,3204.289
2010-3-17,3214.216,3273.916
2010-3-18,3277.883,3267.555
2010-3-19,3270.978,3293.871
2010-3-22,3297.824,3302.628
2010-3-23,3305.554,3275.573
2010-3-24,3282.052,3276.669
2010-3-25,3270.39,3229.128
2010-3-26,3226.8,3275.002
2010-3-29,3295.763,3358.54
2010-3-30,3361.353,3366.708
2010-3-31,3369.193,3345.607
2010-4-1,3349.884,3391.935
2010-4-2,3400.139,3407.346
2010-4-6,3422.849,3405.145
2010-4-7,3403.088,3386.949
2010-4-8,3381.306,3346.744
2010-4-9,3348.773,3379.17
2010-4-12,3388.355,3351.478
2010-4-13,3350.726,3391.716
2010-4-14,3394.635,3403.707
2010-4-15,3407.025,3394.574
2010-4-16,3388.286,3356.332
2010-4-19,3313.499,3176.423
2010-4-20,3176.414,3173.374
2010-4-21,3178.877,3236.679
2010-4-22,3222.68,3201.541
2010-4-23,3198.784,3190.003
2010-4-26,3195.457,3171.997
2010-4-27,3163.101,3108.409
2010-4-28,3080.324,3097.353
2010-4-29,3114.941,3060.694
2010-4-30,3060.12,3067.365
2010-5-4,3005.487,3019.449
2010-5-5,2981.777,3036.394
2010-5-6,3014.907,2896.856
2010-5-7,2835.879,2836.789
2010-5-10,2842.366,2858.233
2010-5-11,2916.335,2800.817
2010-5-12,2781.708,2818.16
2010-5-13,2818.578,2886.911
2010-5-14,2865.58,2868.023
2010-5-17,2828.882,2714.715
2010-5-18,2711.407,2771.348
2010-5-19,2748.952,2762.174
2010-5-20,2739.219,2726.022
2010-5-21,2656.419,2768.791
2010-5-24,2787.751,2873.469
2010-5-25,2851.256,2813.943
2010-5-26,2814.444,2813.944
2010-5-27,2808.048,2859.979
2010-5-28,2885.857,2850.302
2010-5-31,2835.334,2773.264
2010-6-1,2755.284,2744.162
2010-6-2,2729.328,2757.527
2010-6-3,2769.096,2736.076
2010-6-4,2721.359,2744.391
2010-6-7,2692.831,2695.715
2010-6-8,2694.106,2699.336
2010-6-9,2711.642,2782.133
2010-6-10,2755.94,2750.023
2010-6-11,2766.196,2758.866
2010-6-17,2778.533,2742.733
2010-6-18,2739.032,2696.166
2010-6-21,2698.984,2780.663
2010-6-22,2772.886,2783.72
2010-6-23,2768.695,2758.495
2010-6-24,2753.712,2757.498
2010-6-25,2744.122,2736.287
2010-6-28,2734.507,2716.777
2010-6-29,2717.465,2592.019
2010-6-30,2572.912,2563.07
2010-7-1,2557.92,2526.071
2010-7-2,2523.035,2534.105
2010-7-5,2507.354,2512.651
2010-7-6,2504.869,2562.902
2010-7-7,2561.106,2580.477
2010-7-8,2591.509,2575.921
2010-7-9,2578.555,2647.104
2010-7-12,2647.42,2676.22
2010-7-13,2649.658,2634.593
2010-7-14,2640.925,2653.609
2010-7-15,2650.334,2608.519
2010-7-16,2597,2616.128
2010-7-19,2592.087,2682.472
2010-7-20,2685.459,2741.503
2010-7-21,2744.696,2747.335
2010-7-22,2738.027,2781.286
2010-7-23,2787.521,2793.076
2010-7-26,2798.762,2811.055
2010-7-27,2803.755,2795.724
2010-7-28,2796.483,2863.724
2010-7-29,2866.772,2877.976
2010-7-30,2871.481,2868.846
2010-8-2,2868.279,2917.275
2010-8-3,2925.254,2865.971
2010-8-4,2858.354,2876.434
2010-8-5,2874.66,2850.829
2010-8-6,2848.155,2897.659
2010-8-9,2894.1,2918.24
2010-8-10,2920.404,2832.638
2010-8-11,2823.15,2850.211
2010-8-12,2822.791,2816.386
2010-8-13,2818.41,2855.547
2010-8-16,2851.219,2922.083
2010-8-17,2927.258,2942.291
2010-8-18,2945.979,2937.362
2010-8-19,2940.767,2955.395
2010-8-20,2943.334,2898.333
2010-8-23,2895.707,2896.192
2010-8-24,2892.129,2911.827
2010-8-25,2893.986,2843.023
2010-8-26,2853.1,2850.09
2010-8-27,2847.45,2858.57
2010-8-30,2874.25,2915.01
2010-8-31,2905.15,2903.19
2010-9-1,2907.66,2884.04
2010-9-2,2917.74,2921.39
2010-9-3,2926.94,2920.21
2010-9-6,2935.89,2975.09
2010-9-7,2979.3,2983.11
2010-9-8,2970,2980.97
2010-9-9,2986.87,2926.46
2010-9-10,2928,2932.55
2010-9-13,2933.59,2962.32
2010-9-14,2971.55,2965.01
2010-9-15,2965.54,2913.19
2010-9-16,2908.32,2857.79
2010-9-17,2864.72,2861.37
2010-9-20,2865.04,2849.83
2010-9-21,2859.43,2857.48
2010-9-27,2869.93,2905.03
2010-9-28,2900.54,2880.91
2010-9-29,2877.27,2874.81
2010-9-30,2859.06,2935.57
2010-10-8,2965.65,3044.23
2010-10-11,3069.19,3132.9
2010-10-12,3121.64,3172.73
2010-10-13,3176.89,3217.58
2010-10-14,3245.13,3224.14
2010-10-15,3204.72,3327.68
2010-10-18,3345.8,3306.16
2010-10-19,3300.52,3375.67
2010-10-20,3304.22,3396.88
2010-10-21,3404.72,3374.69
2010-10-22,3365.6,3378.66
2010-10-25,3386.85,3481.08
2010-10-26,3491.47,3466.08
2010-10-27,3451.43,3403.87
2010-10-28,3390.43,3397.69
2010-10-29,3400.26,3379.98
2010-11-1,3390.41,3473
2010-11-2,3484.23,3463.13
2010-11-3,3462.74,3420.34
2010-11-4,3426.46,3480.5
2010-11-5,3538.99,3520.8
2010-11-8,3534.19,3548.57
2010-11-9,3547.44,3523.95
2010-11-10,3507.2,3499.11
2010-11-11,3490.74,3509.98
2010-11-12,3484.61,3291.83
2010-11-15,3298.74,3314.89
2010-11-16,3311.62,3169.54
2010-11-17,3124.11,3103.91
2010-11-18,3134.94,3147.96
2010-11-19,3168.17,3178.85
2010-11-22,3148.22,3171.94
2010-11-23,3156.48,3107.18
2010-11-24,3088.99,3177.04
2010-11-25,3197.97,3223.48
2010-11-26,3214.13,3194.85
2010-11-29,3183.54,3190.05
2010-11-30,3187.53,3136.99
2010-12-1,3127.26,3136.02
2010-12-2,3185.76,3155.06
2010-12-3,3161.93,3158.16
2010-12-6,3168.88,3165.57
2010-12-7,3152.73,3200.34
2010-12-8,3194.9,3171.88
2010-12-9,3156,3123.37
2010-12-10,3107.38,3161.98
2010-12-13,3176.33,3261.06
2010-12-14,3270.2,3269.47
2010-12-15,3270.78,3247.64
2010-12-16,3246.01,3230.67
2010-12-17,3229.3,3225.66
2010-12-20,3239.02,3178.66
2010-12-21,3184.7,3249.51
2010-12-22,3253.82,3215.45
2010-12-23,3210.67,3188.61
2010-12-24,3170.64,3162.96
2010-12-27,3176.11,3099.71
2010-12-28,3084.82,3044.93
2010-12-29,3049.93,3061.83
2010-12-30,3063.05,3064.1
2010-12-31,3069.05,3128.26
2011-1-4,3155.56,3189.68
2011-1-5,3170.18,3175.66
2011-1-6,3177.83,3159.64
2011-1-7,3156.36,3166.62
2011-1-10,3162.08,3108.19
2011-1-11,3096.25,3124.92
2011-1-12,3135.18,3142.34
2011-1-13,3153.99,3141.28
2011-1-14,3129.67,3091.86
2011-1-17,3067.43,2974.35
2011-1-18,2965.42,2977.65
2011-1-19,2978.46,3044.85
2011-1-20,3037.86,2944.71
2011-1-21,2935.23,2983.46
2011-1-24,2986.09,2954.23
2011-1-25,2949.65,2938.65
2011-1-26,2939.77,2978.43
2011-1-27,2953.59,3026.47
2011-1-28,3020.12,3036.74
2011-1-31,3035.42,3076.51
2011-2-1,3083.49,3077.28
2011-2-9,3055.4,3040.95
2011-2-10,3034.08,3104.16
2011-2-11,3100.27,3120.96
2011-2-14,3123.25,3219.14
2011-2-15,3223.22,3217.67
2011-2-16,3211.14,3248.53
2011-2-17,3255.63,3245.91
2011-2-18,3240.05,3211.88
2011-2-21,3192.15,3257.91
2011-2-22,3267.61,3163.58
2011-2-23,3152.44,3174.74
2011-2-24,3170.24,3190.94
2011-2-25,3190.87,3197.62
2011-2-28,3200.68,3239.56
2011-3-1,3241.71,3254.89
2011-3-2,3237.12,3243.3
2011-3-3,3248.16,3221.72
2011-3-4,3223.51,3270.67
2011-3-7,3287.41,3334.51
2011-3-8,3335.71,3337.46
2011-3-9,3344.1,3338.86
2011-3-10,3330.44,3280.26
2011-3-11,3263.08,3247.38
2011-3-14,3238.91,3262.92
2011-3-15,3250.59,3203.96
2011-3-16,3204.92,3248.2
2011-3-17,3216.29,3197.1
2011-3-18,3228.92,3215.69
2011-3-21,3220.68,3207.11
2011-3-22,3217.8,3222.96
2011-3-23,3222.32,3264.93
2011-3-24,3269.57,3251.36
2011-3-25,3256.18,3294.48
2011-3-28,3307.41,3290.57
2011-3-29,3288.56,3257.98
2011-3-30,3256.72,3256.08
2011-3-31,3257.16,3223.29
2011-4-1,3227.56,3272.73
2011-4-6,3269.19,3311.07
2011-4-7,3313.47,3324.42
2011-4-8,3321.54,3353.36
2011-4-11,3363.37,3333.43
2011-4-12,3324.75,3326.77
2011-4-13,3311.32,3372.03
2011-4-14,3374.32,3353.56
2011-4-15,3345.13,3358.94
2011-4-18,3346.15,3359.44
2011-4-19,3334.91,3295.81
2011-4-20,3300.42,3295.76
2011-4-21,3312.27,3317.37
2011-4-22,3317.08,3299.94
2011-4-25,3292.48,3249.57
2011-4-26,3242.53,3230.96
2011-4-27,3242.62,3209.5
2011-4-28,3224.41,3161.78
2011-4-29,3161.16,3192.72
2011-5-3,3192.84,3211.13
2011-5-4,3192.84,3129.03
2011-5-5,3115,3126.12
2011-5-6,3093.81,3121.4
2011-5-9,3126.26,3129.76
2011-5-10,3135.15,3153.22
2011-5-11,3153.65,3145.08
2011-5-12,3123.16,3101.6
2011-5-13,3105.3,3128.09
2011-5-16,3120.44,3100.46
2011-5-17,3097.07,3116.03
2011-5-18,3109.29,3139.38
2011-5-19,3148.35,3120.64
2011-5-20,3120.58,3121.6
2011-5-23,3115.31,3022.98
2011-5-24,3013.72,3026.22
2011-5-25,3020.32,2990.34
2011-5-26,3011.47,2978.38
2011-5-27,2980.72,2963.31
2011-5-30,2956.57,2954.51
2011-5-31,2958.61,3001.56
2011-6-1,2996.08,3004.17
2011-6-2,2970.63,2955.71
2011-6-3,2951.58,2986.35
2011-6-7,2977.68,3004.26
2011-6-8,3003.58,3008.65
2011-6-9,3000.4,2951.89
2011-6-10,2947.93,2961.93
2011-6-13,2940.39,2950.35
2011-6-14,2947.66,2993.56
2011-6-15,2984.96,2963.12
2011-6-16,2939.68,2917.58
2011-6-17,2916.41,2892.16
2011-6-20,2888.94,2874.9
2011-6-21,2883.35,2909.07
2011-6-22,2913.67,2908.58
2011-6-23,2899.01,2957.63
2011-6-24,2946.61,3027.47
2011-6-27,3028.5,3036.49
2011-6-28,3040.18,3041.73
2011-6-29,3039.05,3000.17
2011-6-30,3003.23,3044.09
2011-7-1,3052.12,3049.75
2011-7-4,3064.94,3121.98
2011-7-5,3122.9,3122.5
2011-7-6,3116.12,3113.71
2011-7-7,3123.29,3101.68
2011-7-8,3105.49,3109.18
2011-7-11,3097.87,3113.21
2011-7-12,3089.14,3056.91
2011-7-13,3060.42,3106.25
2011-7-14,3112.59,3115.75
2011-7-15,3105.5,3128.89
2011-7-18,3131.8,3122.6
2011-7-19,3108.47,3095.12
2011-7-20,3113.71,3091.57
2011-7-21,3092.27,3059.14
2011-7-22,3066.19,3067.99
2011-7-25,3050.9,2968.29
2011-7-26,2965.72,2977.77
2011-7-27,2961.58,3000.05
2011-7-28,2973.64,2981
2011-7-29,2981.02,2972.08
2011-8-1,2969.11,2977.72
2011-8-2,2958.85,2956.38
2011-8-3,2930.19,2954.87
2011-8-4,2962.91,2960.31
2011-8-5,2881.74,2897.42
2011-8-8,2864.51,2793.9
2011-8-9,2720.95,2798.19
2011-8-10,2845.35,2824.12
2011-8-11,2779.72,2866.92
2011-8-12,2881.55,2875.36
2011-8-15,2883.17,2917.88
2011-8-16,2920.83,2897.58
2011-8-17,2893.85,2886.01
2011-8-18,2887.1,2834.25
2011-8-19,2789.35,2807.66
2011-8-22,2809.33,2777.79
2011-8-23,2788.7,2821
2011-8-24,2834.58,2810.02
2011-8-25,2818.7,2903.84
2011-8-26,2889.38,2901.22
2011-8-29,2875.78,2852.81
2011-8-30,2875.14,2841.74
2011-8-31,2843.99,2846.78
2011-9-1,2852.39,2834.53
2011-9-2,2828.84,2803.85
2011-9-5,2780.83,2743.82
2011-9-6,2727.75,2723.3
2011-9-7,2738.79,2779.09
2011-9-8,2788.83,2756.1
2011-9-9,2770.15,2751.09
2011-9-13,2712.44,2720.28
2011-9-14,2729.26,2733.11
2011-9-15,2734.55,2729.05
2011-9-16,2744.22,2733.99
2011-9-19,2718.32,2679.27
2011-9-20,2675.04,2689.84
2011-9-21,2691.7,2771.01
2011-9-22,2745.15,2685.69
2011-9-23,2644.29,2669.48
2011-9-26,2645.25,2610.92
2011-9-27,2634.93,2637.88
2011-9-28,2654.83,2610.59
2011-9-29,2593.56,2588.19
2011-9-30,2595.58,2581.35
2011-10-10,2588.35,2557.08
2011-10-11,2625.16,2551.99
2011-10-12,2537.4,2644.76
2011-10-13,2636.86,2662.6
2011-10-14,2655.36,2653.78
2011-10-17,2658.95,2666.95
2011-10-18,2646.84,2592.21
2011-10-19,2599.92,2583.08
2011-10-20,2566.6,2520.53
2011-10-21,2522.26,2507.88
2011-10-24,2517.06,2576.67
2011-10-25,2572.71,2625.43
2011-10-26,2613.27,2651.65
2011-10-27,2658.43,2657.48
2011-10-28,2694.54,2709.02
2011-10-31,2704.53,2695.31
2011-11-1,2672.51,2697.53
2011-11-2,2658.55,2742.39
2011-11-3,2752.63,2744.3
2011-11-4,2770.57,2763.75
2011-11-7,2750.99,2736.25
2011-11-8,2745.06,2727.71
2011-11-9,2739.15,2751.65
2011-11-10,2720.84,2699.59
2011-11-11,2705.24,2695
2011-11-14,2717.54,2750.2
2011-11-15,2746.77,2744.68
2011-11-16,2745.86,2670.12
2011-11-17,2671.95,2662.02
2011-11-18,2643.67,2606.5
2011-11-21,2608.56,2609.69
2011-11-22,2592.23,2609.48
2011-11-23,2613.29,2584.01
2011-11-24,2565.69,2588.92
2011-11-25,2585.14,2569.97
2011-11-28,2578.34,2573.32
2011-11-29,2595.09,2608.57
2011-11-30,2600.1,2521.52
2011-12-1,2596.15,2583.61
2011-12-2,2570.56,2556.64
2011-12-5,2561.2,2521.19
2011-12-6,2515.04,2516.34
2011-12-7,2517.34,2528.23
2011-12-8,2525.04,2525
2011-12-9,2506.62,2503.46
2011-12-12,2497.92,2477.69
2011-12-13,2467.02,2441.85
2011-12-14,2415.94,2400.55
2011-12-15,2382.44,2353.36
2011-12-16,2339.98,2390.13
2011-12-19,2370.42,2384.41
2011-12-20,2376.71,2377.07
2011-12-21,2397.27,2339.11
2011-12-22,2325.27,2341.33
2011-12-23,2337.38,2359.16
2011-12-26,2345.55,2335.7
2011-12-27,2332.83,2305.03
2011-12-28,2295.87,2307.93
2011-12-29,2297.29,2311.36
2011-12-30,2318.67,2345.74
2012-1-4,2361.5,2298.75
2012-1-5,2290.78,2276.39
2012-1-6,2274.35,2290.6
2012-1-9,2291.18,2368.57
2012-1-10,2365.77,2447.35
2012-1-11,2444.76,2435.61
2012-1-12,2426.82,2435.22
2012-1-13,2438.41,2394.33
2012-1-16,2376.95,2345.65
2012-1-17,2347.57,2460.6
2012-1-18,2464.92,2422.19
2012-1-19,2423.86,2468.35
2012-1-20,2476.73,2504.09
2012-1-30,2508.88,2460.72
2012-1-31,2462.34,2464.26
2012-2-1,2458.23,2428.99
2012-2-2,2437.47,2486.24
2012-2-3,2478.34,2506.09
2012-2-6,2511.17,2504.32
2012-2-7,2489.03,2457.95
2012-2-8,2456.42,2528.24
2012-2-9,2525.59,2529.23
2012-2-10,2521.68,2533.62
2012-2-13,2504.41,2531.98
2012-2-14,2528.97,2522.11
2012-2-15,2515.83,2549.61
2012-2-16,2544.64,2536.07
2012-2-17,2551.81,2537.09
2012-2-20,2571.91,2540.71
2012-2-21,2544.83,2562.45
2012-2-22,2564.31,2597.48
2012-2-23,2595.78,2606.26
2012-2-24,2607.34,2648.02
2012-2-27,2658.12,2656.57
2012-2-28,2652.34,2662.46
2012-2-29,2655.86,2634.14
2012-3-1,2622.74,2633.34
2012-3-2,2637.96,2679.93
2012-3-5,2687.74,2662.7
2012-3-6,2654.8,2621.05
2012-3-7,2596.48,2603
2012-3-8,2612.4,2635.79
2012-3-9,2644.1,2664.3
2012-3-12,2663.24,2654.4
2012-3-13,2653.68,2681.07
2012-3-14,2694.48,2605.11
2012-3-15,2602.66,2585.55
2012-3-16,2591.8,2623.52
2012-3-19,2617.66,2630.01
2012-3-20,2622.66,2584.45
2012-3-21,2597.38,2587.79
2012-3-22,2586.94,2583.75
2012-3-23,2575.33,2552.94
2012-3-26,2551.43,2555.44
2012-3-27,2565.55,2547.14
2012-3-28,2538.46,2474.9
2012-3-29,2463.69,2443.12
2012-3-30,2447.94,2454.9
2012-4-5,2449.21,2512.83
2012-4-6,2509.45,2519.83
2012-4-9,2510.53,2495.15
2012-4-10,2490.28,2519.79
2012-4-11,2494.52,2520.04
2012-4-12,2522.83,2570.44
2012-4-13,2575.05,2580.45
2012-4-16,2564.23,2574.04
2012-4-17,2572.36,2541.88
2012-4-18,2550.91,2599.91
2012-4-19,2598.33,2596.06
2012-4-20,2591.51,2626.84
2012-4-23,2624.75,2606.04
2012-4-24,2594.8,2604.87
2012-4-25,2598.23,2625.99
2012-4-26,2632.72,2631.49
2012-4-27,2630.55,2626.16
2012-5-2,2660.67,2683.49
2012-5-3,2679.52,2691.52
2012-5-4,2689.62,2715.88
2012-5-7,2699.45,2717.78
2012-5-8,2717.41,2709.12
2012-5-9,2685.19,2657.51
2012-5-10,2657.87,2657.21
2012-5-11,2652.31,2636.92
2012-5-14,2653.81,2615.53
2012-5-15,2597.64,2617.37
2012-5-16,2610.16,2574.65
2012-5-17,2577.96,2613.94
2012-5-18,2595.55,2573.98
2012-5-21,2572.37,2587.23
2012-5-22,2598.17,2627.52
2012-5-23,2621.79,2616.87
2012-5-24,2613.09,2595.26
2012-5-25,2595.26,2573.1
2012-5-28,2562.6,2614.69
2012-5-29,2615.15,2650.85
2012-5-30,2646.37,2642.26
2012-5-31,2623.16,2632.04
2012-6-1,2633.6,2633
2012-6-4,2598.73,2559.03
2012-6-5,2565.19,2558.84
2012-6-6,2564.23,2557.4
2012-6-7,2579.43,2542.18
2012-6-8,2558.84,2524.33
2012-6-11,2529.6,2558.26
2012-6-12,2543.76,2540.18
2012-6-13,2546.79,2580.64
2012-6-14,2573.33,2560.42
2012-6-15,2565.19,2568.05
2012-6-18,2576.63,2581.21
2012-6-19,2577.36,2558.62
2012-6-20,2563.64,2552.61
2012-6-21,2547.05,2512.19
2012-6-25,2501.16,2456.52
2012-6-26,2442.56,2454.92
2012-6-27,2452.67,2447.2
2012-6-28,2451.66,2425.73
2012-6-29,2418.86,2461.61
2012-7-2,2473.54,2465.24
2012-7-3,2464.85,2468.72
2012-7-4,2474.53,2464.92
2012-7-5,2450.3,2430.37
2012-7-6,2435.06,2472.61
2012-7-9,2455.89,2416.04
2012-7-10,2411,2406.71
2012-7-11,2402.18,2425.57
2012-7-12,2420.04,2449.18
2012-7-13,2441.01,2450.63
2012-7-16,2452.59,2399.73
2012-7-17,2391.9,2414.2
2012-7-18,2412.06,2414.33
2012-7-19,2407.44,2424.32
2012-7-20,2415.71,2398.46
2012-7-23,2379.89,2365.43
2012-7-24,2353.22,2375.99
2012-7-25,2368.38,2360.08
2012-7-26,2360.13,2347.49
2012-7-27,2353.94,2349.11
2012-7-30,2350.78,2335.79
2012-7-31,2336.88,2332.92
2012-8-1,2332.13,2358.65
2012-8-2,2354.07,2334.88
2012-8-3,2340.25,2353.74
2012-8-6,2350.12,2385.61
2012-8-7,2383.26,2388.87
2012-8-8,2390.96,2389.79
2012-8-9,2388.43,2411.7
2012-8-10,2409.94,2399.75
2012-8-13,2394.5,2351.93
2012-8-14,2352.66,2357.02
2012-8-15,2350.02,2331.61
2012-8-16,2327.91,2319.67
2012-8-17,2318.43,2313.48
2012-8-20,2294.9,2301.79
2012-8-21,2301.93,2313.7
2012-8-22,2315.14,2295.59
2012-8-23,2298.18,2302.2
2012-8-24,2295.68,2275.68
2012-8-27,2268.49,2228.2
2012-8-28,2226.9,2238.41
2012-8-29,2230.2,2214.81
2012-8-30,2204.51,2211.37
2012-8-31,2205.57,2204.87
2012-9-3,2201.12,2228.37
2012-9-4,2231.72,2204.41
2012-9-5,2199.74,2199.88
2012-9-6,2204.44,2217.82
2012-9-7,2233.91,2317.18
2012-9-10,2320.56,2326.67
2012-9-11,2316.53,2311.89
2012-9-12,2325.93,2320.07
2012-9-13,2316.68,2298.46
2012-9-14,2324.01,2315.54
2012-9-17,2312.05,2258.71
2012-9-18,2249.43,2235.24
2012-9-19,2237.22,2246.24
2012-9-20,2236.19,2195.95
2012-9-21,2190.33,2199.06
2012-9-24,2183.97,2215.52
2012-9-25,2209.98,2210.15
2012-9-26,2208.91,2184.89
2012-9-27,2186,2251.72
2012-9-28,2235.06,2293.11
2012-10-8,2291.96,2270.05
2012-10-9,2281.75,2320.16
2012-10-10,2314.59,2324.12
2012-10-11,2315.9,2302.53
2012-10-12,2311.28,2304.53
2012-10-15,2306.01,2294.86
2012-10-16,2293.24,2298.16
2012-10-17,2307.36,2300.8
2012-10-18,2307.49,2336.08
2012-10-19,2335.1,2332.47
2012-10-22,2320.47,2341.59
2012-10-23,2340.89,2312.08
2012-10-24,2303.4,2307.78
2012-10-25,2306.73,2291.24
2012-10-26,2291.31,2247.91
2012-10-29,2241.8,2235.85
2012-10-30,2236.32,2239.88
2012-10-31,2241.43,2254.82
2012-11-1,2256.61,2297.88
2012-11-2,2297.9,2306.77
2012-11-5,2302.74,2301.88
2012-11-6,2301.98,2292.21
2012-11-7,2288.76,2287.5
2012-11-8,2269.58,2245.41
2012-11-9,2241.76,2240.92
2012-11-12,2242.96,2251.85
2012-11-13,2250.84,2212.44
2012-11-14,2213.09,2223.11
2012-11-15,2210.75,2193.62
2012-11-16,2189.51,2177.24
2012-11-19,2175.18,2174.99
2012-11-20,2180.21,2164.88
2012-11-21,2165.41,2194.9
2012-11-22,2181.18,2177.55
2012-11-23,2184.41,2192.68
2012-11-26,2187.24,2175.6
2012-11-27,2168.59,2150.64
2012-11-28,2142.5,2129.16
2012-11-29,2128.8,2115.68
2012-11-30,2114.24,2139.66
2012-12-3,2136.7,2108.85
2012-12-4,2104.93,2131.47
2012-12-5,2128.39,2207.88
2012-12-6,2205.6,2203.6
2012-12-7,2203.89,2246.76
2012-12-10,2254.92,2271.05
2012-12-11,2263.21,2258.5
2012-12-12,2257.73,2267.77
2012-12-13,2260.6,2242.64
2012-12-14,2245.64,2355.86
2012-12-17,2359.2,2366.7
2012-12-18,2361.09,2368.12
2012-12-19,2362.8,2371.11
2012-12-20,2361.32,2384.82
2012-12-21,2386.38,2372
2012-12-24,2368.01,2381.22
2012-12-25,2373.88,2448.4
2012-12-26,2445.99,2457.62
2012-12-27,2464.78,2444.59
2012-12-28,2448.08,2480.05
2012-12-31,2485.56,2522.95
2013-1-4,2551.81,2524.41
2013-1-7,2518.05,2535.99
2013-1-8,2534.65,2525.33
2013-1-9,2518.1,2526.13
2013-1-10,2525.59,2530.57
2013-1-11,2533.5,2483.23
2013-1-14,2474.18,2577.73
2013-1-15,2579.13,2595.86
2013-1-16,2591.36,2577.09
2013-1-17,2570.71,2552.76
2013-1-18,2568.69,2595.44
2013-1-21,2605.65,2610.9
2013-1-22,2610.39,2596.9
2013-1-23,2588.2,2607.46
2013-1-24,2606.43,2582.75
2013-1-25,2580.88,2571.67
2013-1-28,2577.27,2651.86
2013-1-29,2655.38,2675.87
2013-1-30,2678.43,2688.71
2013-1-31,2690.95,2686.88
2013-2-1,2677.19,2743.32
2013-2-4,2753.69,2748.03
2013-2-5,2727.93,2771.68
2013-2-6,2771.91,2775.84
2013-2-7,2771.53,2759.87
2013-2-8,2755.65,2771.73
2013-2-18,2784.06,2737.47
2013-2-19,2735.04,2685.61
2013-2-20,2686.09,2702.64
2013-2-21,2675.74,2610.55
2013-2-22,2607.65,2596.6
2013-2-25,2607.15,2604.96
2013-2-26,2587.38,2567.59
2013-2-27,2576.05,2594.68
2013-2-28,2611.94,2673.33
2013-3-1,2671.84,2668.84
2013-3-4,2619.42,2545.72
2013-3-5,2547.89,2622.81
2013-3-6,2634.87,2650.2
2013-3-7,2639.78,2619.48
2013-3-8,2622.68,2606.93
2013-3-11,2600.28,2592.37
2013-3-12,2590.39,2555.61
2013-3-13,2551.73,2527.49
2013-3-14,2517.75,2534.27
2013-3-15,2533.72,2539.87
2013-3-18,2526.08,2502.49
2013-3-19,2507.4,2525.1
2013-3-20,2526.97,2610.17
2013-3-21,2611.58,2614.99
2013-3-22,2612.26,2618.31
2013-3-25,2628.41,2613.1
2013-3-26,2601.96,2575.05
2013-3-27,2575.73,2583.53
2013-3-28,2535.99,2499.3
2013-3-29,2502.78,2495.08
2013-4-1,2486.43,2493.19
2013-4-2,2495.84,2486.39
2013-4-3,2493.88,2483.55
2013-4-8,2443.24,2472.3
2013-4-9,2477.29,2489.43
2013-4-10,2487.98,2485.31
2013-4-11,2502.5,2477.88
2013-4-12,2476.32,2462.11
2013-4-15,2453.97,2436.82
2013-4-16,2419.51,2459.59
2013-4-17,2457.88,2458.47
2013-4-18,2440.71,2464.85
2013-4-19,2469.95,2533.83
2013-4-22,2525.11,2530.67
2013-4-23,2532.2,2449.47
2013-4-24,2452.78,2495.58
2013-4-25,2486.86,2467.88
2013-4-26,2477.72,2447.31
2013-5-2,2434.6,2449.64
2013-5-3,2457.54,2492.91
2013-5-6,2502.98,2525.98
2013-5-7,2519.36,2529.94
2013-5-8,2542.27,2542.8
2013-5-9,2542.37,2527.79
2013-5-10,2519.52,2540.84
2013-5-13,2542.41,2530.77
2013-5-14,2526,2493.34
2013-5-15,2493.97,2506.93
2013-5-16,2501.12,2552.71
2013-5-17,2550.45,2592.05
2013-5-20,2597.15,2609.61
2013-5-21,2607.39,2614.85
2013-5-22,2613.41,2618.03
2013-5-23,2604.93,2582.85
2013-5-24,2591.42,2597.23
2013-5-27,2593.52,2599.59
2013-5-28,2600.63,2644.36
2013-5-29,2648.93,2642.56
2013-5-30,2633.96,2634.32
2013-5-31,2638.71,2606.43
2013-6-3,2605.97,2602.62
2013-6-4,2600.5,2565.67
2013-6-5,2565.33,2560.54
2013-6-6,2552.82,2527.84
2013-6-7,2526.91,2484.16
2013-6-13,2448.72,2399.94
2013-6-14,2404.42,2416.77
2013-6-17,2422.76,2403.84
2013-6-18,2413.09,2418.75
2013-6-19,2408.28,2400.76
2013-6-20,2386.1,2321.47
2013-6-21,2283.15,2317.39
2013-6-24,2308.07,2171.21
2013-6-25,2146.05,2165.42
2013-6-26,2170.33,2168.3
2013-6-27,2172.85,2160.74
2013-6-28,2149.03,2200.64
2013-7-1,2187.09,2213.32
2013-7-2,2211.8,2221.98
2013-7-3,2211.04,2203.83
2013-7-4,2187.18,2221.98
2013-7-5,2227.35,2226.85
2013-7-8,2194.42,2163.62
2013-7-9,2160.7,2162.67
2013-7-10,2163.1,2224.06
2013-7-11,2232.16,2326.69
2013-7-12,2319.02,2275.37
2013-7-15,2289.76,2307.3
2013-7-16,2300.83,2317.85
2013-7-17,2311.44,2282.84
2013-7-18,2272.95,2245.33
2013-7-19,2248.13,2190.48
2013-7-22,2170.09,2202.19
2013-7-23,2211.59,2265.84
2013-7-24,2253.38,2249.15
2013-7-25,2255.22,2237.68
2013-7-26,2226.43,2224.01
2013-7-29,2205.08,2175.97
2013-7-30,2184.01,2189.39
2013-7-31,2211.75,2193.02
2013-8-1,2206,2245.36
2013-8-2,2263.5,2247.26
2013-8-5,2249.98,2278.33
2013-8-6,2270.67,2293.64
2013-8-7,2292.38,2280.62
2013-8-8,2277.25,2276.78
2013-8-9,2288.51,2286.01
2013-8-12,2296.22,2352.79
2013-8-13,2352.88,2359.07
2013-8-14,2362.62,2349.08
2013-8-15,2348.84,2321.58
2013-8-16,2314.26,2304.14
2013-8-19,2286.2,2331.43
2013-8-20,2325.86,2312.47
2013-8-21,2320.58,2308.59
2013-8-22,2302.67,2303.93
2013-8-23,2314.87,2286.93
2013-8-26,2294.76,2335.62
2013-8-27,2332.8,2340.88
2013-8-28,2326.1,2328.06
2013-8-29,2338.56,2318.31
2013-8-30,2315.91,2313.91
2013-9-2,2319.96,2320.34
2013-9-3,2326.23,2354.5
2013-9-4,2352.54,2350.7
2013-9-5,2350.93,2341.74
2013-9-6,2336.77,2357.78
2013-9-9,2374.26,2440.61
2013-9-10,2446.45,2474.89
2013-9-11,2483.79,2482.89
2013-9-12,2480.47,2507.46
2013-9-13,2502.54,2488.9
2013-9-16,2501.08,2478.39
2013-9-17,2480.81,2427.32
2013-9-18,2426.04,2432.51
2013-9-23,2441.52,2472.29
2013-9-24,2470.72,2443.89
2013-9-25,2440.83,2429.03
2013-9-26,2422.63,2384.44
2013-9-27,2382.22,2394.97
2013-9-30,2406.21,2409.04
2013-10-8,2406.42,2441.81
2013-10-9,2432.94,2453.58
2013-10-10,2455.64,2429.32
2013-10-11,2442.36,2468.51
2013-10-14,2472.27,2472.54
2013-10-15,2475.32,2467.52
2013-10-16,2459.08,2421.37
2013-10-17,2432.65,2413.33
2013-10-18,2415.12,2426.05
2013-10-21,2431.92,2471.32
2013-10-22,2470.25,2445.89
2013-10-23,2451.56,2418.49
2013-10-24,2412.24,2400.51
2013-10-25,2400.52,2368.56
2013-10-28,2372.57,2365.95
2013-10-29,2369.22,2372.05
2013-10-30,2371.85,2407.47
2013-10-31,2398.4,2373.72
2013-11-1,2373.96,2384.96
2013-11-4,2397.21,2380.45
2013-11-5,2366.88,2383.77
2013-11-6,2371.32,2353.57
2013-11-7,2351.87,2340.55
2013-11-8,2329.08,2307.95
2013-11-11,2305.94,2315.89
2013-11-12,2319.36,2340
2013-11-13,2325.36,2288.12
2013-11-14,2291.27,2304.5
2013-11-15,2306.55,2350.73
2013-11-18,2367.88,2428.9
2013-11-19,2427.93,2412.16
2013-11-20,2428.77,2424.85
2013-11-21,2412.45,2409.99
2013-11-22,2415.29,2397.96
2013-11-25,2385.78,2388.63
2013-11-26,2387.83,2387.42
2013-11-27,2386.36,2414.48
2013-11-28,2419.15,2439.53
2013-11-29,2442.68,2438.94
2013-12-2,2423.97,2418.79
2013-12-3,2410.69,2442.78
2013-12-4,2439.82,2475.14
2013-12-5,2476.45,2468.2
2013-12-6,2463.04,2452.29
2013-12-9,2460.03,2450.87
2013-12-10,2456.23,2453.32
2013-12-11,2440.5,2412.76
2013-12-12,2406.77,2410.01
2013-12-13,2388.66,2406.64
2013-12-16,2408.68,2367.92
2013-12-17,2369.25,2356.38
2013-12-18,2356.7,2357.23
2013-12-19,2366.21,2332.41
2013-12-20,2335.05,2278.14
2013-12-23,2283.8,2284.6
2013-12-24,2291.12,2288.25
2013-12-25,2291.75,2305.11
2013-12-26,2299.97,2265.33
2013-12-27,2268.53,2303.48
2013-12-30,2313.38,2299.46
2013-12-31,2289.01,2330.03
2014-1-2,2323.43,2321.98
2014-1-3,2311.97,2290.78
2014-1-6,2286.37,2238.64
2014-1-7,2222.31,2238
2014-1-8,2240.64,2241.91
2014-1-9,2236.97,2222.22
2014-1-10,2216.52,2204.85
2014-1-13,2207,2193.68
2014-1-14,2192.84,2212.85
2014-1-15,2210.02,2208.94
2014-1-16,2209.45,2211.84
2014-1-17,2203.82,2178.49
2014-1-20,2173.65,2165.99
2014-1-21,2168.42,2187.41
2014-1-22,2190.43,2243.8
2014-1-23,2242.25,2231.89
2014-1-24,2225.76,2245.68
2014-1-27,2233.01,2215.92
2014-1-28,2220.78,2219.85
2014-1-29,2225.71,2227.78
2014-1-30,2223.16,2202.45
2014-2-7,2187.34,2212.48
2014-2-10,2221.54,2267.53
2014-2-11,2267.74,2285.56
2014-2-12,2286.19,2291.25
2014-2-13,2288.45,2279.55
2014-2-14,2278.4,2295.57
2014-2-17,2308.79,2311.65
2014-2-18,2310.31,2282.44
2014-2-19,2280.93,2308.66
2014-2-20,2314.09,2287.44
2014-2-21,2284.03,2264.29
2014-2-24,2246.72,2214.51
2014-2-25,2216.51,2157.91
2014-2-26,2147.74,2163.41
2014-2-27,2170.81,2154.11
2014-2-28,2149.45,2178.97
2014-3-3,2173.91,2190.37
2014-3-4,2183.86,2184.27
2014-3-5,2187.35,2163.98
2014-3-6,2159.4,2173.63
2014-3-7,2170.04,2168.36
2014-3-10,2149.68,2097.79
2014-3-11,2092.61,2108.66
2014-3-12,2102.8,2114.13
2014-3-13,2119.55,2140.33
2014-3-14,2129.87,2122.84
2014-3-17,2132.79,2143.04
2014-3-18,2146.12,2138.13
2014-3-19,2131.28,2120.87
2014-3-20,2116.19,2086.97
2014-3-21,2079.87,2158.8
2014-3-24,2161.9,2176.55
2014-3-25,2170.78,2174.44
2014-3-26,2181.23,2171.05
2014-3-27,2168.34,2155.71
2014-3-28,2154.51,2151.97
2014-3-31,2156.05,2146.3
2014-4-1,2143.72,2163.11
2014-4-2,2166.07,2180.73
2014-4-3,2188.64,2165.01
2014-4-4,2157.98,2185.47
2014-4-8,2179.92,2237.32
2014-4-9,2239.79,2238.62
2014-4-10,2241.45,2273.76
2014-4-11,2269.56,2270.67
2014-4-14,2267.94,2268.61
2014-4-15,2261.41,2229.46
2014-4-16,2223.47,2232.53
2014-4-17,2238.78,2224.8
2014-4-18,2215.88,2224.48
2014-4-21,2209.94,2187.25
2014-4-22,2184.02,2196.79
2014-4-23,2191.23,2194.24
2014-4-24,2192.77,2190.47
2014-4-25,2195.81,2167.83
2014-4-28,2165.77,2134.97
2014-4-29,2134.41,2158.47
2014-4-30,2158.76,2158.66
2014-5-5,2152.59,2156.47
2014-5-6,2151.39,2157.33
2014-5-7,2151.47,2137.32
2014-5-8,2132.04,2135.5
2014-5-9,2138.84,2133.91
2014-5-12,2150.31,2180.05
2014-5-13,2180.06,2174.85
2014-5-14,2175.09,2172.37
2014-5-15,2169.28,2144.08
2014-5-16,2143.93,2145.95
2014-5-19,2139.36,2115.14
2014-5-20,2124.71,2115.77
2014-5-21,2106.76,2135.91
2014-5-22,2134.09,2130.87
2014-5-23,2130.77,2148.41
2014-5-26,2161.89,2155.98
2014-5-27,2154.4,2147.28
2014-5-28,2147.47,2169.35
2014-5-29,2171.26,2155.16
2014-5-30,2156.38,2156.46
2014-6-3,2157.64,2149.92
2014-6-4,2149.41,2128.27
2014-6-5,2126.61,2150.6
2014-6-6,2149.21,2134.72
2014-6-9,2128.23,2134.28
2014-6-10,2138.67,2161.27
2014-6-11,2156.15,2160.77
2014-6-12,2156.76,2153.41
2014-6-13,2150.99,2176.24
2014-6-16,2176.44,2191.85
2014-6-17,2185.68,2169.67
2014-6-18,2169.25,2160.24
2014-6-19,2161.43,2126.91
2014-6-20,2124.96,2136.73
2014-6-23,2137.93,2134.11
2014-6-24,2131.69,2144.82
2014-6-25,2141.73,2133.37
2014-6-26,2135.16,2149.08
2014-6-27,2146.37,2150.26
2014-6-30,2152.31,2165.12
2014-7-1,2169.2,2164.56
2014-7-2,2164,2170.87
2014-7-3,2169,2180.19
2014-7-4,2180.45,2178.7
2014-7-7,2178.55,2176.29
2014-7-8,2174.83,2180.47
2014-7-9,2178.14,2148.71
2014-7-10,2146.6,2142.85
2014-7-11,2136.32,2148.01
2014-7-14,2149.54,2171.76
2014-7-15,2170.09,2174.98
2014-7-16,2172.82,2170.87
2014-7-17,2166.83,2157.07
2014-7-18,2147.66,2164.14
2014-7-21,2164.22,2166.29
2014-7-22,2162.44,2192.7
2014-7-23,2191.39,2197.83
2014-7-24,2199.83,2237.01
2014-7-25,2243.07,2260.45
2014-7-28,2272.38,2323.9
2014-7-29,2326.04,2331.37
2014-7-30,2324.69,2322.01
2014-7-31,2321.97,2350.25
2014-8-1,2341.23,2329.4
2014-8-4,2336.63,2375.62
2014-8-5,2376.8,2369.35
2014-8-6,2358.21,2363.22
2014-8-7,2363.61,2327.46
2014-8-8,2329.18,2331.13
2014-8-11,2338.01,2365.35
2014-8-12,2361.17,2357.05
2014-8-13,2358.46,2358.9
2014-8-14,2357.2,2335.95
2014-8-15,2337.99,2360.64
2014-8-18,2366.27,2374.56
2014-8-19,2378.89,2374.77
2014-8-20,2371.65,2366.14
2014-8-21,2365.73,2354.24
2014-8-22,2352.32,2365.36
2014-8-25,2367.02,2342.86
2014-8-26,2339.6,2324.09
2014-8-27,2323.79,2327.59
2014-8-28,2328.06,2311.28
2014-8-29,2317.3,2338.29
2014-9-1,2340.93,2355.32
2014-9-2,2359.86,2386.46
2014-9-3,2389.69,2408.84
2014-9-4,2411.93,2426.22
2014-9-5,2433.17,2449.26
2014-9-9,2452.23,2445.22
2014-9-10,2435.59,2432.43
2014-9-11,2430.68,2423.45
2014-9-12,2418.75,2438.36
2014-9-15,2433,2437.19
2014-9-16,2440.34,2388.76
2014-9-17,2395.36,2401.33
2014-9-18,2396.38,2408.66
2014-9-19,2409.31,2425.21
2014-9-22,2419.33,2378.92
2014-9-23,2379.52,2399.46
2014-9-24,2391.42,2441.86
2014-9-25,2453.42,2436.97
2014-9-26,2430.81,2437.2
2014-9-29,2443.91,2447.8
2014-9-30,2452.17,2450.99
2014-10-8,2460.87,2478.38
2014-10-9,2480.2,2481.96
2014-10-10,2472.1,2466.79
2014-10-13,2457.41,2454.95
2014-10-14,2451.09,2446.56
2014-10-15,2444.54,2463.87
2014-10-16,2448.97,2444.4
2014-10-17,2443.22,2441.73
2014-10-20,2448.45,2454.71
2014-10-21,2453.41,2433.39
2014-10-22,2434.89,2418.64
2014-10-23,2415.44,2395.94
2014-10-24,2397.85,2390.71
2014-10-27,2377.54,2368.83
2014-10-28,2373.16,2416.65
2014-10-29,2423.81,2451.38
2014-10-30,2450.36,2468.93
2014-10-31,2473.5,2508.32
2014-11-3,2515.82,2512.55
2014-11-4,2511.04,2513.17
2014-11-5,2516.87,2503.45
2014-11-6,2505.17,2506.07
2014-11-7,2508.76,2502.15
2014-11-10,2529.83,2565.73
2014-11-11,2578.44,2558.61
2014-11-12,2545.4,2594.32
2014-11-13,2597.39,2579.75
2014-11-14,2569.21,2581.09
2014-11-17,2613.51,2567.1
2014-11-18,2565.27,2541.42
2014-11-19,2538.23,2537.22
2014-11-20,2528.78,2537.1
2014-11-21,2537.54,2583.46
2014-11-24,2614.16,2649.26
2014-11-25,2650.08,2685.56
2014-11-26,2695.26,2723.02
2014-11-27,2737.03,2754.49
2014-11-28,2753.93,2808.82
2014-12-1,2825.61,2819.81
2014-12-2,2807.34,2923.94
2014-12-3,2936.12,2967.55
2014-12-4,2975.4,3104.35
2014-12-5,3143.97,3124.89
2014-12-8,3108.27,3252.88
2014-12-9,3233.1,3106.91
2014-12-10,3120.21,3221.55
2014-12-11,3185.16,3183.01
2014-12-12,3182.92,3193.23
2014-12-15,3176.83,3217.23
2014-12-16,3221.36,3303.4
2014-12-17,3325.82,3360.6
2014-12-18,3359.09,3345.93
2014-12-19,3345.63,3383.17
2014-12-22,3396.25,3394.48
2014-12-23,3358.8,3324.92
2014-12-24,3332.15,3230.39
2014-12-25,3254.48,3335.42
2014-12-26,3343.64,3445.84
2014-12-29,3502.18,3455.46
2014-12-30,3450.81,3457.55
2014-12-31,3462.39,3533.71
2015-1-5,3566.09,3641.54
2015-1-6,3608.43,3641.06
2015-1-7,3620.92,3643.79
2015-1-8,3650.07,3559.26
2015-1-9,3547.57,3546.72
2015-1-12,3531.51,3513.58
2015-1-13,3506.45,3514.04
2015-1-14,3522.91,3502.42
2015-1-15,3501.72,3604.12
2015-1-16,3616.25,3635.15
2015-1-19,3414.01,3355.16
2015-1-20,3336.79,3396.22
2015-1-21,3420.49,3548.89
2015-1-22,3551.05,3567.61
2015-1-23,3582.09,3571.73
2015-1-26,3580.12,3607.99
2015-1-27,3614.04,3574.93
2015-1-28,3547.24,3525.32
2015-1-29,3474.92,3481.8
2015-1-30,3496.89,3434.39
2015-2-2,3360.19,3353.96
2015-2-3,3388.6,3437.45
2015-2-4,3446.14,3401.77
2015-2-5,3487.95,3366.95
2015-2-6,3352.33,3312.42
2015-2-9,3305.73,3345.92
2015-2-10,3345.08,3406.94
2015-2-11,3415.98,3434.12
2015-2-12,3435.36,3442.87
2015-2-13,3458.83,3469.83
2015-2-16,3473.29,3499.48
2015-2-17,3511.54,3522.32
2015-2-25,3529.55,3478.73
2015-2-26,3473.71,3566.29
2015-2-27,3565.23,3572.84
2015-3-2,3603.45,3601.26
2015-3-3,3579.31,3507.9
2015-3-4,3514.67,3530.82
2015-3-5,3513.25,3496.34
2015-3-6,3501.18,3478.52
2015-3-9,3449.7,3537.75
2015-3-10,3523.64,3520.61
2015-3-11,3524.57,3524.65
2015-3-12,3557.69,3592.84
2015-3-13,3604.67,3617.66
2015-3-16,3641.77,3705.67
2015-3-17,3733.96,3757.12
2015-3-18,3769.09,3846.05
2015-3-19,3851.25,3839.74
2015-3-20,3852.49,3892.57
2015-3-23,3923.08,3972.06
2015-3-24,3980.07,3973.05
2015-3-25,3961.58,3940.41
2015-3-26,3921.75,3950
2015-3-27,3957.542,3971.697
2015-3-30,3999.02,4088.18
2015-3-31,4138.88,4051.2
2015-4-1,4057.5,4123.9
2015-4-2,4149.95,4124.78
2015-4-3,4104.67,4170.54
2015-4-7,4213.89,4260.04
2015-4-8,4277.45,4295.8
2015-4-9,4316.96,4262.14
2015-4-10,4249.38,4344.42
2015-4-13,4394.05,4421.07
2015-4-14,4432.13,4438.18
2015-4-15,4439.31,4380.51
2015-4-16,4355.49,4513.55
2015-4-17,4578.68,4596.14
2015-4-20,4615.03,4521.92
2015-4-21,4520.46,4619.16
2015-4-22,4637.06,4739.81
2015-4-23,4764.48,4740.89
2015-4-24,4682.63,4702.64
2015-4-27,4753.87,4807.59
2015-4-28,4811.32,4741.86
2015-4-29,4722.9,4774.33
2015-4-30,4788.41,4749.89
2015-5-4,4757.64,4787.74
2015-5-5,4785.19,4596.84
2015-5-6,4626.23,4553.33
2015-5-7,4520.82,4470.09
2015-5-8,4515.55,4558.4
2015-5-11,4582.09,4690.53
2015-5-12,4692.12,4747.42
2015-5-13,4746.71,4718.44
2015-5-14,4717.96,4700.78
2015-5-15,4690.75,4617.47
2015-5-18,4582.06,4575.14
2015-5-19,4577.64,4731.22
2015-5-20,4751.57,4754.92
2015-5-21,4768.69,4840.98
2015-5-22,4895.92,4951.33
2015-5-25,4949.11,5099.5
2015-5-26,5140.8,5198.92
2015-5-27,5216.17,5181.43
2015-5-28,5174.1,4834.01
2015-5-29,4839.53,4840.83
2015-6-1,4862.76,5076.18
2015-6-2,5091.27,5161.87
2015-6-3,5176.6,5143.59
2015-6-4,5156.01,5181.42
2015-6-5,5254.9,5230.55
2015-6-8,5259.41,5353.75
2015-6-9,5379.47,5317.46
2015-6-10,5254.3,5309.11
2015-6-11,5305.14,5306.59
2015-6-12,5329.28,5335.12
2015-6-15,5354.01,5221.17
2015-6-16,5165.02,5064.82
2015-6-17,5072.31,5138.83
2015-6-18,5107.69,4930.55
2015-6-19,4847.06,4637.05
2015-6-23,4641.42,4786.09
2015-6-24,4811.6,4880.13
2015-6-25,4906.24,4706.52
2015-6-26,4573.87,4336.19
2015-6-29,4446.84,4191.55
2015-6-30,4161.07,4473
2015-7-1,4408.98,4253.02
2015-7-2,4287.73,4108
2015-7-3,4017.2,3885.92
2015-7-6,4218.27,3998.54
2015-7-7,3877.85,3928
2015-7-8,3651.06,3663.04
2015-7-9,3621.68,3897.63
2015-7-10,3916.27,4106.56
2015-7-13,4132.23,4211.81
2015-7-14,4178.63,4112.15
2015-7-15,4068.88,3966.76
2015-7-16,3949.64,3997.36
2015-7-17,4023.76,4151.5
2015-7-20,4157.06,4160.61
2015-7-21,4109.76,4166.01
2015-7-22,4148.56,4157.16
2015-7-23,4158.93,4250.81
2015-7-24,4255.2,4176.28
2015-7-27,4097.8,3818.73
2015-7-28,3690.97,3811.09
2015-7-29,3839.96,3930.38
2015-7-30,3915.78,3815.41
2015-7-31,3777.16,3816.7
2015-8-3,3766.07,3829.24
2015-8-4,3827.37,3948.16
2015-8-5,3937.62,3866.9
2015-8-6,3802.93,3831.85
2015-8-7,3866.43,3906.95
2015-8-10,3947.47,4084.36
2015-8-11,4083.59,4066.67
2015-8-12,4025.67,4016.13
2015-8-13,4010.01,4075.46
2015-8-14,4097.92,4073.54
2015-8-17,4058.11,4077.87
2015-8-18,4084.31,3825.41
2015-8-19,3748.27,3886.14
2015-8-20,3848.4,3761.45
2015-8-21,3714.29,3589.54
2015-8-24,3454.6,3275.53
2015-8-25,3070.01,3042.93
2015-8-26,3062.57,3025.69
2015-8-27,3092.81,3205.64
2015-8-28,3246.24,3342.29
2015-8-31,3307.4,3366.54
2015-9-1,3296.53,3362.08
2015-9-2,3220.85,3365.83
2015-9-7,3347.29,3250.49
2015-9-8,3221.79,3334.02
2015-9-9,3344.82,3399.3
2015-9-10,3349.28,3357.56
2015-9-11,3349.88,3347.19
2015-9-14,3367.64,3281.13
2015-9-15,3208.74,3152.23
2015-9-16,3149.16,3309.25
2015-9-17,3287.66,3237
2015-9-18,3254.44,3251.27
2015-9-21,3222.6,3308.25
2015-9-22,3312.37,3339.03
2015-9-23,3290.07,3263.03
2015-9-24,3278.9,3285
2015-9-25,3272.67,3231.95
2015-9-28,3226.61,3242.75
2015-9-29,3197.22,3178.85
2015-9-30,3195.9,3202.95
2015-10-8,3324.98,3296.48
2015-10-9,3302.36,3340.12
2015-10-12,3351.14,3447.69
2015-10-13,3422.48,3445.04
2015-10-14,3431.14,3406.11
2015-10-15,3403.39,3486.81
2015-10-16,3508.52,3534.06
2015-10-19,3548.95,3534.18
2015-10-20,3527.88,3577.7
2015-10-21,3580.84,3473.25
2015-10-22,3453.2,3524.53
2015-10-23,3536.84,3571.24
2015-10-26,3614.7,3589.26
2015-10-27,3569.45,3592.88
2015-10-28,3575.8,3524.92
2015-10-29,3539.98,3533.31
2015-10-30,3530.22,3534.08
2015-11-2,3489.23,3475.96
2015-11-3,3484.72,3465.49
2015-11-4,3477.16,3628.54
2015-11-5,3630.78,3705.97
2015-11-6,3698.34,3793.37
2015-11-9,3796.38,3840.35
2015-11-10,3806.67,3833.24
2015-11-11,3828.45,3833.65
2015-11-12,3841.74,3795.32
2015-11-13,3756.2,3746.24
2015-11-16,3682.74,3764.13
2015-11-17,3790.43,3758.39
2015-11-18,3760.46,3715.58
2015-11-19,3725.62,3774.97
2015-11-20,3778.88,3774.38
2015-11-23,3774.44,3753.33
2015-11-24,3745.76,3753.89
2015-11-25,3747.76,3781.61
2015-11-26,3795.25,3759.43
2015-11-27,3739.1,3556.99
2015-11-30,3554.89,3566.41
2015-12-1,3562.32,3591.7
2015-12-2,3587.76,3721.96
2015-12-3,3709.55,3749.3
2015-12-4,3719.73,3677.59
2015-12-7,3681.58,3687.61
2015-12-8,3668.84,3623.02
2015-12-9,3613.42,3635.94
2015-12-10,3634.37,3623.08
2015-12-11,3605.37,3608.06
2015-12-14,3573.88,3711.32
2015-12-15,3707.73,3694.39
2015-12-16,3703.95,3685.44
2015-12-17,3712.78,3755.89
2015-12-18,3754.96,3767.91
2015-12-21,3762.1,3865.97
2015-12-22,3872.1,3876.73
2015-12-23,3877.87,3866.38
2015-12-24,3858.14,3829.4
2015-12-25,3832.08,3838.2
2015-12-28,3847.53,3727.63
2015-12-29,3723.05,3761.87
2015-12-30,3762.91,3765.18
2015-12-31,3760.9,3731
2016-1-4,3725.86,3470.41
2016-1-5,3382.18,3478.78
2016-1-6,3482.41,3539.81
2016-1-7,3481.15,3294.38
2016-1-8,3371.87,3361.56
2016-1-11,3303.12,3192.45
2016-1-12,3214.82,3215.71
2016-1-13,3240.48,3155.88
2016-1-14,3076.64,3221.57
2016-1-15,3200.89,3118.73
2016-1-18,3068.23,3130.73
2016-1-19,3132.7,3223.12
2016-1-20,3204.22,3174.38
2016-1-21,3136.38,3081.35
2016-1-22,3114.9,3113.46
2016-1-25,3129.03,3128.89
2016-1-26,3099.6,2940.51
2016-1-27,2953.18,2930.35
2016-1-28,2909.33,2853.76
2016-1-29,2855.6,2946.09
2016-2-1,2939.04,2901.05
2016-2-2,2901.53,2961.33
2016-2-3,2931.29,2948.64
2016-2-4,2960.33,2984.76
2016-2-5,2982.06,2963.79
2016-2-15,2888.43,2946.71
2016-2-16,2962.19,3037.04
2016-2-17,3034.09,3063.32
2016-2-18,3079.53,3053.7
2016-2-19,3047.94,3051.58
2016-2-22,3083.93,3118.87
2016-2-23,3117.2,3089.36
2016-2-24,3077.61,3109.55
2016-2-25,3104.41,2918.75
2016-2-26,2942.1,2948.03
2016-2-29,2939.58,2877.47
2016-3-1,2881.34,2930.69
2016-3-2,2933.92,3051.33
2016-3-3,3050.39,3058.42
2016-3-4,3047.54,3093.89
2016-3-7,3109,3104.84
2016-3-8,3100.15,3107.67
2016-3-9,3045.92,3071.91
2016-3-10,3056.21,3013.15
2016-3-11,2990.21,3018.28
2016-3-14,3039.57,3065.69
2016-3-15,3061.34,3074.78
2016-3-16,3068.87,3090.03
2016-3-17,3096.81,3124.2
2016-3-18,3136.22,3171.96
2016-3-21,3203.29,3249.44
2016-3-22,3231.61,3225.79
2016-3-23,3217.73,3236.09
2016-3-24,3211.5,3181.85
2016-3-25,3176.81,3197.82
2016-3-28,3206.95,3169.73
2016-3-29,3171.31,3135.41
2016-3-30,3161.29,3216.28
2016-3-31,3229.2,3218.09
2016-4-1,3213.67,3221.89
2016-4-5,3211.3,3264.49
2016-4-6,3250.52,3257.53
2016-4-7,3266.29,3209.29
2016-4-8,3189.85,3185.73
2016-4-11,3213.51,3230.1
2016-4-12,3227.37,3218.45
2016-4-13,3237.86,3261.38
2016-4-14,3277.1,3275.83
2016-4-15,3279.86,3272.21
2016-4-18,3252.67,3228.45
2016-4-19,3243.97,3238.3
2016-4-20,3244.14,3181.03
2016-4-21,3160.8,3160.6
2016-4-22,3142.56,3174.9
2016-4-25,3164.74,3162.03
2016-4-26,3159.77,3179.16
2016-4-27,3181.93,3165.92
2016-4-28,3169.33,3160.58
2016-4-29,3153.54,3156.75
2016-5-3,3159.82,3213.54
2016-5-4,3203.47,3209.46
2016-5-5,3204.17,3213.92
2016-5-6,3213.14,3130.35
2016-5-9,3115.43,3065.62
2016-5-10,3055.21,3069.11
2016-5-11,3080.64,3082.81
2016-5-12,3059.38,3090.14
2016-5-13,3081.68,3074.94
2016-5-16,3064.53,3095.31
2016-5-17,3095.52,3086.02
2016-5-18,3071.53,3068.04
2016-5-19,3060.34,3062.5
2016-5-20,3047.78,3078.22
2016-5-23,3078.51,3087.22
2016-5-24,3083.24,3063.56
2016-5-25,3079.75,3059.23
2016-5-26,3056.6,3064.21
2016-5-27,3059.73,3062.5
2016-5-30,3056.31,3066.71
2016-5-31,3068.6,3169.56
2016-6-1,3172.96,3160.55
2016-6-2,3158.03,3167.1
2016-6-3,3172.95,3189.33
2016-6-6,3192.78,3178.79
2016-6-7,3182.44,3177.05
2016-6-8,3171.81,3163.99
2016-6-13,3134.05,3066.34
2016-6-14,3058.44,3075.98
2016-6-15,3043.96,3116.37
2016-6-16,3104.36,3094.67
2016-6-17,3096.09,3110.36
2016-6-20,3114.91,3112.67
2016-6-21,3124.9,3106.32
2016-6-22,3100.45,3133.96
2016-6-23,3129.72,3117.32
2016-6-24,3110.65,3077.16
2016-6-27,3065.13,3120.54
2016-6-28,3107.4,3136.4
2016-6-29,3142.48,3151.39
2016-6-30,3152.83,3153.92
2016-7-1,3156.93,3154.2
2016-7-4,3136.39,3204.7
2016-7-5,3199.16,3207.38
2016-7-6,3197.62,3216.8
2016-7-7,3206.55,3209.95
2016-7-8,3199.75,3192.28
2016-7-11,3199.04,3203.33
2016-7-12,3201.91,3273.18
2016-7-13,3274.02,3282.87
2016-7-14,3277.48,3276.76
2016-7-15,3278.84,3276.28
2016-7-18,3269.71,3262.02
2016-7-19,3260.43,3248.23
2016-7-20,3246.86,3237.6
2016-7-21,3238.34,3252.52
2016-7-22,3251.24,3225.16
2016-7-25,3220.17,3230.89
2016-7-26,3228.23,3269.59
2016-7-27,3270.08,3218.24
2016-7-28,3204.46,3221.14
2016-7-29,3217.19,3203.93
2016-8-1,3196.43,3176.81
2016-8-2,3173.76,3189.05
2016-8-3,3179.68,3193.51
2016-8-4,3190.55,3201.29
2016-8-5,3201.35,3205.11
2016-8-8,3199.57,3234.18
2016-8-9,3232.6,3256.98
2016-8-10,3255.18,3243.34
2016-8-11,3239.56,3233.36
2016-8-12,3231.81,3294.23
2016-8-15,3303.47,3393.42
2016-8-16,3403.38,3378.25
2016-8-17,3377.77,3373.05
2016-8-18,3369.95,3364.49
2016-8-19,3358.55,3365.02
2016-8-22,3364.68,3336.79
2016-8-23,3332.62,3341.83
2016-8-24,3341.93,3329.86
2016-8-25,3314.08,3308.97
2016-8-26,3312.5,3307.09
2016-8-29,3306.57,3307.78
2016-8-30,3310.32,3311.99
2016-8-31,3310.57,3327.79
2016-9-1,3326.74,3301.58
2016-9-2,3298.72,3314.11
2016-9-5,3321.01,3319.68
2016-9-6,3322.02,3342.63
2016-9-7,3344.07,3340.82
2016-9-8,3338.01,3339.56
2016-9-9,3339.37,3318.04
2016-9-12,3271.87,3262.6
2016-9-13,3265.34,3260.33
2016-9-14,3245.74,3238.73
2016-9-19,3242.74,3263.12
2016-9-20,3264.66,3257.4
2016-9-21,3257.71,3266.64
2016-9-22,3281.47,3291.12
2016-9-23,3292.28,3275.67
2016-9-26,3267.69,3220.28
2016-9-27,3214.87,3240.75
2016-9-28,3243.65,3230.89
2016-9-29,3234.86,3244.39
2016-9-30,3240.18,3253.28
2016-10-10,3265.36,3293.87
2016-10-11,3296.87,3306.56
2016-10-12,3299.14,3300.01
2016-10-13,3299.16,3302.65
2016-10-14,3298.73,3305.85
2016-10-17,3305.96,3277.88
2016-10-18,3272.68,3321.33
2016-10-19,3323.3,3316.24
2016-10-20,3317.18,3318.6
2016-10-21,3315.72,3327.74
2016-10-24,3332.51,3367.58
2016-10-25,3367.48,3367.45
2016-10-26,3365.2,3354.8
2016-10-27,3351.46,3345.7
2016-10-28,3347.14,3340.13
2016-10-31,3332.41,3336.28
2016-11-1,3338.71,3359.05
2016-11-2,3350.71,3333.35
2016-11-3,3326.9,3365.08
2016-11-4,3362.21,3354.17
2016-11-7,3353.44,3356.59
2016-11-8,3367.7,3371.12
2016-11-9,3370.6,3353.05
2016-11-10,3374.91,3390.61
2016-11-11,3387.95,3417.22
2016-11-14,3409.22,3430.25
2016-11-15,3428.87,3429.87
2016-11-16,3432.43,3429.59
2016-11-17,3423.47,3436.53
2016-11-18,3437.49,3417.46
2016-11-21,3412.65,3441.11
2016-11-22,3443.22,3468.36
2016-11-23,3473.9,3474.73
2016-11-24,3468.81,3488.74
2016-11-25,3490.04,3521.3
2016-11-28,3538.68,3535.08
2016-11-29,3525.9,3564.04
2016-11-30,3557.64,3538
2016-12-1,3543.96,3565.04
2016-12-2,3559.77,3528.95
2016-12-5,3473.69,3469.41
2016-12-6,3466.24,3459.15
2016-12-7,3458.37,3475.75
2016-12-8,3481.81,3470.14
2016-12-9,3464.87,3493.7
2016-12-12,3489.27,3409.18
2016-12-13,3394.21,3405.04
2016-12-14,3399.41,3378.95
2016-12-15,3363.86,3340.43
2016-12-16,3335.36,3346.03
2016-12-19,3342.34,3328.98
2016-12-20,3328.3,3309.06
2016-12-21,3313.75,3338.54
2016-12-22,3335.12,3335.67
2016-12-23,3333.4,3307.6
2016-12-26,3293.22,3322.4
2016-12-27,3319.21,3316.39
2016-12-28,3315.75,3301.89
2016-12-29,3297.04,3297.76
2016-12-30,3302.6,3310.08
2017-1-3,3313.95,3342.23
2017-1-4,3340.56,3368.31
2017-1-5,3368.34,3367.79
2017-1-6,3366.85,3347.67
2017-1-9,3345.75,3363.9
2017-1-10,3361.64,3358.27
2017-1-11,3355.8,3334.5
2017-1-12,3332.69,3317.62
2017-1-13,3317.96,3319.91
2017-1-16,3314.15,3319.45
2017-1-17,3305.6,3326.36
2017-1-18,3323.34,3339.37
2017-1-19,3330.95,3329.29
2017-1-20,3326.98,3354.89
2017-1-23,3359.05,3364.08
2017-1-24,3363.14,3364.45
2017-1-25,3361.66,3375.9
2017-1-26,3378.26,3387.96
2017-2-3,3390.93,3364.49
2017-2-6,3368.11,3373.21
2017-2-7,3371.77,3365.68
2017-2-8,3361.78,3383.29
2017-2-9,3381.9,3396.29
2017-2-10,3398.32,3413.49
2017-2-13,3416.92,3436.27
2017-2-14,3438.51,3435.8
2017-2-15,3435.39,3421.71
2017-2-16,3421.83,3440.93
2017-2-17,3443.62,3421.44
2017-2-20,3421.64,3471.39
2017-2-21,3475.06,3482.82
2017-2-22,3483.2,3489.76
2017-2-23,3487.57,3473.32
2017-2-24,3468.96,3473.85
2017-2-27,3471.13,3446.22
2017-2-28,3445.03,3452.81
2017-3-1,3452.21,3458.44
2017-3-2,3463.48,3435.1
2017-3-3,3424.66,3427.86
2017-3-6,3427.25,3446.48
2017-3-7,3446.16,3453.96
2017-3-8,3452.2,3448.73
2017-3-9,3442.9,3426.94
2017-3-10,3423.98,3427.89
2017-3-13,3425.67,3458.1
2017-3-14,3456.66,3456.69
2017-3-15,3452.21,3463.64
2017-3-16,3472.27,3481.51
2017-3-17,3485.31,3445.81
2017-3-20,3449.05,3449.61
2017-3-21,3449.77,3466.35
2017-3-22,3450.75,3450.05
2017-3-23,3452.41,3461.98
2017-3-24,3464.2,3489.6
2017-3-27,3488.76,3478.04
2017-3-28,3480.25,3469.81
2017-3-29,3472.97,3465.19
2017-3-30,3461.62,3436.76
2017-3-31,3434.82,3456.05
2017-4-5,3476.42,3503.89
2017-4-6,3507.99,3514.05
2017-4-7,3514.45,3517.46
2017-4-10,3519.46,3505.14
2017-4-11,3503.83,3517.33
2017-4-12,3514.57,3509.44
2017-4-13,3500.28,3514.57
2017-4-14,3516.81,3486.5
2017-4-17,3475.74,3479.94
2017-4-18,3474.89,3462.74
2017-4-19,3452.99,3445.88
2017-4-20,3444.52,3461.55
2017-4-21,3461.39,3466.79
2017-4-24,3458.23,3431.26
2017-4-25,3427.73,3440.97
2017-4-26,3440.25,3445.18
2017-4-27,3435.1,3446.72
2017-4-28,3439.57,3439.75
2017-5-2,3427.92,3426.58
2017-5-3,3421.76,3413.13
2017-5-4,3404.94,3404.39
2017-5-5,3393.48,3382.55
2017-5-8,3369.11,3358.81
2017-5-9,3342.6,3352.53
2017-5-10,3350.65,3337.7
2017-5-11,3322.95,3356.65
2017-5-12,3350.94,3385.38
2017-5-15,3391.59,3399.19
2017-5-16,3390.93,3428.65
2017-5-17,3423.19,3409.97
2017-5-18,3387.67,3398.11
2017-5-19,3395.23,3403.85
2017-5-22,3400.59,3411.24
2017-5-23,3405.03,3424.19
2017-5-24,3409.72,3424.17
2017-5-25,3414.4,3485.66
2017-5-26,3479.62,3480.43
2017-5-31,3495.07,3492.88
2017-6-1,3485.22,3497.74
2017-6-2,3491.59,3486.51
2017-6-5,3480.17,3468.75
2017-6-6,3464.38,3492.88
2017-6-7,3493.88,3533.87
2017-6-8,3531.24,3560.98
2017-6-9,3561.24,3576.17
2017-6-12,3570.22,3574.39
2017-6-13,3569.16,3582.27
2017-6-14,3571.25,3535.3
2017-6-15,3530.75,3528.79
2017-6-16,3522.97,3518.76
2017-6-19,3520.06,3553.67
2017-6-20,3560.79,3546.49
2017-6-21,3567.13,3587.96
2017-6-22,3583.56,3590.34
2017-6-23,3583.44,3622.88
2017-6-26,3627.02,3668.09
2017-6-27,3665.58,3674.72
2017-6-28,3664.16,3646.17
2017-6-29,3649.25,3668.83
2017-6-30,3654.73,3666.8
2017-7-3,3667.23,3650.85
2017-7-4,3646.83,3619.98
2017-7-5,3611.9,3659.68
2017-7-6,3654.56,3660.1
2017-7-7,3647.64,3655.93
2017-7-10,3647.94,3653.69
2017-7-11,3646.88,3670.81
2017-7-12,3672.63,3658.82
2017-7-13,3656.35,3686.92
2017-7-14,3682.62,3703.09
2017-7-17,3700.62,3663.56
2017-7-18,3648.49,3667.18
2017-7-19,3660.87,3729.75
2017-7-20,3725.14,3747.88
2017-7-21,3738.18,3728.6
2017-7-24,3724.38,3743.47
2017-7-25,3742.64,3719.56
2017-7-26,3722.88,3705.39
2017-7-27,3700.86,3712.19
2017-7-28,3703.49,3721.89
2017-7-31,3722.43,3737.87
2017-8-1,3738.74,3770.38
2017-8-2,3768.19,3760.85
2017-8-3,3755.11,3727.83
2017-8-4,3724.72,3707.58
2017-8-7,3701.22,3726.79
2017-8-8,3724.33,3732.21
2017-8-9,3728.03,3731.04
2017-8-10,3724.96,3715.92
2017-8-11,3687.93,3647.35
2017-8-14,3651.38,3694.68
2017-8-15,3695.78,3706.06
2017-8-16,3701.13,3701.42
2017-8-17,3707.07,3721.28
2017-8-18,3707.19,3724.67
2017-8-21,3731.84,3740.99
2017-8-22,3745.75,3752.3
2017-8-23,3747.61,3756.09
2017-8-24,3755.89,3734.65
2017-8-25,3736.29,3795.75
2017-8-28,3805.66,3842.71
2017-8-29,3839.18,3834.54
2017-8-30,3834.27,3834.3
2017-8-31,3835.84,3822.09
2017-9-1,3825.34,3830.54
2017-9-4,3828.54,3845.62
2017-9-5,3845.55,3857.05
2017-9-6,3846.75,3849.45
2017-9-7,3851.69,3829.87
2017-9-8,3830.07,3825.99
2017-9-11,3828.34,3825.65
2017-9-12,3832.24,3837.93
2017-9-13,3835.55,3842.61
2017-9-14,3843.57,3829.96
2017-9-15,3826.14,3831.3
2017-9-18,3832.96,3843.14
2017-9-19,3849.88,3832.12
2017-9-20,3830.15,3842.44
2017-9-21,3843.26,3837.82
2017-9-22,3826.46,3837.73
2017-9-25,3829.22,3817.79
2017-9-26,3810.33,3820.78
2017-9-27,3818.96,3821.2
2017-9-28,3821.59,3822.54
2017-9-29,3825.2,3836.5
2017-10-9,3910.11,3882.21
2017-10-10,3883,3889.86
2017-10-11,3886.82,3902.69
2017-10-12,3902.02,3912.95
2017-10-13,3912.98,3921
2017-10-16,3926.28,3913.45
2017-10-17,3910.79,3913.07
2017-10-18,3914.82,3944.16
2017-10-19,3940.58,3931.25
2017-10-20,3918.53,3926.85
2017-10-23,3930.89,3930.8
2017-10-24,3926.23,3959.4
2017-10-25,3958.17,3976.95
2017-10-26,3980.05,3993.58
2017-10-27,3992.55,4021.97
2017-10-30,4022.16,4009.72
2017-10-31,3995.39,4006.72
2017-11-1,4007.91,3996.62
2017-11-2,3994.09,3997.13
2017-11-3,3992.35,3992.7
2017-11-6,3989.18,4020.89
2017-11-7,4022.4,4054.25
2017-11-8,4051.49,4048.01
2017-11-9,4043.07,4075.9
2017-11-10,4070.28,4111.91
2017-11-13,4115.55,4128.07
2017-11-14,4129.27,4099.35
2017-11-15,4084.21,4073.67
2017-11-16,4063.49,4105.01
2017-11-17,4094.08,4120.85
2017-11-20,4093.73,4143.83
2017-11-21,4131.85,4217.7
2017-11-22,4228.37,4227.57
2017-11-23,4213.38,4102.4
2017-11-24,4089.47,4104.2
2017-11-27,4088.93,4049.95
2017-11-28,4034.21,4055.82
2017-11-29,4061.35,4053.75
2017-11-30,4034.01,4006.1
2017-12-1,4003.56,3998.14
2017-12-4,3989.05,4018.86
2017-12-5,4007.94,4040.17
