date,op,cp
2011-01-04,3155.56,3189.68
2011-01-05,3170.18,3175.66
2011-01-06,3177.84,3159.64
2011-01-07,3156.36,3166.62
2011-01-10,3162.09,3108.19
2011-01-11,3096.25,3124.92
2011-01-12,3135.18,3142.34
2011-01-13,3153.99,3141.28
2011-01-14,3129.67,3091.86
2011-01-17,3067.43,2974.35
2011-01-18,2965.42,2977.65
2011-01-19,2978.46,3044.85
2011-01-20,3037.86,2944.71
2011-01-21,2935.23,2983.46
2011-01-24,2986.09,2954.23
2011-01-25,2949.65,2938.65
2011-01-26,2939.77,2978.43
2011-01-27,2953.59,3026.47
2011-01-28,3020.12,3036.74
2011-01-31,3035.42,3076.51
2011-02-01,3083.49,3077.28
2011-02-09,3055.4,3040.95
2011-02-10,3034.08,3104.16
2011-02-11,3100.27,3120.96
2011-02-14,3123.25,3219.14
2011-02-15,3223.22,3217.67
2011-02-16,3211.14,3248.53
2011-02-17,3255.63,3245.91
2011-02-18,3240.05,3211.88
2011-02-21,3192.15,3257.91
2011-02-22,3267.62,3163.58
2011-02-23,3152.44,3174.74
2011-02-24,3170.24,3190.94
2011-02-25,3190.87,3197.62
2011-02-28,3200.68,3239.56
2011-03-01,3241.71,3254.89
2011-03-02,3237.12,3243.3
2011-03-03,3248.16,3221.72
2011-03-04,3223.51,3270.67
2011-03-07,3287.41,3334.51
2011-03-08,3335.71,3337.46
2011-03-09,3344.1,3338.86
2011-03-10,3330.44,3280.26
2011-03-11,3263.08,3247.38
2011-03-14,3238.91,3262.92
2011-03-15,3250.6,3203.96
2011-03-16,3204.92,3248.2
2011-03-17,3216.29,3197.1
2011-03-18,3228.92,3215.69
2011-03-21,3220.68,3207.11
2011-03-22,3217.8,3222.96
2011-03-23,3222.33,3264.93
2011-03-24,3269.58,3251.36
2011-03-25,3256.18,3294.48
2011-03-28,3307.41,3290.57
2011-03-29,3288.56,3257.98
2011-03-30,3256.72,3256.08
2011-03-31,3257.16,3223.29
2011-04-01,3227.56,3272.73
2011-04-06,3269.19,3311.07
2011-04-07,3313.47,3324.42
2011-04-08,3321.54,3353.36
2011-04-11,3363.37,3333.43
2011-04-12,3324.75,3326.77
2011-04-13,3311.32,3372.03
2011-04-14,3374.32,3353.56
2011-04-15,3345.13,3358.94
2011-04-18,3346.15,3359.44
2011-04-19,3334.91,3295.81
2011-04-20,3300.42,3295.76
2011-04-21,3312.27,3317.37
2011-04-22,3317.08,3299.94
2011-04-25,3292.48,3249.57
2011-04-26,3242.53,3230.96
2011-04-27,3242.62,3209.5
2011-04-28,3224.41,3161.78
2011-04-29,3161.16,3192.72
2011-05-03,3192.85,3211.13
2011-05-04,3192.84,3129.03
2011-05-05,3115,3126.12
2011-05-06,3093.81,3121.4
2011-05-09,3126.26,3129.76
2011-05-10,3135.15,3153.22
2011-05-11,3153.65,3145.09
2011-05-12,3123.16,3101.6
2011-05-13,3105.3,3128.09
2011-05-16,3120.44,3100.46
2011-05-17,3097.07,3116.03
2011-05-18,3109.29,3139.38
2011-05-19,3148.35,3120.64
2011-05-20,3120.58,3121.6
2011-05-23,3115.31,3022.98
2011-05-24,3013.72,3026.22
2011-05-25,3020.32,2990.34
2011-05-26,3011.47,2978.38
2011-05-27,2980.72,2963.31
2011-05-30,2956.58,2954.51
2011-05-31,2958.61,3001.56
2011-06-01,2996.09,3004.17
2011-06-02,2970.63,2955.71
2011-06-03,2951.58,2986.35
2011-06-07,2977.68,3004.26
2011-06-08,3003.58,3008.65
2011-06-09,3000.4,2951.89
2011-06-10,2947.93,2961.93
2011-06-13,2940.39,2950.35
2011-06-14,2947.66,2993.56
2011-06-15,2984.96,2963.12
2011-06-16,2939.68,2917.58
2011-06-17,2916.41,2892.16
2011-06-20,2888.94,2874.9
2011-06-21,2883.35,2909.07
2011-06-22,2913.67,2908.58
2011-06-23,2899.01,2957.63
2011-06-24,2946.61,3027.47
2011-06-27,3028.5,3036.49
2011-06-28,3040.18,3041.73
2011-06-29,3039.05,3000.17
2011-06-30,3003.23,3044.09
2011-07-01,3052.12,3049.75
2011-07-04,3064.94,3121.98
2011-07-05,3122.9,3122.5
2011-07-06,3116.12,3113.71
2011-07-07,3123.29,3101.68
2011-07-08,3105.49,3109.18
2011-07-11,3097.87,3113.21
2011-07-12,3089.14,3056.91
2011-07-13,3060.42,3106.25
2011-07-14,3112.59,3115.75
2011-07-15,3105.5,3128.89
2011-07-18,3131.8,3122.6
2011-07-19,3108.47,3095.13
2011-07-20,3113.71,3091.57
2011-07-21,3092.27,3059.14
2011-07-22,3066.19,3067.99
2011-07-25,3050.9,2968.29
2011-07-26,2965.72,2977.77
2011-07-27,2961.58,3000.05
2011-07-28,2973.64,2981
2011-07-29,2981.02,2972.08
2011-08-01,2969.11,2977.72
2011-08-02,2958.85,2956.38
2011-08-03,2930.19,2954.87
2011-08-04,2962.91,2960.31
2011-08-05,2881.74,2897.42
2011-08-08,2864.51,2793.9
2011-08-09,2720.95,2798.19
2011-08-10,2845.35,2824.12
2011-08-11,2779.72,2866.92
2011-08-12,2881.55,2875.37
2011-08-15,2883.17,2917.88
2011-08-16,2920.83,2897.58
2011-08-17,2893.85,2886.01
2011-08-18,2887.1,2834.25
2011-08-19,2789.35,2807.66
2011-08-22,2809.33,2777.79
2011-08-23,2788.7,2821
2011-08-24,2834.58,2810.02
2011-08-25,2818.7,2903.84
2011-08-26,2889.38,2901.22
2011-08-29,2875.78,2852.81
2011-08-30,2875.14,2841.74
2011-08-31,2843.99,2846.78
2011-09-01,2852.39,2834.54
2011-09-02,2828.84,2803.85
2011-09-05,2780.83,2743.82
2011-09-06,2727.75,2723.3
2011-09-07,2738.79,2779.09
2011-09-08,2788.83,2756.11
2011-09-09,2770.15,2751.1
2011-09-13,2712.44,2720.28
2011-09-14,2729.26,2733.11
2011-09-15,2734.55,2729.05
2011-09-16,2744.22,2733.99
2011-09-19,2718.32,2679.27
2011-09-20,2675.04,2689.85
2011-09-21,2691.7,2771.01
2011-09-22,2745.15,2685.69
2011-09-23,2644.29,2669.48
2011-09-26,2645.25,2610.92
2011-09-27,2634.93,2637.88
2011-09-28,2654.83,2610.59
2011-09-29,2593.56,2588.19
2011-09-30,2595.58,2581.35
2011-10-10,2588.35,2557.08
2011-10-11,2625.16,2551.99
2011-10-12,2537.4,2644.76
2011-10-13,2636.86,2662.6
2011-10-14,2655.36,2653.78
2011-10-17,2658.95,2666.95
2011-10-18,2646.84,2592.21
2011-10-19,2599.92,2583.08
2011-10-20,2566.6,2520.53
2011-10-21,2522.26,2507.88
2011-10-24,2517.06,2576.67
2011-10-25,2572.71,2625.43
2011-10-26,2613.27,2651.65
2011-10-27,2658.43,2657.48
2011-10-28,2694.54,2709.02
2011-10-31,2704.54,2695.31
2011-11-01,2672.51,2697.53
2011-11-02,2658.55,2742.39
2011-11-03,2752.63,2744.3
2011-11-04,2770.57,2763.75
2011-11-07,2750.99,2736.25
2011-11-08,2745.06,2727.71
2011-11-09,2739.15,2751.65
2011-11-10,2720.84,2699.59
2011-11-11,2705.24,2695
2011-11-14,2717.54,2750.2
2011-11-15,2746.77,2744.68
2011-11-16,2745.86,2670.12
2011-11-17,2671.95,2662.02
2011-11-18,2643.67,2606.5
2011-11-21,2608.56,2609.69
2011-11-22,2592.23,2609.48
2011-11-23,2613.29,2584.01
2011-11-24,2565.69,2588.92
2011-11-25,2585.14,2569.97
2011-11-28,2578.34,2573.32
2011-11-29,2595.09,2608.57
2011-11-30,2600.1,2521.52
2011-12-01,2596.15,2583.61
2011-12-02,2570.56,2557.31
2011-12-05,2561.2,2521.39
2011-12-06,2515.04,2516.34
2011-12-07,2517.34,2528.23
2011-12-08,2525.04,2525
2011-12-09,2506.62,2503.46
2011-12-12,2497.92,2477.69
2011-12-13,2467.02,2421.93
2011-12-14,2415.94,2397.48
2011-12-15,2382.44,2340.79
2011-12-16,2339.98,2390.13
2011-12-19,2370.42,2384.41
2011-12-20,2376.71,2377.07
2011-12-21,2397.27,2339.11
2011-12-22,2325.27,2341.34
2011-12-23,2337.38,2359.16
2011-12-26,2345.56,2335.7
2011-12-27,2332.83,2305.03
2011-12-28,2295.87,2307.93
2011-12-29,2297.29,2311.36
2011-12-30,2318.67,2345.74
2012-01-04,2361.5,2298.75
2012-01-05,2290.78,2276.39
2012-01-06,2274.35,2290.6
2012-01-09,2291.18,2368.57
2012-01-10,2365.77,2447.35
2012-01-11,2444.76,2435.61
2012-01-12,2426.82,2435.22
2012-01-13,2438.41,2394.33
2012-01-16,2376.95,2345.65
2012-01-17,2347.57,2460.6
2012-01-18,2464.92,2422.19
2012-01-19,2423.86,2468.35
2012-01-20,2476.73,2504.09
2012-01-30,2508.88,2460.72
2012-01-31,2462.34,2464.26
2012-02-01,2458.23,2428.99
2012-02-02,2437.47,2486.24
2012-02-03,2478.34,2506.09
2012-02-06,2511.17,2504.32
2012-02-07,2489.03,2457.95
2012-02-08,2456.42,2528.24
2012-02-09,2525.59,2529.23
2012-02-10,2521.68,2533.62
2012-02-13,2504.41,2531.98
2012-02-14,2528.97,2522.11
2012-02-15,2515.83,2549.61
2012-02-16,2544.64,2536.07
2012-02-17,2551.82,2537.09
2012-02-20,2571.91,2540.71
2012-02-21,2544.84,2562.45
2012-02-22,2564.32,2597.48
2012-02-23,2595.78,2606.26
2012-02-24,2607.34,2648.02
2012-02-27,2658.12,2656.57
2012-02-28,2652.34,2662.46
2012-02-29,2655.86,2634.14
2012-03-01,2622.74,2633.35
2012-03-02,2637.96,2679.93
2012-03-05,2687.74,2662.7
2012-03-06,2654.8,2621.05
2012-03-07,2596.48,2603
2012-03-08,2612.4,2635.79
2012-03-09,2644.1,2664.3
2012-03-12,2663.24,2654.4
2012-03-13,2653.68,2681.07
2012-03-14,2694.48,2605.11
2012-03-15,2602.66,2585.55
2012-03-16,2591.8,2623.52
2012-03-19,2617.66,2630.01
2012-03-20,2622.66,2584.45
2012-03-21,2597.38,2587.79
2012-03-22,2586.94,2583.75
2012-03-23,2575.33,2552.94
2012-03-26,2551.43,2555.44
2012-03-27,2565.55,2547.14
2012-03-28,2538.46,2474.9
2012-03-29,2463.69,2443.12
2012-03-30,2447.94,2454.9
2012-04-05,2449.21,2512.83
2012-04-06,2509.45,2519.83
2012-04-09,2510.53,2495.15
2012-04-10,2490.28,2519.79
2012-04-11,2494.52,2520.04
2012-04-12,2522.83,2570.44
2012-04-13,2575.05,2580.45
2012-04-16,2564.23,2574.04
2012-04-17,2572.36,2541.88
2012-04-18,2550.91,2599.91
2012-04-19,2598.33,2596.06
2012-04-20,2591.51,2626.84
2012-04-23,2624.75,2606.04
2012-04-24,2594.8,2604.87
2012-04-25,2598.23,2625.99
2012-04-26,2632.72,2631.49
2012-04-27,2630.55,2626.16
2012-05-02,2660.67,2683.49
2012-05-03,2679.52,2691.52
2012-05-04,2689.62,2715.88
2012-05-07,2699.45,2717.78
2012-05-08,2717.41,2709.12
2012-05-09,2685.19,2657.51
2012-05-10,2657.87,2657.21
2012-05-11,2652.31,2636.92
2012-05-14,2653.81,2615.53
2012-05-15,2597.64,2617.37
2012-05-16,2610.16,2574.65
2012-05-17,2577.96,2613.94
2012-05-18,2595.55,2573.98
2012-05-21,2572.37,2587.23
2012-05-22,2598.17,2627.53
2012-05-23,2621.79,2616.87
2012-05-24,2613.1,2595.26
2012-05-25,2595.26,2573.1
2012-05-28,2562.6,2614.69
2012-05-29,2615.15,2650.85
2012-05-30,2646.37,2642.26
2012-05-31,2623.16,2632.04
2012-06-01,2633.6,2633
2012-06-04,2598.73,2559.03
2012-06-05,2565.19,2558.84
2012-06-06,2564.23,2557.4
2012-06-07,2579.43,2542.18
2012-06-08,2558.84,2524.33
2012-06-11,2529.6,2558.26
2012-06-12,2543.76,2540.18
2012-06-13,2546.79,2580.64
2012-06-14,2573.33,2560.42
2012-06-15,2565.19,2568.05
2012-06-18,2576.63,2581.21
2012-06-19,2577.36,2558.62
2012-06-20,2563.64,2552.61
2012-06-21,2547.05,2512.19
2012-06-25,2501.16,2456.52
2012-06-26,2442.56,2454.92
2012-06-27,2452.67,2447.2
2012-06-28,2451.66,2425.73
2012-06-29,2418.86,2461.61
2012-07-02,2473.55,2465.24
2012-07-03,2464.85,2468.72
2012-07-04,2474.53,2464.92
2012-07-05,2450.3,2430.37
2012-07-06,2435.06,2472.61
2012-07-09,2455.89,2416.04
2012-07-10,2411,2406.71
2012-07-11,2402.18,2425.57
2012-07-12,2420.04,2449.18
2012-07-13,2441.01,2450.63
2012-07-16,2452.6,2399.73
2012-07-17,2391.9,2414.2
2012-07-18,2412.06,2414.34
2012-07-19,2407.44,2424.32
2012-07-20,2415.71,2398.46
2012-07-23,2379.89,2365.43
2012-07-24,2353.22,2375.99
2012-07-25,2368.38,2360.08
2012-07-26,2360.13,2347.49
2012-07-27,2353.94,2349.11
2012-07-30,2350.78,2335.79
2012-07-31,2336.88,2332.92
2012-08-01,2332.13,2358.65
2012-08-02,2354.07,2334.88
2012-08-03,2340.25,2353.74
2012-08-06,2350.12,2385.61
2012-08-07,2383.26,2388.87
2012-08-08,2390.96,2389.8
2012-08-09,2388.43,2411.7
2012-08-10,2409.94,2399.75
2012-08-13,2394.5,2351.93
2012-08-14,2352.66,2357.02
2012-08-15,2350.02,2331.62
2012-08-16,2327.91,2319.67
2012-08-17,2318.43,2313.48
2012-08-20,2294.9,2301.79
2012-08-21,2301.93,2313.7
2012-08-22,2315.14,2295.59
2012-08-23,2298.18,2302.2
2012-08-24,2295.68,2275.68
2012-08-27,2268.49,2228.2
2012-08-28,2226.9,2238.41
2012-08-29,2230.2,2214.81
2012-08-30,2204.51,2211.37
2012-08-31,2205.57,2204.87
2012-09-03,2201.12,2228.37
2012-09-04,2231.72,2204.41
2012-09-05,2199.74,2199.88
2012-09-06,2204.44,2217.82
2012-09-07,2233.91,2317.18
2012-09-10,2320.56,2326.67
2012-09-11,2316.53,2311.89
2012-09-12,2325.93,2320.07
2012-09-13,2316.68,2298.46
2012-09-14,2324.01,2315.54
2012-09-17,2312.06,2258.71
2012-09-18,2249.43,2235.24
2012-09-19,2237.22,2246.24
2012-09-20,2236.19,2195.95
2012-09-21,2190.33,2199.06
2012-09-24,2183.97,2215.52
2012-09-25,2209.98,2210.15
2012-09-26,2208.91,2184.89
2012-09-27,2186,2251.72
2012-09-28,2235.06,2293.11
2012-10-08,2291.96,2270.05
2012-10-09,2281.75,2320.16
2012-10-10,2314.59,2324.12
2012-10-11,2315.9,2302.53
2012-10-12,2311.28,2304.53
2012-10-15,2306.01,2294.86
2012-10-16,2293.24,2298.16
2012-10-17,2307.36,2300.8
2012-10-18,2307.49,2336.08
2012-10-19,2335.11,2332.47
2012-10-22,2320.47,2341.59
2012-10-23,2340.89,2312.08
2012-10-24,2303.4,2307.78
2012-10-25,2306.73,2291.24
2012-10-26,2291.31,2247.91
2012-10-29,2241.8,2235.85
2012-10-30,2236.32,2239.88
2012-10-31,2241.43,2254.82
2012-11-01,2256.61,2297.88
2012-11-02,2297.9,2306.77
2012-11-05,2302.74,2301.88
2012-11-06,2301.98,2292.21
2012-11-07,2288.76,2287.5
2012-11-08,2269.58,2245.41
2012-11-09,2241.76,2240.92
2012-11-12,2242.96,2251.85
2012-11-13,2250.84,2212.44
2012-11-14,2213.09,2223.11
2012-11-15,2210.75,2193.62
2012-11-16,2189.51,2177.24
2012-11-19,2175.18,2174.99
2012-11-20,2180.21,2164.88
2012-11-21,2165.41,2194.9
2012-11-22,2181.18,2177.55
2012-11-23,2184.41,2192.68
2012-11-26,2187.24,2175.6
2012-11-27,2168.59,2150.64
2012-11-28,2142.5,2129.16
2012-11-29,2128.8,2115.68
2012-11-30,2114.24,2139.66
2012-12-03,2136.7,2108.85
2012-12-04,2104.93,2131.47
2012-12-05,2128.39,2207.88
2012-12-06,2205.61,2203.6
2012-12-07,2203.89,2246.76
2012-12-10,2254.92,2271.05
2012-12-11,2263.21,2258.5
2012-12-12,2257.73,2267.77
2012-12-13,2260.6,2242.64
2012-12-14,2245.64,2355.87
2012-12-17,2359.2,2366.7
2012-12-18,2361.1,2368.12
2012-12-19,2362.8,2371.11
2012-12-20,2361.32,2384.82
2012-12-21,2386.38,2372
2012-12-24,2368.01,2381.22
2012-12-25,2373.88,2448.4
2012-12-26,2445.99,2457.62
2012-12-27,2464.78,2444.59
2012-12-28,2448.08,2480.05
2012-12-31,2485.56,2522.95
2013-01-04,2551.81,2524.41
2013-01-07,2518.05,2535.99
2013-01-08,2534.65,2525.33
2013-01-09,2518.1,2526.13
2013-01-10,2525.59,2530.57
2013-01-11,2533.5,2483.23
2013-01-14,2474.18,2577.73
2013-01-15,2579.13,2595.86
2013-01-16,2591.37,2577.09
2013-01-17,2570.71,2552.76
2013-01-18,2568.69,2595.44
2013-01-21,2605.65,2610.9
2013-01-22,2610.39,2596.9
2013-01-23,2588.2,2607.46
2013-01-24,2606.43,2582.75
2013-01-25,2580.88,2571.67
2013-01-28,2577.27,2651.86
2013-01-29,2655.38,2675.87
2013-01-30,2678.43,2688.71
2013-01-31,2690.95,2686.88
2013-02-01,2677.19,2743.32
2013-02-04,2753.69,2748.03
2013-02-05,2727.93,2771.68
2013-02-06,2771.91,2775.84
2013-02-07,2771.53,2759.87
2013-02-08,2755.65,2771.73
2013-02-18,2784.07,2737.47
2013-02-19,2735.05,2685.61
2013-02-20,2686.09,2702.64
2013-02-21,2675.74,2610.55
2013-02-22,2607.65,2596.6
2013-02-25,2607.15,2604.96
2013-02-26,2587.38,2567.6
2013-02-27,2576.05,2594.68
2013-02-28,2611.94,2673.33
2013-03-01,2671.84,2668.84
2013-03-04,2619.42,2545.72
2013-03-05,2547.89,2622.81
2013-03-06,2634.87,2650.2
2013-03-07,2639.78,2619.48
2013-03-08,2622.68,2606.93
2013-03-11,2600.28,2592.37
2013-03-12,2590.39,2555.62
2013-03-13,2551.73,2527.49
2013-03-14,2517.75,2534.27
2013-03-15,2533.72,2539.87
2013-03-18,2526.08,2502.49
2013-03-19,2507.4,2525.1
2013-03-20,2526.97,2610.17
2013-03-21,2611.58,2614.99
2013-03-22,2612.26,2618.31
2013-03-25,2628.41,2613.1
2013-03-26,2601.96,2575.05
2013-03-27,2575.73,2583.53
2013-03-28,2535.99,2499.3
2013-03-29,2502.78,2495.08
2013-04-01,2486.43,2493.19
2013-04-02,2495.84,2486.39
2013-04-03,2493.88,2483.55
2013-04-08,2443.24,2472.3
2013-04-09,2477.29,2489.43
2013-04-10,2487.98,2485.31
2013-04-11,2502.5,2477.88
2013-04-12,2476.32,2462.11
2013-04-15,2453.97,2436.82
2013-04-16,2419.51,2459.59
2013-04-17,2457.88,2458.47
2013-04-18,2440.71,2464.85
2013-04-19,2469.95,2533.83
2013-04-22,2525.11,2530.67
2013-04-23,2532.2,2449.47
2013-04-24,2452.78,2495.58
2013-04-25,2486.86,2467.88
2013-04-26,2477.72,2447.31
2013-05-02,2434.6,2449.64
2013-05-03,2457.54,2492.91
2013-05-06,2502.98,2525.98
2013-05-07,2519.36,2529.94
2013-05-08,2542.27,2542.8
2013-05-09,2542.37,2527.79
2013-05-10,2519.52,2540.84
2013-05-13,2542.41,2530.77
2013-05-14,2526,2493.34
2013-05-15,2493.97,2506.93
2013-05-16,2501.12,2552.71
2013-05-17,2550.45,2592.05
2013-05-20,2597.15,2609.61
2013-05-21,2607.39,2614.85
2013-05-22,2613.41,2618.03
2013-05-23,2604.93,2582.85
2013-05-24,2591.42,2597.23
2013-05-27,2593.52,2599.59
2013-05-28,2600.63,2644.36
2013-05-29,2648.93,2642.56
2013-05-30,2633.96,2634.32
2013-05-31,2638.71,2606.43
2013-06-03,2605.97,2602.62
2013-06-04,2600.5,2565.67
2013-06-05,2565.33,2560.54
2013-06-06,2552.82,2527.85
2013-06-07,2526.91,2484.16
2013-06-13,2448.72,2399.94
2013-06-14,2404.42,2416.77
2013-06-17,2422.76,2403.84
2013-06-18,2413.09,2418.75
2013-06-19,2408.28,2400.76
2013-06-20,2386.1,2321.47
2013-06-21,2283.15,2317.39
2013-06-24,2308.07,2171.21
2013-06-25,2146.05,2165.42
2013-06-26,2170.33,2168.3
2013-06-27,2172.85,2160.74
2013-06-28,2149.03,2200.64
2013-07-01,2187.09,2213.32
2013-07-02,2211.8,2221.98
2013-07-03,2211.04,2203.83
2013-07-04,2187.18,2221.98
2013-07-05,2227.35,2226.85
2013-07-08,2194.42,2163.62
2013-07-09,2160.7,2162.67
2013-07-10,2163.1,2224.07
2013-07-11,2232.16,2326.69
2013-07-12,2319.02,2275.37
2013-07-15,2289.76,2307.3
2013-07-16,2300.83,2317.85
2013-07-17,2311.44,2282.84
2013-07-18,2272.95,2245.33
2013-07-19,2248.13,2190.48
2013-07-22,2170.09,2202.19
2013-07-23,2211.59,2265.85
2013-07-24,2253.38,2249.15
2013-07-25,2255.22,2237.68
2013-07-26,2226.43,2224.01
2013-07-29,2205.08,2175.97
2013-07-30,2184.01,2189.39
2013-07-31,2211.75,2193.02
2013-08-01,2206,2245.36
2013-08-02,2263.5,2247.26
2013-08-05,2249.98,2278.33
2013-08-06,2270.67,2293.64
2013-08-07,2292.38,2280.62
2013-08-08,2277.25,2276.78
2013-08-09,2288.51,2286.01
2013-08-12,2296.22,2352.79
2013-08-13,2352.88,2359.07
2013-08-14,2362.62,2349.08
2013-08-15,2348.84,2321.58
2013-08-16,2314.26,2304.14
2013-08-19,2286.2,2331.43
2013-08-20,2325.86,2312.47
2013-08-21,2320.58,2308.59
2013-08-22,2302.67,2303.93
2013-08-23,2314.87,2286.93
2013-08-26,2294.76,2335.62
2013-08-27,2332.8,2340.88
2013-08-28,2326.1,2328.06
2013-08-29,2338.56,2318.31
2013-08-30,2315.91,2313.91
2013-09-02,2319.96,2320.34
2013-09-03,2326.23,2354.5
2013-09-04,2352.54,2350.7
2013-09-05,2350.93,2341.74
2013-09-06,2336.77,2357.78
2013-09-09,2374.26,2440.61
2013-09-10,2446.45,2474.89
2013-09-11,2483.79,2482.89
2013-09-12,2480.47,2507.46
2013-09-13,2502.54,2488.9
2013-09-16,2501.08,2478.39
2013-09-17,2480.81,2427.32
2013-09-18,2426.04,2432.51
2013-09-23,2441.52,2472.29
2013-09-24,2470.72,2443.89
2013-09-25,2440.84,2429.03
2013-09-26,2422.63,2384.44
2013-09-27,2382.22,2394.97
2013-09-30,2406.21,2409.04
2013-10-08,2406.42,2441.81
2013-10-09,2432.94,2453.58
2013-10-10,2455.64,2429.32
2013-10-11,2442.36,2468.51
2013-10-14,2472.27,2472.54
2013-10-15,2475.32,2467.52
2013-10-16,2459.08,2421.37
2013-10-17,2432.65,2413.33
2013-10-18,2415.12,2426.05
2013-10-21,2431.92,2471.32
2013-10-22,2470.25,2445.89
2013-10-23,2451.56,2418.49
2013-10-24,2412.24,2400.51
2013-10-25,2400.52,2368.56
2013-10-28,2372.57,2365.95
2013-10-29,2369.22,2372.05
2013-10-30,2371.85,2407.47
2013-10-31,2398.4,2373.72
2013-11-01,2373.96,2384.96
2013-11-04,2397.21,2380.45
2013-11-05,2366.88,2383.77
2013-11-06,2371.32,2353.57
2013-11-07,2351.87,2340.55
2013-11-08,2329.08,2307.95
2013-11-11,2305.94,2315.89
2013-11-12,2319.36,2340
2013-11-13,2325.36,2288.12
2013-11-14,2291.27,2304.5
2013-11-15,2306.55,2350.73
2013-11-18,2367.88,2428.9
2013-11-19,2427.93,2412.16
2013-11-20,2428.77,2424.85
2013-11-21,2412.45,2409.99
2013-11-22,2415.29,2397.96
2013-11-25,2385.78,2388.63
2013-11-26,2387.83,2387.42
2013-11-27,2386.36,2414.48
2013-11-28,2419.15,2439.53
2013-11-29,2442.68,2438.94
2013-12-02,2423.97,2418.79
2013-12-03,2410.69,2442.78
2013-12-04,2439.82,2475.14
2013-12-05,2476.45,2468.2
2013-12-06,2463.04,2452.29
2013-12-09,2460.03,2450.87
2013-12-10,2456.23,2453.32
2013-12-11,2440.5,2412.76
2013-12-12,2406.77,2410.01
2013-12-13,2388.66,2406.64
2013-12-16,2408.68,2367.92
2013-12-17,2369.25,2356.38
2013-12-18,2356.7,2357.23
2013-12-19,2366.21,2332.41
2013-12-20,2335.05,2278.14
2013-12-23,2283.8,2284.6
2013-12-24,2291.13,2288.25
2013-12-25,2291.75,2305.11
2013-12-26,2299.97,2265.33
2013-12-27,2268.53,2303.48
2013-12-30,2313.38,2299.46
2013-12-31,2289.01,2330.03
2014-01-02,2323.43,2321.98
2014-01-03,2311.97,2290.78
2014-01-06,2286.37,2238.64
2014-01-07,2222.31,2238
2014-01-08,2240.64,2241.91
2014-01-09,2236.97,2222.22
2014-01-10,2216.52,2204.85
2014-01-13,2207,2193.68
2014-01-14,2192.84,2212.85
2014-01-15,2210.02,2208.94
2014-01-16,2209.45,2211.84
2014-01-17,2203.82,2178.49
2014-01-20,2173.65,2165.99
2014-01-21,2168.42,2187.41
2014-01-22,2190.43,2243.8
2014-01-23,2242.25,2231.89
2014-01-24,2225.76,2245.68
2014-01-27,2233.01,2215.92
2014-01-28,2220.78,2219.86
2014-01-29,2225.71,2227.78
2014-01-30,2223.16,2202.45
2014-02-07,2187.34,2212.48
2014-02-10,2221.54,2267.53
2014-02-11,2267.74,2285.56
2014-02-12,2286.19,2291.25
2014-02-13,2288.45,2279.55
2014-02-14,2278.4,2295.58
2014-02-17,2308.79,2311.65
2014-02-18,2310.31,2282.44
2014-02-19,2280.93,2308.66
2014-02-20,2314.09,2287.44
2014-02-21,2284.03,2264.29
2014-02-24,2246.72,2214.51
2014-02-25,2216.51,2157.91
2014-02-26,2147.74,2163.41
2014-02-27,2170.81,2154.11
2014-02-28,2149.45,2178.97
2014-03-03,2173.91,2190.37
2014-03-04,2183.86,2184.27
2014-03-05,2187.35,2163.98
2014-03-06,2159.4,2173.63
2014-03-07,2170.04,2168.36
2014-03-10,2149.68,2097.79
2014-03-11,2092.61,2108.66
2014-03-12,2102.8,2114.13
2014-03-13,2119.55,2140.33
2014-03-14,2129.87,2122.84
2014-03-17,2132.79,2143.04
2014-03-18,2146.12,2138.13
2014-03-19,2131.28,2120.87
2014-03-20,2116.19,2086.97
2014-03-21,2079.87,2158.8
2014-03-24,2161.9,2176.55
2014-03-25,2170.78,2174.44
2014-03-26,2181.23,2171.05
2014-03-27,2168.34,2155.71
2014-03-28,2154.51,2151.97
2014-03-31,2156.05,2146.31
2014-04-01,2143.72,2163.12
2014-04-02,2166.07,2180.73
2014-04-03,2188.64,2165.01
2014-04-04,2157.98,2185.47
2014-04-08,2179.92,2237.32
2014-04-09,2239.79,2238.62
2014-04-10,2241.45,2273.76
2014-04-11,2269.57,2270.67
2014-04-14,2267.94,2268.61
2014-04-15,2261.41,2229.46
2014-04-16,2223.47,2232.53
2014-04-17,2238.78,2224.8
2014-04-18,2215.88,2224.48
2014-04-21,2209.94,2187.25
2014-04-22,2184.02,2196.8
2014-04-23,2191.23,2194.67
2014-04-24,2192.77,2190.47
2014-04-25,2195.82,2167.83
2014-04-28,2165.77,2134.97
2014-04-29,2134.41,2158.47
2014-04-30,2158.76,2158.66
2014-05-05,2152.59,2156.47
2014-05-06,2151.39,2157.33
2014-05-07,2151.47,2137.32
2014-05-08,2132.04,2135.5
2014-05-09,2138.84,2133.91
2014-05-12,2150.31,2180.05
2014-05-13,2180.06,2174.85
2014-05-14,2175.09,2172.37
2014-05-15,2169.28,2144.08
2014-05-16,2143.93,2145.95
2014-05-19,2139.36,2115.14
2014-05-20,2124.71,2115.77
2014-05-21,2106.76,2135.91
2014-05-22,2134.09,2130.87
2014-05-23,2130.77,2148.41
2014-05-26,2161.89,2155.98
2014-05-27,2154.4,2147.28
2014-05-28,2147.47,2169.35
2014-05-29,2171.26,2155.16
2014-05-30,2156.38,2156.46
2014-06-03,2157.64,2149.92
2014-06-04,2149.41,2128.27
2014-06-05,2126.61,2150.6
2014-06-06,2149.21,2134.72
2014-06-09,2128.23,2134.28
2014-06-10,2138.67,2161.27
2014-06-11,2156.15,2160.77
2014-06-12,2156.76,2153.41
2014-06-13,2150.99,2176.24
2014-06-16,2176.44,2191.86
2014-06-17,2185.68,2169.67
2014-06-18,2169.25,2160.24
2014-06-19,2161.43,2126.91
2014-06-20,2124.96,2136.73
2014-06-23,2137.93,2134.11
2014-06-24,2131.69,2144.82
2014-06-25,2141.73,2133.37
2014-06-26,2135.16,2149.08
2014-06-27,2146.37,2150.26
2014-06-30,2152.31,2165.12
2014-07-01,2169.2,2164.56
2014-07-02,2164,2170.87
2014-07-03,2169,2180.19
2014-07-04,2180.45,2178.7
2014-07-07,2178.55,2176.29
2014-07-08,2174.83,2180.47
2014-07-09,2178.14,2148.71
2014-07-10,2146.6,2142.85
2014-07-11,2136.32,2148.01
2014-07-14,2149.54,2171.76
2014-07-15,2170.09,2174.98
2014-07-16,2172.82,2170.87
2014-07-17,2166.83,2157.07
2014-07-18,2147.66,2164.14
2014-07-21,2164.22,2166.3
2014-07-22,2162.44,2192.7
2014-07-23,2191.39,2197.83
2014-07-24,2199.83,2237.01
2014-07-25,2243.07,2260.45
2014-07-28,2272.38,2323.9
2014-07-29,2326.04,2331.37
2014-07-30,2324.69,2322.01
2014-07-31,2321.97,2350.25
2014-08-01,2341.23,2329.4
2014-08-04,2336.63,2375.62
2014-08-05,2376.8,2369.35
2014-08-06,2358.21,2363.22
2014-08-07,2363.61,2327.46
2014-08-08,2329.18,2331.13
2014-08-11,2338.01,2365.35
2014-08-12,2361.17,2357.05
2014-08-13,2358.46,2358.9
2014-08-14,2357.2,2335.95
2014-08-15,2337.99,2360.64
2014-08-18,2366.27,2374.56
2014-08-19,2378.89,2374.77
2014-08-20,2371.65,2366.14
2014-08-21,2365.73,2354.24
2014-08-22,2352.32,2365.36
2014-08-25,2367.02,2342.86
2014-08-26,2339.6,2324.09
2014-08-27,2323.79,2327.6
2014-08-28,2328.06,2311.28
2014-08-29,2317.3,2338.29
2014-09-01,2340.93,2355.32
2014-09-02,2359.86,2386.46
2014-09-03,2389.69,2408.84
2014-09-04,2411.93,2426.22
2014-09-05,2433.17,2449.26
2014-09-09,2452.23,2445.22
2014-09-10,2435.59,2432.43
2014-09-11,2430.68,2423.45
2014-09-12,2418.75,2438.36
2014-09-15,2433,2437.19
2014-09-16,2440.34,2388.76
2014-09-17,2395.36,2401.33
2014-09-18,2396.38,2408.66
2014-09-19,2409.31,2425.21
2014-09-22,2419.33,2378.92
2014-09-23,2379.52,2399.46
2014-09-24,2391.42,2441.86
2014-09-25,2453.42,2436.97
2014-09-26,2430.81,2437.2
2014-09-29,2443.91,2447.8
2014-09-30,2452.17,2450.99
2014-10-08,2460.87,2478.38
2014-10-09,2480.2,2481.96
2014-10-10,2472.1,2466.79
2014-10-13,2457.41,2454.95
2014-10-14,2451.09,2446.56
2014-10-15,2444.54,2463.87
2014-10-16,2448.97,2444.4
2014-10-17,2443.22,2441.73
2014-10-20,2448.45,2454.71
2014-10-21,2453.41,2433.39
2014-10-22,2434.89,2418.64
2014-10-23,2415.44,2395.94
2014-10-24,2397.85,2390.71
2014-10-27,2377.54,2368.83
2014-10-28,2373.16,2416.65
2014-10-29,2423.81,2451.38
2014-10-30,2450.36,2468.93
2014-10-31,2473.5,2508.33
2014-11-03,2515.82,2512.55
2014-11-04,2511.04,2513.17
2014-11-05,2516.87,2503.45
2014-11-06,2505.17,2506.07
2014-11-07,2508.76,2502.15
2014-11-10,2529.83,2565.73
2014-11-11,2578.44,2558.61
2014-11-12,2545.4,2594.32
2014-11-13,2597.39,2579.75
2014-11-14,2569.21,2581.09
2014-11-17,2613.51,2567.1
2014-11-18,2565.27,2541.42
2014-11-19,2538.23,2537.22
2014-11-20,2528.78,2537.1
2014-11-21,2537.54,2583.46
2014-11-24,2614.16,2649.26
2014-11-25,2650.09,2685.56
2014-11-26,2695.26,2723.02
2014-11-27,2737.03,2754.49
2014-11-28,2753.93,2808.82
2014-12-01,2825.61,2819.81
2014-12-02,2807.34,2923.94
2014-12-03,2936.12,2967.55
2014-12-04,2975.4,3104.35
2014-12-05,3143.97,3124.89
2014-12-08,3108.27,3252.88
2014-12-09,3233.1,3106.91
2014-12-10,3120.21,3221.55
2014-12-11,3185.16,3183.01
2014-12-12,3182.92,3193.23
2014-12-15,3176.83,3217.23
2014-12-16,3221.36,3303.4
2014-12-17,3325.82,3360.6
2014-12-18,3359.09,3345.93
2014-12-19,3345.63,3383.17
2014-12-22,3396.25,3394.48
2014-12-23,3358.8,3324.92
2014-12-24,3332.15,3230.39
2014-12-25,3254.48,3335.42
2014-12-26,3343.64,3445.84
2014-12-29,3502.18,3455.46
2014-12-30,3450.81,3457.55
2014-12-31,3462.39,3533.71
2015-01-05,3566.09,3641.54
2015-01-06,3608.43,3641.06
2015-01-07,3620.92,3643.79
2015-01-08,3650.07,3559.26
2015-01-09,3547.57,3546.72
2015-01-12,3531.52,3513.58
2015-01-13,3506.45,3514.04
2015-01-14,3522.91,3502.42
2015-01-15,3501.72,3604.12
2015-01-16,3616.25,3635.15
2015-01-19,3414.01,3355.16
2015-01-20,3336.79,3396.22
2015-01-21,3420.49,3548.89
2015-01-22,3551.05,3567.61
2015-01-23,3582.09,3571.73
2015-01-26,3580.12,3607.99
2015-01-27,3614.04,3574.93
2015-01-28,3547.24,3525.32
2015-01-29,3474.92,3481.8
2015-01-30,3496.89,3434.39
2015-02-02,3360.19,3353.96
2015-02-03,3388.6,3437.45
2015-02-04,3446.14,3401.77
2015-02-05,3487.95,3366.95
2015-02-06,3352.33,3312.42
2015-02-09,3305.73,3345.92
2015-02-10,3345.08,3406.94
2015-02-11,3415.98,3434.12
2015-02-12,3435.36,3442.87
2015-02-13,3458.83,3469.83
2015-02-16,3473.29,3499.48
2015-02-17,3511.54,3522.32
2015-02-25,3529.55,3478.73
2015-02-26,3473.71,3566.3
2015-02-27,3565.23,3572.84
2015-03-02,3603.45,3601.27
2015-03-03,3579.32,3507.9
2015-03-04,3514.67,3530.82
2015-03-05,3513.25,3496.34
2015-03-06,3501.18,3478.52
2015-03-09,3449.7,3537.75
2015-03-10,3523.64,3520.61
2015-03-11,3524.58,3524.65
2015-03-12,3557.69,3592.84
2015-03-13,3604.67,3617.66
2015-03-16,3641.77,3705.67
2015-03-17,3733.96,3757.12
2015-03-18,3769.09,3846.06
2015-03-19,3851.25,3839.74
2015-03-20,3852.49,3892.57
2015-03-23,3923.08,3972.06
2015-03-24,3980.07,3973.05
2015-03-25,3961.58,3940.41
2015-03-26,3921.75,3950
2015-03-27,3957.54,3971.7
2015-03-30,3999.02,4088.18
2015-03-31,4138.88,4051.2
2015-04-01,4057.5,4123.9
2015-04-02,4149.95,4124.78
2015-04-03,4104.67,4170.54
2015-04-07,4213.89,4260.04
2015-04-08,4277.45,4295.8
2015-04-09,4316.96,4262.14
2015-04-10,4249.38,4344.42
2015-04-13,4394.05,4421.07
2015-04-14,4432.13,4438.18
2015-04-15,4439.31,4380.51
2015-04-16,4355.49,4513.55
2015-04-17,4578.68,4596.14
2015-04-20,4615.03,4521.92
2015-04-21,4520.46,4619.16
2015-04-22,4637.06,4739.81
2015-04-23,4764.48,4740.89
2015-04-24,4682.63,4702.64
2015-04-27,4753.87,4807.59
2015-04-28,4811.32,4741.86
2015-04-29,4722.9,4774.33
2015-04-30,4788.41,4749.89
2015-05-04,4757.64,4787.74
2015-05-05,4785.19,4596.84
2015-05-06,4626.23,4553.33
2015-05-07,4520.82,4470.09
2015-05-08,4515.55,4558.4
2015-05-11,4582.09,4690.53
2015-05-12,4692.12,4747.42
2015-05-13,4746.71,4718.44
2015-05-14,4717.96,4700.78
2015-05-15,4690.76,4617.47
2015-05-18,4582.06,4575.14
2015-05-19,4577.64,4731.22
2015-05-20,4751.57,4754.92
2015-05-21,4768.69,4840.98
2015-05-22,4895.92,4951.34
2015-05-25,4949.11,5099.5
2015-05-26,5140.8,5198.92
2015-05-27,5216.17,5181.43
2015-05-28,5174.1,4834.01
2015-05-29,4839.53,4840.83
2015-06-01,4862.76,5076.18
2015-06-02,5091.27,5161.87
2015-06-03,5176.6,5143.59
2015-06-04,5156.01,5181.42
2015-06-05,5254.91,5230.55
2015-06-08,5259.41,5353.75
2015-06-09,5379.47,5317.46
2015-06-10,5254.3,5309.11
2015-06-11,5305.14,5306.59
2015-06-12,5329.28,5335.12
2015-06-15,5354.01,5221.17
2015-06-16,5165.02,5064.82
2015-06-17,5072.31,5138.83
2015-06-18,5107.69,4930.55
2015-06-19,4847.06,4637.05
2015-06-23,4641.42,4786.09
2015-06-24,4811.59,4880.13
2015-06-25,4906.24,4706.52
2015-06-26,4573.87,4336.19
2015-06-29,4446.84,4191.55
2015-06-30,4161.07,4473
2015-07-01,4408.98,4253.02
2015-07-02,4287.73,4108
2015-07-03,4017.2,3885.92
2015-07-06,4218.27,3998.54
2015-07-07,3877.85,3928
2015-07-08,3651.06,3663.04
2015-07-09,3621.68,3897.63
2015-07-10,3916.27,4106.56
2015-07-13,4132.23,4211.81
2015-07-14,4178.63,4112.15
2015-07-15,4068.88,3966.76
2015-07-16,3949.64,3997.36
2015-07-17,4023.76,4151.5
2015-07-20,4157.06,4160.61
2015-07-21,4109.76,4166.01
2015-07-22,4148.56,4157.16
2015-07-23,4158.93,4250.81
2015-07-24,4255.2,4176.28
2015-07-27,4097.8,3818.73
2015-07-28,3690.97,3811.09
2015-07-29,3839.96,3930.38
2015-07-30,3915.78,3815.41
2015-07-31,3777.15,3816.7
2015-08-03,3766.07,3829.24
2015-08-04,3827.37,3948.16
2015-08-05,3937.62,3866.9
2015-08-06,3802.93,3831.85
2015-08-07,3866.43,3906.94
2015-08-10,3947.47,4084.36
2015-08-11,4083.59,4066.67
2015-08-12,4025.67,4016.13
2015-08-13,4010.01,4075.46
2015-08-14,4097.92,4073.54
2015-08-17,4058.11,4077.87
2015-08-18,4084.31,3825.41
2015-08-19,3748.27,3886.14
2015-08-20,3848.4,3761.45
2015-08-21,3714.29,3589.54
2015-08-24,3454.6,3275.53
2015-08-25,3070.01,3042.93
2015-08-26,3062.57,3025.69
2015-08-27,3092.81,3205.64
2015-08-28,3246.24,3342.29
2015-08-31,3307.4,3366.54
2015-09-01,3296.53,3362.08
2015-09-02,3220.85,3365.83
2015-09-07,3347.29,3250.49
2015-09-08,3221.79,3334.02
2015-09-09,3344.82,3399.31
2015-09-10,3349.28,3357.56
2015-09-11,3349.88,3347.19
2015-09-14,3367.64,3281.13
2015-09-15,3208.74,3152.23
2015-09-16,3149.16,3309.25
2015-09-17,3287.66,3237
2015-09-18,3254.44,3251.27
2015-09-21,3222.6,3308.25
2015-09-22,3312.37,3339.03
2015-09-23,3290.07,3263.03
2015-09-24,3278.9,3285
2015-09-25,3272.67,3231.95
2015-09-28,3226.61,3242.75
2015-09-29,3197.22,3178.85
2015-09-30,3195.9,3202.95
2015-10-08,3324.98,3296.48
2015-10-09,3302.36,3340.12
2015-10-12,3351.14,3447.69
2015-10-13,3422.48,3445.04
2015-10-14,3431.14,3406.11
2015-10-15,3403.39,3486.82
2015-10-16,3508.52,3534.07
2015-10-19,3548.95,3534.18
2015-10-20,3527.88,3577.7
2015-10-21,3580.84,3473.25
2015-10-22,3453.2,3524.53
2015-10-23,3536.84,3571.24
2015-10-26,3614.7,3589.26
2015-10-27,3569.45,3592.88
2015-10-28,3575.8,3524.92
2015-10-29,3539.98,3533.31
2015-10-30,3530.22,3534.08
2015-11-02,3489.23,3475.96
2015-11-03,3484.72,3465.49
2015-11-04,3477.16,3628.54
2015-11-05,3630.78,3705.97
2015-11-06,3698.34,3793.37
2015-11-09,3796.38,3840.35
2015-11-10,3806.67,3833.24
2015-11-11,3828.45,3833.65
2015-11-12,3841.74,3795.32
2015-11-13,3756.2,3746.24
2015-11-16,3682.74,3764.13
2015-11-17,3790.43,3758.39
2015-11-18,3760.46,3715.58
2015-11-19,3725.62,3774.97
2015-11-20,3778.88,3774.38
2015-11-23,3774.44,3753.34
2015-11-24,3745.76,3753.89
2015-11-25,3747.76,3781.61
2015-11-26,3795.25,3759.43
2015-11-27,3739.1,3556.99
2015-11-30,3554.89,3566.41
2015-12-01,3562.32,3591.7
2015-12-02,3587.76,3721.95
2015-12-03,3709.55,3749.3
2015-12-04,3719.73,3677.59
2015-12-07,3681.58,3687.61
2015-12-08,3668.84,3623.02
2015-12-09,3613.42,3635.94
2015-12-10,3634.37,3623.08
2015-12-11,3605.37,3608.06
2015-12-14,3573.88,3711.32
2015-12-15,3707.73,3694.39
2015-12-16,3703.95,3685.44
2015-12-17,3712.78,3755.89
2015-12-18,3754.96,3767.91
2015-12-21,3762.1,3865.97
2015-12-22,3872.1,3876.73
2015-12-23,3877.87,3866.38
2015-12-24,3858.13,3829.4
2015-12-25,3832.09,3838.2
2015-12-28,3847.53,3727.63
2015-12-29,3723.05,3761.87
2015-12-30,3762.91,3765.18
2015-12-31,3760.9,3731
2016-01-04,3725.86,3469.07
2016-01-05,3382.18,3478.78
2016-01-06,3482.41,3539.81
2016-01-07,3481.15,3294.38
2016-01-08,3371.87,3361.56
2016-01-11,3303.12,3192.45
2016-01-12,3214.82,3215.71
2016-01-13,3240.48,3155.88
2016-01-14,3076.64,3221.57
2016-01-15,3200.89,3118.73
2016-01-18,3068.24,3130.73
2016-01-19,3132.7,3223.13
2016-01-20,3204.22,3174.38
2016-01-21,3136.38,3081.35
2016-01-22,3114.9,3113.46
2016-01-25,3129.03,3128.89
2016-01-26,3099.6,2940.51
2016-01-27,2953.18,2930.35
2016-01-28,2909.33,2853.76
2016-01-29,2855.6,2946.09
2016-02-01,2939.04,2901.05
2016-02-02,2901.53,2961.33
2016-02-03,2931.29,2948.64
2016-02-04,2960.33,2984.76
2016-02-05,2982.06,2963.79
2016-02-15,2888.43,2946.71
2016-02-16,2962.19,3037.04
2016-02-17,3034.09,3063.32
2016-02-18,3079.53,3053.7
2016-02-19,3047.94,3051.59
2016-02-22,3083.93,3118.87
2016-02-23,3117.2,3089.36
2016-02-24,3077.61,3109.55
2016-02-25,3104.41,2918.75
2016-02-26,2942.1,2948.03
2016-02-29,2939.58,2877.47
2016-03-01,2881.34,2930.69
2016-03-02,2933.92,3051.33
2016-03-03,3050.39,3058.42
2016-03-04,3047.54,3093.89
2016-03-07,3109,3104.84
2016-03-08,3100.15,3107.67
2016-03-09,3045.92,3071.91
2016-03-10,3056.21,3013.15
2016-03-11,2990.21,3018.28
2016-03-14,3039.57,3065.69
2016-03-15,3061.34,3074.78
2016-03-16,3068.87,3090.03
2016-03-17,3096.81,3124.2
2016-03-18,3136.22,3171.96
2016-03-21,3203.29,3249.44
2016-03-22,3231.61,3225.79
2016-03-23,3217.73,3236.09
2016-03-24,3211.5,3181.85
2016-03-25,3176.81,3197.82
2016-03-28,3206.95,3169.73
2016-03-29,3171.31,3135.41
2016-03-30,3161.29,3216.28
2016-03-31,3229.2,3218.09
2016-04-01,3213.67,3221.89
2016-04-05,3211.3,3264.49
2016-04-06,3250.52,3257.53
2016-04-07,3266.29,3209.29
2016-04-08,3189.85,3185.73
2016-04-11,3213.51,3230.1
2016-04-12,3227.37,3218.45
2016-04-13,3237.86,3261.38
2016-04-14,3277.1,3275.83
2016-04-15,3279.86,3272.21
2016-04-18,3252.67,3228.45
2016-04-19,3243.97,3238.3
2016-04-20,3244.14,3181.03
2016-04-21,3160.8,3160.6
2016-04-22,3142.56,3174.9
2016-04-25,3164.74,3162.03
2016-04-26,3159.77,3179.16
2016-04-27,3181.93,3165.92
2016-04-28,3169.33,3160.58
2016-04-29,3153.54,3156.75
2016-05-03,3159.82,3213.54
2016-05-04,3203.47,3209.46
2016-05-05,3204.17,3213.92
2016-05-06,3213.14,3130.35
2016-05-09,3115.43,3065.62
2016-05-10,3055.21,3069.11
2016-05-11,3080.64,3082.81
2016-05-12,3059.38,3090.14
2016-05-13,3081.68,3074.94
2016-05-16,3064.53,3095.31
2016-05-17,3095.52,3086.03
2016-05-18,3071.53,3068.04
2016-05-19,3060.34,3062.5
2016-05-20,3047.78,3078.22
2016-05-23,3078.52,3087.22
2016-05-24,3083.24,3063.56
2016-05-25,3079.75,3059.23
2016-05-26,3056.6,3064.21
2016-05-27,3059.73,3062.5
2016-05-30,3056.31,3066.71
2016-05-31,3068.6,3169.56
2016-06-01,3172.96,3160.55
2016-06-02,3158.03,3167.1
2016-06-03,3172.95,3189.33
2016-06-06,3192.78,3178.79
2016-06-07,3182.44,3177.05
2016-06-08,3171.81,3163.99
2016-06-13,3134.05,3066.34
2016-06-14,3058.44,3075.98
2016-06-15,3043.96,3116.37
2016-06-16,3104.36,3094.67
2016-06-17,3096.09,3110.36
2016-06-20,3114.91,3112.67
2016-06-21,3124.9,3106.32
2016-06-22,3100.45,3133.96
2016-06-23,3129.72,3117.32
2016-06-24,3110.65,3077.16
2016-06-27,3065.13,3120.54
2016-06-28,3107.4,3136.4
2016-06-29,3142.48,3151.39
2016-06-30,3152.83,3153.92
2016-07-01,3156.93,3154.2
2016-07-04,3136.39,3204.7
2016-07-05,3199.16,3207.38
2016-07-06,3197.63,3216.8
2016-07-07,3206.55,3209.95
2016-07-08,3199.75,3192.28
2016-07-11,3199.04,3203.33
2016-07-12,3201.91,3273.18
2016-07-13,3274.02,3282.87
2016-07-14,3277.48,3276.76
2016-07-15,3278.84,3276.28
2016-07-18,3269.71,3262.02
2016-07-19,3260.43,3248.23
2016-07-20,3246.86,3237.61
2016-07-21,3238.34,3252.52
2016-07-22,3251.24,3225.16
2016-07-25,3220.17,3230.89
2016-07-26,3228.23,3269.59
2016-07-27,3270.08,3218.24
2016-07-28,3204.46,3221.14
2016-07-29,3217.19,3203.93
2016-08-01,3196.43,3176.81
2016-08-02,3173.76,3189.05
2016-08-03,3179.68,3193.51
2016-08-04,3190.55,3201.29
2016-08-05,3201.35,3205.11
2016-08-08,3199.57,3234.18
2016-08-09,3232.6,3256.98
2016-08-10,3255.18,3243.34
2016-08-11,3239.56,3233.36
2016-08-12,3231.81,3294.23
2016-08-15,3303.47,3393.42
2016-08-16,3403.38,3378.25
2016-08-17,3377.77,3373.05
2016-08-18,3369.95,3364.49
2016-08-19,3358.56,3365.02
2016-08-22,3364.68,3336.8
2016-08-23,3332.62,3341.83
2016-08-24,3341.93,3329.86
2016-08-25,3314.08,3308.97
2016-08-26,3312.5,3307.09
2016-08-29,3306.58,3307.78
2016-08-30,3310.32,3311.99
2016-08-31,3310.57,3327.79
2016-09-01,3326.74,3301.58
2016-09-02,3298.72,3314.11
2016-09-05,3321.01,3319.68
2016-09-06,3322.02,3342.63
2016-09-07,3344.07,3340.82
2016-09-08,3338.01,3339.56
2016-09-09,3339.37,3318.04
2016-09-12,3271.87,3262.6
2016-09-13,3265.34,3260.33
2016-09-14,3245.74,3238.73
2016-09-19,3242.74,3263.12
2016-09-20,3264.66,3257.4
2016-09-21,3257.71,3266.64
2016-09-22,3281.47,3291.12
2016-09-23,3292.28,3275.67
2016-09-26,3267.69,3220.28
2016-09-27,3214.87,3240.75
2016-09-28,3243.65,3230.89
2016-09-29,3234.86,3244.39
2016-09-30,3240.18,3253.29
2016-10-10,3265.36,3293.87
2016-10-11,3296.87,3306.56
2016-10-12,3299.14,3300.01
2016-10-13,3299.16,3302.65
2016-10-14,3298.73,3305.85
2016-10-17,3305.96,3277.88
2016-10-18,3272.68,3321.33
2016-10-19,3323.3,3316.24
2016-10-20,3317.18,3318.6
2016-10-21,3315.72,3327.74
2016-10-24,3332.51,3367.58
2016-10-25,3367.48,3367.45
2016-10-26,3365.2,3354.8
2016-10-27,3351.46,3345.7
2016-10-28,3347.14,3340.13
2016-10-31,3332.41,3336.28
2016-11-01,3338.71,3359.05
2016-11-02,3350.71,3333.35
2016-11-03,3326.9,3365.09
2016-11-04,3362.21,3354.17
2016-11-07,3353.44,3356.59
2016-11-08,3367.7,3371.12
2016-11-09,3370.6,3353.05
2016-11-10,3374.91,3390.61
2016-11-11,3387.95,3417.22
2016-11-14,3409.22,3430.25
2016-11-15,3428.87,3429.87
2016-11-16,3432.43,3429.59
2016-11-17,3423.47,3436.54
2016-11-18,3437.49,3417.46
2016-11-21,3412.65,3441.11
2016-11-22,3443.22,3468.36
2016-11-23,3473.9,3474.73
2016-11-24,3468.81,3488.74
2016-11-25,3490.04,3521.3
2016-11-28,3538.68,3535.08
2016-11-29,3525.9,3564.04
2016-11-30,3557.64,3538
2016-12-01,3543.96,3565.04
2016-12-02,3559.77,3528.95
2016-12-05,3473.69,3469.41
2016-12-06,3466.24,3459.15
2016-12-07,3458.37,3475.75
2016-12-08,3481.81,3470.14
2016-12-09,3464.87,3493.7
2016-12-12,3489.27,3409.18
2016-12-13,3394.21,3405.04
2016-12-14,3399.41,3378.95
2016-12-15,3363.86,3340.43
2016-12-16,3335.36,3346.03
2016-12-19,3342.35,3328.98
2016-12-20,3328.3,3309.06
2016-12-21,3313.75,3338.54
2016-12-22,3335.12,3335.67
2016-12-23,3333.4,3307.6
2016-12-26,3293.22,3322.4
2016-12-27,3319.21,3316.39
2016-12-28,3315.75,3301.89
2016-12-29,3297.04,3297.77
2016-12-30,3302.6,3310.08
2017-01-03,3313.95,3342.23
2017-01-04,3340.56,3368.31
2017-01-05,3368.34,3367.79
2017-01-06,3366.85,3347.67
2017-01-09,3345.75,3363.9
2017-01-10,3361.64,3358.27
2017-01-11,3355.8,3334.5
2017-01-12,3332.69,3317.62
2017-01-13,3317.96,3319.91
2017-01-16,3314.15,3319.45
2017-01-17,3305.6,3326.36
2017-01-18,3323.34,3339.37
2017-01-19,3330.95,3329.29
2017-01-20,3326.98,3354.89
2017-01-23,3359.05,3364.08
2017-01-24,3363.14,3364.45
2017-01-25,3361.66,3375.9
2017-01-26,3378.26,3387.96
2017-02-03,3390.93,3364.49
2017-02-06,3368.11,3373.21
2017-02-07,3371.77,3365.68
2017-02-08,3361.78,3383.29
2017-02-09,3381.9,3396.29
2017-02-10,3398.32,3413.49
2017-02-13,3416.92,3436.28
2017-02-14,3438.51,3435.8
2017-02-15,3435.39,3421.71
2017-02-16,3421.83,3440.93
2017-02-17,3443.62,3421.44
2017-02-20,3421.64,3471.39
2017-02-21,3475.06,3482.82
2017-02-22,3483.2,3489.76
2017-02-23,3487.57,3473.32
2017-02-24,3468.96,3473.85
2017-02-27,3471.13,3446.22
2017-02-28,3445.03,3452.81
2017-03-01,3452.21,3458.44
2017-03-02,3463.48,3435.1
2017-03-03,3424.66,3427.86
2017-03-06,3427.25,3446.48
2017-03-07,3446.16,3453.96
2017-03-08,3452.2,3448.73
2017-03-09,3442.9,3426.94
2017-03-10,3423.98,3427.89
2017-03-13,3425.67,3458.1
2017-03-14,3456.66,3456.69
2017-03-15,3452.21,3463.64
2017-03-16,3472.27,3481.51
2017-03-17,3485.31,3445.81
2017-03-20,3449.05,3449.61
2017-03-21,3449.77,3466.35
2017-03-22,3450.75,3450.05
2017-03-23,3452.41,3461.98
2017-03-24,3464.2,3489.6
2017-03-27,3488.76,3478.04
2017-03-28,3480.25,3469.81
2017-03-29,3472.97,3465.19
2017-03-30,3461.62,3436.76
2017-03-31,3434.82,3456.05
2017-04-05,3476.42,3503.89
2017-04-06,3507.99,3514.05
2017-04-07,3514.45,3517.46
2017-04-10,3519.46,3505.14
2017-04-11,3503.83,3517.33
2017-04-12,3514.57,3509.44
2017-04-13,3500.28,3514.57
2017-04-14,3516.81,3486.5
2017-04-17,3475.74,3479.94
2017-04-18,3474.89,3462.74
2017-04-19,3452.99,3445.88
2017-04-20,3444.52,3461.55
2017-04-21,3461.39,3466.79
2017-04-24,3458.23,3431.26
2017-04-25,3427.73,3440.97
2017-04-26,3440.25,3445.18
2017-04-27,3435.1,3446.72
2017-04-28,3439.57,3439.75
2017-05-02,3427.92,3426.58
2017-05-03,3421.76,3413.13
2017-05-04,3404.94,3404.39
2017-05-05,3393.48,3382.55
2017-05-08,3369.11,3358.81
2017-05-09,3342.6,3352.53
2017-05-10,3350.65,3337.7
2017-05-11,3322.95,3356.65
2017-05-12,3350.94,3385.38
2017-05-15,3391.59,3399.19
2017-05-16,3390.93,3428.65
2017-05-17,3423.19,3409.97
2017-05-18,3387.67,3398.11
2017-05-19,3395.23,3403.85
2017-05-22,3400.59,3411.24
2017-05-23,3405.03,3424.19
2017-05-24,3409.72,3424.17
2017-05-25,3414.4,3485.66
2017-05-26,3479.62,3480.43
2017-05-31,3495.07,3492.88
2017-06-01,3485.22,3497.74
2017-06-02,3491.59,3486.51
2017-06-05,3480.17,3468.75
2017-06-06,3464.38,3492.88
2017-06-07,3493.88,3533.87
2017-06-08,3531.24,3560.98
2017-06-09,3561.24,3576.17
2017-06-12,3570.22,3574.39
2017-06-13,3569.16,3582.27
2017-06-14,3571.25,3535.3
2017-06-15,3530.75,3528.79
2017-06-16,3522.97,3518.76
2017-06-19,3520.06,3553.67
2017-06-20,3560.79,3546.49
2017-06-21,3567.13,3587.96
2017-06-22,3583.56,3590.34
2017-06-23,3583.44,3622.88
2017-06-26,3627.02,3668.09
2017-06-27,3665.58,3674.72
2017-06-28,3664.16,3646.17
2017-06-29,3649.25,3668.83
2017-06-30,3654.74,3666.8
2017-07-03,3667.23,3650.85
2017-07-04,3646.83,3619.98
2017-07-05,3611.9,3659.68
2017-07-06,3654.56,3660.1
2017-07-07,3647.64,3655.93
2017-07-10,3647.94,3653.69
2017-07-11,3646.88,3670.81
2017-07-12,3672.63,3658.82
2017-07-13,3656.35,3686.92
2017-07-14,3682.62,3703.09
2017-07-17,3700.62,3663.56
2017-07-18,3648.49,3667.18
2017-07-19,3660.87,3729.75
2017-07-20,3725.14,3747.88
2017-07-21,3738.18,3728.6
2017-07-24,3724.38,3743.47
2017-07-25,3742.64,3719.56
2017-07-26,3722.88,3705.39
2017-07-27,3700.86,3712.19
2017-07-28,3703.49,3721.89
2017-07-31,3722.43,3737.87
2017-08-01,3738.74,3770.38
2017-08-02,3768.19,3760.85
2017-08-03,3755.11,3727.83
2017-08-04,3724.72,3707.58
2017-08-07,3701.22,3726.8
2017-08-08,3724.33,3732.21
2017-08-09,3728.03,3731.04
2017-08-10,3724.96,3715.92
2017-08-11,3687.93,3647.35
2017-08-14,3651.38,3694.68
2017-08-15,3695.78,3706.06
2017-08-16,3701.13,3701.42
2017-08-17,3707.07,3721.28
2017-08-18,3707.19,3724.67
2017-08-21,3731.84,3740.99
2017-08-22,3745.75,3752.3
2017-08-23,3747.61,3756.09
2017-08-24,3755.89,3734.65
2017-08-25,3736.29,3795.75
2017-08-28,3805.66,3842.71
2017-08-29,3839.18,3834.54
2017-08-30,3834.27,3834.3
2017-08-31,3835.84,3822.09
2017-09-01,3825.34,3830.54
2017-09-04,3828.54,3845.62
2017-09-05,3845.55,3857.05
2017-09-06,3846.75,3849.45
2017-09-07,3851.69,3829.87
2017-09-08,3830.07,3825.99
2017-09-11,3828.34,3825.65
2017-09-12,3832.24,3837.93
2017-09-13,3835.55,3842.61
2017-09-14,3843.57,3829.96
2017-09-15,3826.14,3831.3
2017-09-18,3832.96,3843.14
2017-09-19,3849.88,3832.12
2017-09-20,3830.15,3842.44
2017-09-21,3843.26,3837.82
2017-09-22,3826.46,3837.73
2017-09-25,3829.22,3817.79
2017-09-26,3810.33,3820.78
2017-09-27,3818.96,3821.2
2017-09-28,3821.59,3822.54
2017-09-29,3825.2,3836.5
2017-10-09,3910.12,3882.21
2017-10-10,3883,3889.86
2017-10-11,3886.82,3902.69
2017-10-12,3902.02,3912.95
2017-10-13,3912.98,3921
2017-10-16,3926.28,3913.45
2017-10-17,3910.79,3913.07
2017-10-18,3914.82,3944.16
2017-10-19,3940.58,3931.25
2017-10-20,3918.53,3926.85
2017-10-23,3930.89,3930.8
2017-10-24,3926.23,3959.4
2017-10-25,3958.17,3976.95
2017-10-26,3980.05,3993.58
2017-10-27,3992.55,4021.97
2017-10-30,4022.16,4009.72
2017-10-31,3995.39,4006.72
2017-11-01,4007.91,3996.62
2017-11-02,3994.09,3997.13
2017-11-03,3992.35,3992.7
2017-11-06,3989.18,4020.89
2017-11-07,4022.4,4054.25
2017-11-08,4051.49,4048.01
2017-11-09,4043.07,4075.9
2017-11-10,4070.28,4111.91
2017-11-13,4115.55,4128.07
2017-11-14,4129.27,4099.35
2017-11-15,4084.21,4073.67
2017-11-16,4063.49,4105.01
2017-11-17,4094.08,4120.85
2017-11-20,4093.73,4143.83
2017-11-21,4131.85,4217.7
2017-11-22,4228.37,4227.57
2017-11-23,4213.38,4102.4
2017-11-24,4089.47,4104.2
2017-11-27,4088.93,4049.95
2017-11-28,4034.21,4055.82
2017-11-29,4061.35,4053.75
2017-11-30,4034.01,4006.1
2017-12-01,4003.56,3998.14
