,city1_2,flag,flight,flight_num,plane
1,南京哈尔滨,2,3U,2,320
2,南京哈尔滨,2,MF,2,738
3,南京哈尔滨,2,MU,2,320
4,南京哈尔滨,2,ZH,2,738
5,大连西安,3,CZ,8,319
6,西安大连,3,GS,2,E90
7,西安大连,3,HU,2,738
8,西安大连,3,MU,2,320
9,西安大连,3,ZH,2,320
10,义乌广州,6,CZ,10,733
11,广州福州,7,CZ,12,319
12,广州福州,7,HU,4,738
13,广州福州,7,MF,6,752
14,西安沈阳,8,9C,2,320
15,西安沈阳,8,CZ,8,320
16,西安沈阳,8,HU,5,738
17,西安沈阳,8,MU,2,73G
18,西安沈阳,8,ZH,4,320
19,重庆兰州,9,HU,4,738
20,重庆兰州,9,SC,2,738
21,杭州郑州,10,3U,2,320
22,郑州杭州,10,CZ,13,733
23,郑州杭州,10,MF,6,738
24,郑州杭州,10,MU,4,320
25,郑州杭州,10,VD,2,E90
26,昆明贵阳,11,3U,2,320
27,昆明贵阳,11,8L,4,73G
28,昆明贵阳,11,CA,2,320
29,贵阳昆明,11,CZ,4,73G
30,昆明贵阳,11,KY,4,737
31,昆明贵阳,11,MU,2,CR2
32,长沙三亚,12,BK,2,738
33,长沙三亚,12,CZ,4,320
34,长沙三亚,12,HU,6,738
35,长沙三亚,12,JD,2,319
36,长沙三亚,12,MU,3,73G
37,长沙三亚,12,ZH,2,320
38,烟台成都,13,SC,2,73G
39,贵阳成都,14,3U,6,321
40,贵阳成都,14,CA,2,733
41,贵阳成都,14,CZ,6,738
42,成都贵阳,14,EU,4,319
43,贵阳成都,14,G5,2,CR2
44,烟台广州,15,SC,2,733
45,烟台杭州,16,SC,12,CR2
46,三亚合肥,18,HU,6,737
47,三亚合肥,18,MU,4,320
48,重庆济南,19,3U,4,319
49,重庆济南,19,HU,2,737
50,重庆济南,19,MU,4,319
51,重庆济南,19,PN,2,319
52,重庆济南,19,SC,12,733
53,长春南京,20,CZ,2,319
54,长春南京,20,MU,9,320
55,长春南京,20,ZH,2,738
56,重庆南京,22,3U,8,320
57,重庆南京,22,8L,2,737
58,重庆南京,22,CA,4,73G
59,重庆南京,22,CZ,2,320
60,重庆南京,22,MU,6,320
61,重庆南京,22,OQ,10,319
62,重庆南京,22,PN,4,737
63,南京重庆,22,SC,2,738
64,宁波长沙,23,GS,4,EMB
65,长沙宁波,23,HU,4,733
66,长沙宁波,23,MF,4,738
67,长沙宁波,23,MU,4,320
68,宁波长沙,23,NS,2,320
69,重庆石家庄,24,9C,2,320
70,重庆石家庄,24,MU,4,73G
71,石家庄重庆,24,NS,2,320
72,重庆石家庄,24,ZH,2,320
73,舟山广州,25,ZH,2,320
74,南宁合肥,26,GS,2,E90
75,南宁合肥,26,KY,2,737
76,银川青岛,27,SC,2,733
77,太原合肥,29,HU,3,738
78,重庆昆明,30,3U,4,ERJ
79,昆明重庆,30,8L,4,737
80,重庆昆明,30,CZ,12,321
81,重庆昆明,30,KY,8,73G
82,重庆昆明,30,MU,16,320
83,重庆昆明,30,OQ,2,320
84,重庆昆明,30,PN,2,319
85,乌鲁木齐青岛,31,CZ,6,73G
86,青岛乌鲁木齐,31,SC,10,738
87,南阳广州,32,CZ,4,ERJ
88,杭州大连,33,3U,4,320
89,杭州大连,33,CA,2,319
90,大连杭州,33,CZ,12,319
91,杭州大连,33,MF,2,738
92,杭州大连,33,MU,2,320
93,重庆武汉,34,3U,4,ERJ
94,重庆武汉,34,CZ,4,73G
95,武汉重庆,34,MF,2,738
96,武汉重庆,34,MU,2,EMB
97,重庆武汉,34,OQ,6,320
98,重庆武汉,34,PN,2,319
99,武汉重庆,34,SC,2,733
100,郑州北海,39,CZ,2,738
101,长沙温州,40,CA,2,752
102,长沙温州,40,CZ,4,73G
103,长沙温州,40,EU,6,319
104,福州沈阳,41,MF,4,738
105,鄂尔多斯哈尔滨,42,MU,2,737
106,沈阳银川,44,CZ,4,320
107,厦门杭州,45,MF,10,738
108,厦门杭州,45,MU,4,73G
109,厦门杭州,45,SC,22,737
110,临沧昆明,46,MU,4,73G
111,重庆西宁,47,3U,4,320
112,成都银川,48,3U,2,320
113,银川成都,48,CA,2,319
114,长沙深圳,49,CZ,12,321
115,长沙深圳,49,HU,2,738
116,长沙深圳,49,ZH,5,738
117,天津兰州,50,GS,4,ERJ
118,海口杭州,54,CZ,2,733
119,杭州海口,54,GS,4,E90
120,杭州海口,54,HU,5,733
121,深圳南阳,56,CZ,4,ERJ
122,锡林浩特呼和浩特,58,CA,2,733
123,锡林浩特呼和浩特,58,GS,14,ERJ
124,锡林浩特呼和浩特,58,MU,4,ERJ
125,延安西安,60,GS,2,E90
126,延安西安,60,JR,4,MA6
127,深圳济南,61,CZ,4,320
128,深圳济南,61,HU,4,738
129,深圳济南,61,SC,8,733
130,深圳济南,61,ZH,4,738
131,天津桂林,64,BK,2,738
132,杭州青岛,67,CA,2,319
133,青岛杭州,67,CZ,10,319
134,杭州青岛,67,MF,2,738
135,青岛杭州,67,MU,2,320
136,青岛杭州,67,SC,14,737
137,西宁成都,69,3U,6,320
138,西宁成都,69,CA,4,319
139,西宁成都,69,TV,2,319
140,深圳洛阳,70,CZ,4,320
141,西安南昌,71,HU,2,738
142,南昌西安,71,MF,2,752
143,西安南昌,71,MU,4,320
144,南昌西安,71,SC,2,733
145,黄山厦门,73,JD,4,319
146,成都济宁,79,EU,4,319
147,成都北海,203,EU,4,319
148,重庆北海,259,EU,4,319
149,重庆长春,363,3U,2,320
150,长春重庆,363,CZ,2,320
151,大连长春,413,CZ,4,73G
152,长春大连,413,MU,7,320
153,大连长春,413,ZH,2,738
154,成都大连,498,3U,6,321
155,大连成都,498,CZ,6,319
156,成都大连,498,EU,4,320
157,长沙广州,546,CZ,10,320
158,广州长沙,546,ZH,2,320
159,海口北海,550,MU,2,ERJ
160,贵阳长沙,651,CZ,6,73G
161,长沙贵阳,651,MF,2,738
162,长沙贵阳,651,MU,5,320
163,长沙贵阳,651,ZH,2,320
164,长沙海口,687,BK,2,738
165,长沙海口,687,CZ,4,320
166,长沙海口,687,EU,2,319
167,长沙海口,687,GS,4,E90
168,长沙海口,687,HU,20,737
169,长沙海口,687,JD,4,319
170,长沙海口,687,MU,1,73G
171,杭州长春,703,CZ,2,321
172,杭州长春,703,MF,2,738
173,广州赣州,798,CZ,4,ERJ
174,广州广元,806,CA,2,73G
175,贵阳福州,868,EU,4,319
176,贵阳福州,868,G5,2,CR2
177,福州贵阳,868,MF,6,752
178,长沙济南,877,CZ,2,73G
179,长沙济南,877,HU,5,737
180,长沙济南,877,MF,6,738
181,长沙济南,877,SC,8,733
182,长春昆明,910,CZ,6,319
183,昆明长春,910,KY,2,737
184,成都呼和浩特,911,3U,2,319
185,呼和浩特成都,911,CA,10,733
186,呼和浩特成都,911,ZH,2,737
187,贵阳广州,921,CA,6,733
188,贵阳广州,921,CZ,10,319
189,贵阳广州,921,HU,7,734
190,贵阳广州,921,ZH,12,320
191,大连哈尔滨,934,3U,2,320
192,大连哈尔滨,934,CA,2,320
193,哈尔滨大连,934,CZ,4,320
194,哈尔滨大连,934,HU,2,738
195,大连哈尔滨,934,SC,6,733
196,哈尔滨大连,934,ZH,2,320
197,福州杭州,951,MF,2,738
198,福州济南,1094,MF,6,738
199,济南福州,1094,SC,8,CR2
200,济南福州,1094,ZH,2,738
201,长沙南京,1104,BK,2,738
202,长沙南京,1104,CZ,16,320
203,南京长沙,1104,EU,4,320
204,长沙南京,1104,MF,2,738
205,长沙南京,1104,MU,6,320
206,南京长沙,1104,ZH,2,737
207,哈尔滨贵阳,1142,3U,4,319
208,哈尔滨贵阳,1142,G5,2,CR2
209,长沙南宁,1146,CA,2,319
210,南宁长沙,1146,CZ,6,738
211,南宁长沙,1146,EU,6,319
212,长沙南宁,1146,GS,4,EMB
213,长沙南宁,1146,HU,8,738
214,长沙南宁,1146,SC,2,733
215,长沙南宁,1146,ZH,4,737
216,重庆南昌,1187,3U,2,320
217,重庆南昌,1187,MF,6,738
218,长沙青岛,1204,CZ,6,320
219,长沙青岛,1204,MF,4,738
220,长沙青岛,1204,MU,6,ERJ
221,青岛长沙,1204,SC,4,733
222,长沙青岛,1204,ZH,2,737
223,海口合肥,1210,CZ,4,733
224,合肥海口,1210,HU,2,738
225,昆明广州,1219,CZ,18,319
226,昆明广州,1219,MU,13,733
227,昆明广州,1219,ZH,10,320
228,济南贵阳,1245,CZ,4,320
229,济南贵阳,1245,SC,10,733
230,南京大连,1269,CZ,20,319
231,南京大连,1269,HU,6,738
232,南京大连,1269,MF,2,738
233,南京大连,1269,MU,15,320
234,南京大连,1269,ZH,4,320
235,连云港广州,1301,CZ,3,319
236,大连南宁,1311,CZ,6,319
237,南宁大连,1311,GS,2,E90
238,南宁大连,1311,HU,8,738
239,南宁大连,1311,ZH,2,733
240,泸州广州,1332,CA,4,733
241,昆明海口,1353,8L,2,73G
242,昆明海口,1353,CZ,2,733
243,昆明海口,1353,HU,2,738
244,昆明海口,1353,MU,2,737
245,重庆三亚,1366,3U,6,319
246,重庆三亚,1366,CA,2,73G
247,重庆三亚,1366,CZ,2,321
248,重庆三亚,1366,HU,5,738
249,重庆三亚,1366,JD,2,319
250,重庆三亚,1366,OQ,2,320
251,重庆三亚,1366,PN,2,319
252,长沙沈阳,1376,BK,2,738
253,长沙沈阳,1376,CZ,8,320
254,长春深圳,1383,CZ,10,319
255,长春深圳,1383,ZH,4,738
256,济南合肥,1398,SC,12,CR2
257,南昌贵阳,1441,MU,2,320
258,兰州杭州,1444,CZ,2,73G
259,深圳常州,1446,ZH,3,320
260,南京贵阳,1473,8L,4,73G
261,南京贵阳,1473,CZ,4,319
262,贵阳南京,1473,KY,2,73G
263,南京贵阳,1473,MU,2,320
264,南京贵阳,1473,ZH,2,738
265,南京海口,1512,EU,2,319
266,南京海口,1512,HU,2,738
267,南京海口,1512,MU,2,320
268,南京海口,1512,ZH,2,738
269,温州长春,1530,SC,2,737
270,成都石家庄,1542,3U,2,319
271,石家庄成都,1542,9C,2,320
272,石家庄成都,1542,MU,2,73G
273,石家庄成都,1542,NS,2,320
274,三亚桂林,1586,3U,2,320
275,三亚桂林,1586,CZ,6,319
276,三亚桂林,1586,JD,4,319
277,深圳大连,1588,CZ,8,320
278,深圳大连,1588,HU,2,738
279,深圳大连,1588,ZH,4,320
280,兰州昆明,1656,8L,4,73G
281,兰州昆明,1656,MU,2,320
282,长春厦门,1660,CZ,2,319
283,厦门长春,1660,MF,2,738
284,长春厦门,1660,SC,4,73G
285,哈尔滨宁波,1664,3U,2,320
286,哈尔滨宁波,1664,CZ,2,321
287,天津大连,1692,CZ,8,319
288,天津大连,1692,GS,12,E90
289,济南南京,1699,SC,4,CR2
290,泸州昆明,1713,MU,8,737
291,南宁济南,1740,CZ,2,733
292,南宁济南,1740,EU,2,319
293,济南南宁,1740,SC,2,CR2
294,南宁济南,1740,ZH,2,738
295,天津福州,1743,FM,2,738
296,天津福州,1743,GS,6,E90
297,福州天津,1743,MF,2,738
298,沈阳贵阳,1744,CZ,4,319
299,深圳桂林,1759,CZ,6,320
300,深圳桂林,1759,ZH,8,319
301,南京昆明,1773,8L,6,73G
302,昆明南京,1773,KY,2,73G
303,南京昆明,1773,MU,12,73G
304,南京昆明,1773,SC,2,733
305,沈阳海口,1783,CZ,2,M90
306,沈阳海口,1783,HU,2,738
307,海口沈阳,1783,JD,2,319
308,西安成都,1812,3U,6,319
309,西安成都,1812,CA,2,319
310,西安成都,1812,CZ,8,320
311,西安成都,1812,EU,2,319
312,西安成都,1812,HU,4,737
313,西安成都,1812,MU,8,320
314,大连乌鲁木齐,1820,CZ,4,319
315,乌鲁木齐大连,1820,HU,2,738
316,沈阳哈尔滨,1862,CZ,4,320
317,沈阳哈尔滨,1862,MF,2,738
318,沈阳哈尔滨,1862,ZH,2,320
319,海口石家庄,1884,JD,2,319
320,石家庄海口,1884,NS,4,ERJ
321,南京南昌,1893,CZ,4,319
322,南京南昌,1893,MU,2,320
323,武汉广州,1900,CA,2,320
324,武汉广州,1900,CZ,14,738
325,武汉广州,1900,MU,4,733
326,武汉广州,1900,ZH,4,320
327,青岛兰州,1908,SC,2,733
328,宜昌成都,1941,3U,6,321
329,武汉贵阳,1980,CZ,12,73G
330,武汉贵阳,1980,SC,4,738
331,深圳呼和浩特,1983,CZ,6,320
332,深圳呼和浩特,1983,HU,2,733
333,深圳呼和浩特,1983,ZH,3,738
334,徐州大连,1991,3U,4,319
335,青岛南昌,1993,MF,6,73G
336,青岛南昌,1993,ZH,2,320
337,重庆银川,2006,3U,2,320
338,银川重庆,2006,GS,2,E90
339,湛江成都,2012,CA,2,319
340,烟台大连,2014,BK,4,MA6
341,烟台大连,2014,MU,2,ERJ
342,烟台大连,2014,SC,8,CR2
343,青岛南京,2026,MU,2,320
344,青岛南京,2026,SC,10,733
345,沈阳兰州,2082,CZ,2,319
346,沈阳兰州,2082,ZH,2,320
347,武汉哈尔滨,2100,3U,2,320
348,武汉哈尔滨,2100,CA,2,320
349,武汉哈尔滨,2100,CZ,4,738
350,武汉哈尔滨,2100,MU,3,738
351,郑州大连,2121,CZ,6,320
352,郑州大连,2121,GS,2,E90
353,郑州大连,2121,HU,2,738
354,郑州大连,2121,ZH,4,733
355,厦门哈尔滨,2189,HU,2,738
356,厦门哈尔滨,2189,MF,2,738
357,杭州西安,2201,CA,4,320
358,西安杭州,2201,CZ,2,73G
359,西安杭州,2201,GS,2,E90
360,西安杭州,2201,HU,4,738
361,西安杭州,2201,MF,4,738
362,西安杭州,2201,MU,10,320
363,西安杭州,2201,ZH,2,320
364,武汉济南,2209,8L,3,73G
365,武汉济南,2209,CZ,6,738
366,武汉济南,2209,MF,4,752
367,武汉济南,2209,SC,4,733
368,张家界广州,2213,CZ,4,319
369,张家界广州,2213,FM,2,738
370,乌鲁木齐济南,2248,CZ,6,73G
371,乌鲁木齐济南,2248,HU,2,738
372,济南乌鲁木齐,2248,MF,4,738
373,乌鲁木齐济南,2248,MU,4,319
374,乌鲁木齐济南,2248,SC,11,738
375,西安合肥,2268,CZ,4,73G
376,西安合肥,2268,GS,6,E90
377,合肥西安,2268,MU,2,320
378,厦门济南,2298,MF,10,73G
379,厦门济南,2298,SC,26,733
380,武汉兰州,2319,MU,14,73G
381,乌鲁木齐昆明,2324,8L,6,73G
382,乌鲁木齐昆明,2324,CZ,2,73G
383,乌鲁木齐昆明,2324,MU,4,737
384,深圳宁波,2326,CZ,4,319
385,深圳宁波,2326,HU,4,738
386,深圳宁波,2326,MU,2,320
387,深圳宁波,2326,ZH,2,738
388,烟台哈尔滨,2331,BK,4,738
389,烟台哈尔滨,2331,MU,9,738
390,烟台哈尔滨,2331,SC,8,CR2
391,沈阳三亚,2343,CZ,4,319
392,沈阳三亚,2343,ZH,2,320
393,青岛深圳,2357,CZ,6,319
394,深圳青岛,2357,HU,2,738
395,深圳青岛,2357,SC,6,CR2
396,深圳青岛,2357,ZH,4,738
397,温州南昌,2360,GS,2,E90
398,厦门兰州,2407,HU,2,738
399,厦门兰州,2407,MF,4,738
400,厦门兰州,2407,SC,2,738
401,天津青岛,2443,GS,7,E90
402,天津青岛,2443,SC,4,CR2
403,西宁昆明,2465,3U,2,320
404,西安拉萨,2469,3U,4,319
405,西安拉萨,2469,MU,5,319
406,武汉南宁,2472,3U,2,320
407,武汉南宁,2472,CZ,4,738
408,武汉南宁,2472,GS,8,E90
409,武汉南宁,2472,SC,2,CR2
410,武汉南宁,2472,ZH,2,320
411,乌鲁木齐南京,2475,CZ,4,73G
412,乌鲁木齐南京,2475,HU,4,738
413,乌鲁木齐南京,2475,MU,10,320
414,乌鲁木齐南京,2475,ZH,3,738
415,银川济南,2479,HU,2,738
416,银川济南,2479,SC,6,733
417,昆明徐州,2490,3U,2,320
418,昆明徐州,2490,8L,2,737
419,温州青岛,2496,CZ,4,M90
420,温州青岛,2496,SC,4,CR2
421,郑州济南,2548,SC,6,738
422,广州成都,2561,3U,8,320
423,广州成都,2561,CA,20,321
424,广州成都,2561,CZ,16,319
425,广州成都,2561,EU,2,319
426,广州成都,2561,JD,2,319
427,广州成都,2561,ZH,4,320
428,武汉三亚,2579,CZ,10,738
429,武汉三亚,2579,JD,2,319
430,武汉三亚,2579,MU,4,ERJ
431,厦门宁波,2594,MF,2,738
432,厦门宁波,2594,SC,2,CR2
433,成都长沙,2604,3U,2,321
434,成都长沙,2604,CA,2,752
435,长沙成都,2604,CZ,8,320
436,成都长沙,2604,EU,2,319
437,长沙成都,2604,HU,2,734
438,长沙成都,2604,MF,8,738
439,张家界大连,2616,EU,2,319
440,太原广州,2619,CZ,8,319
441,太原广州,2619,HU,2,733
442,太原广州,2619,MU,2,738
443,厦门衢州,2644,FM,2,CR2
444,青岛西安,2677,CZ,6,319
445,西安青岛,2677,GS,2,E90
446,西安青岛,2677,HU,5,738
447,西安青岛,2677,MU,2,320
448,西安青岛,2677,SC,4,733
449,张家界南昌,2694,EU,2,319
450,武汉沈阳,2714,CZ,4,738
451,武汉沈阳,2714,HU,2,738
452,武汉沈阳,2714,MU,2,ERJ
453,武汉沈阳,2714,ZH,2,320
454,天津太原,2726,BK,2,738
455,天津太原,2726,GS,8,ERJ
456,重庆南宁,2738,CZ,4,738
457,重庆南宁,2738,G5,2,CR2
458,重庆南宁,2738,GS,2,E90
459,重庆南宁,2738,NS,2,320
460,重庆南宁,2738,ZH,2,320
461,乌鲁木齐沈阳,2748,CZ,4,319
462,沈阳厦门,2804,CZ,2,M90
463,沈阳厦门,2804,HU,4,738
464,厦门沈阳,2804,MF,4,738
465,沈阳厦门,2804,SC,2,733
466,沈阳厦门,2804,ZH,2,737
467,天津武汉,2852,GS,8,E90
468,武汉天津,2852,MF,2,738
469,深圳厦门,2861,CZ,12,320
470,深圳厦门,2861,HU,2,738
471,深圳厦门,2861,MF,8,73G
472,深圳厦门,2861,ZH,2,738
473,长沙兰州,2865,ZH,3,738
474,太原呼和浩特,2881,8L,6,73G
475,呼和浩特太原,2881,GS,4,ERJ
476,张家界杭州,2884,MU,3,320
477,武汉温州,2907,CZ,2,73G
478,武汉温州,2907,HU,4,738
479,武汉温州,2907,MU,4,73G
480,长沙西宁,2922,CZ,2,320
481,长沙西宁,2922,ZH,2,320
482,长沙杭州,2975,BK,2,738
483,杭州长沙,2975,CA,2,319
484,长沙杭州,2975,CZ,2,320
485,长沙杭州,2975,EU,2,319
486,杭州长沙,2975,MF,4,738
487,呼和浩特广州,2997,CA,2,733
488,呼和浩特广州,2997,CZ,4,319
489,呼和浩特广州,2997,ZH,4,320
490,昆明太原,3007,8L,6,73G
491,太原昆明,3007,MU,6,73G
492,太原昆明,3007,ZH,2,320
493,西安武汉,3088,CZ,8,738
494,西安武汉,3088,HU,2,738
495,武汉西安,3088,MF,4,752
496,西安武汉,3088,MU,9,738
497,兰州福州,3091,HU,2,738
498,合肥桂林,3097,MU,6,320
499,丽江成都,3111,3U,2,319
500,丽江成都,3111,CA,2,736
501,丽江成都,3111,EU,2,320
502,丽江成都,3111,JD,2,319
503,丽江成都,3111,MU,4,733
504,常州昆明,3112,CZ,2,319
505,昆明常州,3112,MU,2,73G
506,西宁武汉,3120,ZH,2,320
507,兰州广州,3132,CZ,4,319
508,兰州广州,3132,MU,2,320
509,广州兰州,3132,ZH,2,733
510,西宁乌鲁木齐,3152,CZ,6,320
511,西宁乌鲁木齐,3152,HU,4,738
512,郑州太原,3161,JR,4,MA6
513,郑州太原,3161,VD,2,E90
514,烟台武汉,3170,MU,5,ERJ
515,烟台武汉,3170,SC,6,738
516,郑州天津,3189,BK,2,738
517,郑州天津,3189,CZ,2,733
518,天津郑州,3189,GS,10,E90
519,天津郑州,3189,MF,2,738
520,郑州天津,3189,VD,2,E90
521,南昌广州,3237,CZ,8,319
522,南昌广州,3237,HU,2,737
523,南昌广州,3237,MU,6,320
524,南昌广州,3237,ZH,8,737
525,张家界南京,3252,3U,4,319
526,张家界南京,3252,CZ,2,320
527,张家界南京,3252,MU,22,320
528,西安西宁,3259,3U,2,319
529,西安西宁,3259,CZ,6,320
530,西宁西安,3259,HU,4,738
531,西宁西安,3259,MU,11,319
532,西宁西安,3259,ZH,10,738
533,绵阳广州,3265,CZ,2,319
534,三亚太原,3291,CZ,2,320
535,太原三亚,3291,HU,2,738
536,三亚太原,3291,JD,2,319
537,太原三亚,3291,MU,3,73G
538,深圳景德镇,3293,ZH,6,737
539,郑州乌鲁木齐,3317,3U,2,320
540,郑州乌鲁木齐,3317,CZ,16,738
541,郑州乌鲁木齐,3317,HU,4,738
542,郑州乌鲁木齐,3317,MF,6,73G
543,成都济南,3337,3U,6,319
544,济南成都,3337,CA,2,319
545,济南成都,3337,CZ,6,319
546,成都济南,3337,EU,2,320
547,济南成都,3337,MU,6,319
548,济南成都,3337,SC,4,73G
549,南通广州,3348,CZ,2,319
550,宁波广州,3356,CZ,8,319
551,宁波广州,3356,HU,6,738
552,宁波广州,3356,MU,6,320
553,合肥成都,3383,3U,2,319
554,合肥成都,3383,CA,2,321
555,合肥成都,3383,MU,6,320
556,三亚广州,3406,CZ,22,320
557,三亚广州,3406,FM,2,738
558,三亚广州,3406,HU,4,738
559,三亚广州,3406,JD,2,319
560,三亚广州,3406,ZH,2,738
561,厦门珠海,3417,MF,12,737
562,厦门珠海,3417,SC,4,738
563,南宁南京,3429,CZ,2,738
564,南宁南京,3429,ZH,6,733
565,重庆合肥,3435,3U,4,ERJ
566,重庆合肥,3435,MU,6,320
567,济南兰州,3464,CZ,4,319
568,兰州济南,3464,SC,5,738
569,珠海西安,3466,CZ,2,73G
570,大连合肥,3490,CZ,10,319
571,合肥大连,3490,HU,2,738
572,温州天津,3545,GS,6,E90
573,厦门海口,3552,CZ,6,M90
574,厦门海口,3552,HU,2,738
575,厦门海口,3552,MF,16,73G
576,深圳南通,3556,ZH,2,320
577,西安昆明,3621,8L,4,73G
578,西安昆明,3621,HU,2,738
579,西安昆明,3621,KY,6,737
580,西安昆明,3621,MU,14,737
581,温州太原,3628,MU,2,73G
582,武汉太原,3651,CZ,12,738
583,武汉太原,3651,MU,4,73G
584,武汉北海,3662,CZ,2,738
585,武汉北海,3662,MU,2,ERJ
586,银川南京,3663,CZ,4,73G
587,银川南京,3663,MU,4,320
588,昆明济南,3671,3U,4,320
589,昆明济南,3671,8L,8,73G
590,昆明济南,3671,KY,4,73G
591,昆明济南,3671,SC,4,733
592,长沙石家庄,3685,CZ,2,320
593,石家庄长沙,3685,NS,2,320
594,青岛广州,3713,CZ,10,319
595,广州青岛,3713,HU,4,738
596,青岛广州,3713,MU,2,320
597,青岛广州,3713,SC,4,733
598,青岛广州,3713,ZH,2,320
599,张家界武汉,3741,MU,6,ERJ
600,厦门景德镇,3753,3U,2,320
601,烟台天津,3803,BK,2,MA6
602,烟台天津,3803,GS,6,ERJ
603,烟台天津,3803,SC,2,CR2
604,哈尔滨合肥,3811,3U,2,319
605,合肥哈尔滨,3811,CZ,2,320
606,合肥哈尔滨,3811,HU,2,738
607,长沙长春,3813,CZ,2,320
608,昆明洛阳,3816,MU,2,737
609,兰州三亚,3818,3U,2,320
610,三亚兰州,3818,JD,6,319
611,无锡广州,3852,CZ,4,319
612,无锡广州,3852,MU,4,320
613,无锡广州,3852,ZH,8,320
614,重庆福州,3906,3U,2,320
615,重庆福州,3906,CZ,2,752
616,重庆福州,3906,HU,2,738
617,福州重庆,3906,MF,6,738
618,重庆福州,3906,PN,2,319
619,长沙厦门,3917,3U,2,321
620,长沙厦门,3917,MF,10,738
621,长沙厦门,3917,PN,2,319
622,厦门南昌,3924,MF,8,738
623,厦门南昌,3924,MU,2,320
624,厦门南昌,3924,SC,2,733
625,昆明合肥,3959,8L,4,73G
626,合肥昆明,3959,BK,4,735
627,昆明合肥,3959,KY,2,737
628,昆明合肥,3959,MU,8,320
629,厦门桂林,3966,JD,2,319
630,厦门桂林,3966,MF,2,752
631,厦门桂林,3966,SC,4,738
632,南京厦门,3976,CZ,2,319
633,厦门南京,3976,MF,8,738
634,厦门南京,3976,MU,18,737
635,厦门南京,3976,SC,2,CR2
636,徐州广州,3999,CZ,3,319
637,大连常州,4012,CZ,2,319
638,通辽呼和浩特,4015,CA,2,733
639,通辽呼和浩特,4015,G5,2,CR2
640,通辽呼和浩特,4015,GS,6,ERJ
641,乌海呼和浩特,4024,GS,4,ERJ
642,乌海呼和浩特,4024,MU,2,73G
643,郑州武汉,4060,MU,2,ERJ
644,西安深圳,4081,CZ,20,320
645,西安深圳,4081,HU,6,738
646,西安深圳,4081,MU,2,320
647,西安深圳,4081,ZH,8,320
648,重庆大连,4101,3U,2,ERJ
649,大连重庆,4101,CZ,10,321
650,重庆大连,4101,G5,6,CR2
651,重庆大连,4101,HU,2,737
652,重庆大连,4101,PN,2,319
653,重庆大连,4101,ZH,2,320
654,南京宁波,4108,SC,2,738
655,长沙张家界,4122,CZ,4,321
656,乌鲁木齐敦煌,4138,CZ,4,73G
657,敦煌乌鲁木齐,4138,GS,4,E90
658,宁波济南,4155,SC,6,733
659,郑州长沙,4158,CZ,4,738
660,深圳丽江,4160,CZ,2,319
661,深圳丽江,4160,ZH,6,737
662,海口成都,4168,3U,2,320
663,海口成都,4168,CA,2,319
664,海口成都,4168,HU,2,738
665,济南温州,4196,GS,4,ERJ
666,温州济南,4196,SC,12,737
667,珠海长沙,4201,CZ,2,73G
668,宜昌深圳,4232,ZH,2,320
669,郑州南宁,4249,CZ,7,738
670,南宁郑州,4249,GS,2,E90
671,郑州南宁,4249,VD,2,E90
672,郑州南宁,4249,ZH,2,733
673,西安温州,4253,GS,4,E90
674,西安温州,4253,HU,2,738
675,温州西安,4253,MU,2,320
676,青岛南宁,4278,CZ,5,738
677,南宁青岛,4278,GS,2,E90
678,青岛南宁,4278,SC,2,733
679,南宁青岛,4278,ZH,2,737
680,珠海南宁,4288,SC,4,738
681,郑州珠海,4306,VD,2,E90
682,温州连云港,4326,MU,2,ERJ
683,宁波青岛,4328,CZ,2,733
684,青岛宁波,4328,HU,6,733
685,宁波青岛,4328,MF,4,738
686,青岛宁波,4328,SC,2,CR2
687,西安乌鲁木齐,4341,8L,2,319
688,西安乌鲁木齐,4341,BK,2,738
689,西安乌鲁木齐,4341,CA,2,319
690,乌鲁木齐西安,4341,CZ,16,73G
691,西安乌鲁木齐,4341,GS,4,E90
692,西安乌鲁木齐,4341,HU,4,738
693,西安乌鲁木齐,4341,MU,4,320
694,西安乌鲁木齐,4341,SC,2,733
695,温州南京,4423,MU,2,73G
696,重庆拉萨,4432,3U,8,319
697,重庆拉萨,4432,CA,2,319
698,重庆拉萨,4432,CZ,8,319
699,重庆拉萨,4432,TV,4,319
700,温州南宁,4437,CZ,6,319
701,南宁温州,4437,EU,6,319
702,温州南宁,4437,GS,2,E90
703,温州南宁,4437,ZH,2,733
704,武汉厦门,4453,CA,2,320
705,武汉厦门,4453,CZ,6,73G
706,厦门武汉,4453,MF,14,73G
707,武汉厦门,4453,MU,4,ERJ
708,武汉厦门,4453,SC,2,CR2
709,长沙北海,4466,CZ,4,738
710,海口广州,4472,CZ,20,733
711,海口广州,4472,HU,17,738
712,海口广州,4472,JD,2,319
713,海口广州,4472,MU,2,733
714,海口广州,4472,ZH,6,320
715,厦门昆明,4473,3U,2,320
716,厦门昆明,4473,8L,2,73G
717,厦门昆明,4473,KY,10,737
718,厦门昆明,4473,MF,2,738
719,厦门昆明,4473,MU,6,73G
720,厦门昆明,4473,SC,4,738
721,郑州银川,4478,FM,2,738
722,郑州银川,4478,SC,2,738
723,烟台南京,4482,MU,7,ERJ
724,烟台南京,4482,SC,2,738
725,广州常州,4541,CZ,2,319
726,广州常州,4541,ZH,2,320
727,沈阳青岛,4547,9C,4,320
728,沈阳青岛,4547,CZ,12,320
729,沈阳青岛,4547,HU,5,738
730,青岛沈阳,4547,MF,2,738
731,沈阳青岛,4547,SC,2,733
732,沈阳青岛,4547,ZH,2,320
733,济南大连,4563,3U,2,321
734,济南大连,4563,8L,5,73G
735,大连济南,4563,CZ,8,319
736,济南大连,4563,EU,2,320
737,济南大连,4563,HU,2,737
738,济南大连,4563,MF,2,73G
739,济南大连,4563,SC,8,CR2
740,济南大连,4563,ZH,2,738
741,合肥温州,4586,GS,4,E90
742,重庆广州,4610,3U,6,320
743,重庆广州,4610,CA,8,738
744,重庆广州,4610,CZ,14,319
745,重庆广州,4610,JD,2,319
746,重庆广州,4610,OQ,6,320
747,重庆广州,4610,PN,2,733
748,成都宁波,4650,3U,2,321
749,宁波成都,4650,HU,2,734
750,宁波成都,4650,MU,5,320
751,广州大理,4659,CZ,2,319
752,广州大连,4666,CZ,10,319
753,广州大连,4666,HU,2,738
754,广州大连,4666,ZH,2,320
755,贵阳三亚,4687,3U,2,320
756,三亚贵阳,4687,HU,2,738
757,三亚贵阳,4687,JD,2,319
758,贵阳三亚,4687,ZH,4,738
759,厦门合肥,4701,CZ,4,733
760,厦门合肥,4701,HU,3,738
761,厦门合肥,4701,MF,8,737
762,厦门合肥,4701,MU,6,320
763,厦门合肥,4701,SC,2,738
764,三亚成都,4720,3U,2,320
765,三亚成都,4720,CA,4,319
766,三亚成都,4720,EU,2,319
767,三亚成都,4720,JD,2,319
768,成都长春,4738,3U,2,319
769,长春成都,4738,CA,2,319
770,长春成都,4738,CZ,2,319
771,义乌厦门,4742,CZ,2,733
772,郑州厦门,4784,CZ,8,73G
773,厦门郑州,4784,HU,2,738
774,厦门郑州,4784,MF,6,738
775,郑州厦门,4784,SC,6,738
776,杭州济南,4817,MF,6,738
777,济南杭州,4817,SC,14,737
778,柳州广州,4823,CZ,6,319
779,柳州广州,4823,MU,4,ERJ
780,南昌福州,4962,3U,2,320
781,福州南昌,4962,MF,4,738
782,长沙大连,4985,CZ,14,320
783,长沙大连,4985,HU,8,738
784,长沙大连,4985,MF,2,738
785,深圳哈尔滨,5008,CZ,8,320
786,深圳哈尔滨,5008,HU,2,738
787,深圳哈尔滨,5008,ZH,8,738
788,合肥广州,5034,CZ,6,319
789,合肥广州,5034,HU,5,738
790,合肥广州,5034,MU,4,320
791,大理成都,5047,MU,2,737
792,郑州海口,5070,CZ,4,733
793,郑州海口,5070,HU,6,738
794,郑州海口,5070,JD,2,319
795,重庆桂林,5109,3U,4,320
796,重庆桂林,5109,CZ,4,733
797,桂林重庆,5109,MF,2,752
798,重庆桂林,5109,OQ,6,320
799,重庆桂林,5109,PN,4,319
800,黄山广州,5128,CZ,6,319
801,威海哈尔滨,5155,CZ,4,319
802,沈阳深圳,5157,CZ,6,M90
803,沈阳深圳,5157,HU,2,738
804,沈阳深圳,5157,ZH,9,320
805,重庆海口,5160,3U,2,320
806,重庆海口,5160,CZ,2,320
807,重庆海口,5160,HU,8,737
808,重庆海口,5160,JD,2,319
809,重庆海口,5160,OQ,4,320
810,重庆海口,5160,PN,2,319
811,济南广州,5168,CZ,6,319
812,济南广州,5168,MU,2,320
813,济南广州,5168,SC,4,733
814,济南广州,5168,ZH,4,738
815,临沂广州,5301,ZH,2,320
816,沈阳温州,5311,CZ,2,320
817,温州沈阳,5311,SC,4,738
818,沈阳温州,5311,ZH,2,320
819,长沙合肥,5345,CZ,4,320
820,合肥长沙,5345,SC,2,733
821,南京广州,5375,CZ,14,319
822,南京广州,5375,FM,5,738
823,南京广州,5375,HU,4,738
824,南京广州,5375,MU,4,320
825,南京广州,5375,ZH,7,738
826,南宁广州,5417,CZ,18,319
827,南宁广州,5417,ZH,12,733
828,海口大连,5438,JD,2,319
829,厦门广州,5472,CZ,14,319
830,厦门广州,5472,FM,2,752
831,厦门广州,5472,HU,2,738
832,厦门广州,5472,MF,14,73G
833,郑州南京,5498,CZ,2,733
834,郑州南京,5498,MU,2,320
835,昆明成都,5573,3U,6,320
836,昆明成都,5573,8L,2,73G
837,昆明成都,5573,CA,8,752
838,昆明成都,5573,KY,2,737
839,昆明成都,5573,MU,20,73G
840,西安太原,5582,CZ,8,320
841,太原西安,5582,GS,2,ERJ
842,西安太原,5582,HU,2,738
843,西安太原,5582,JR,4,MA6
844,延吉烟台,5589,CZ,2,319
845,沈阳广州,5647,CZ,4,321
846,沈阳广州,5647,HU,2,738
847,沈阳广州,5647,ZH,8,320
848,成都南昌,5698,3U,2,321
849,南昌成都,5698,CA,4,321
850,南昌成都,5698,ZH,2,733
851,银川西安,5733,3U,2,319
852,西安银川,5733,CA,2,320
853,西安银川,5733,CZ,10,320
854,银川西安,5733,HU,2,733
855,银川西安,5733,JR,2,MA6
856,西安银川,5733,MF,2,738
857,银川西安,5733,MU,10,320
858,银川西安,5733,ZH,4,320
859,南京成都,5745,3U,4,321
860,南京成都,5745,CA,6,321
861,南京成都,5745,EU,2,319
862,南京成都,5745,MU,10,321
863,南京成都,5745,ZH,2,738
864,石家庄广州,5751,9C,2,320
865,石家庄广州,5751,CZ,4,319
866,石家庄广州,5751,MU,2,73G
867,石家庄广州,5751,NS,2,73G
868,杭州贵阳,5780,CA,2,319
869,杭州贵阳,5780,MF,4,738
870,杭州贵阳,5780,ZH,2,738
871,厦门温州,5815,CZ,2,M90
872,温州厦门,5815,MU,2,ERJ
873,大连牡丹江,5829,MU,4,ERJ
874,郑州深圳,5834,CZ,10,738
875,郑州深圳,5834,HU,4,738
876,郑州深圳,5834,ZH,18,738
877,哈尔滨桂林,5835,3U,2,320
878,杭州哈尔滨,5887,3U,2,320
879,杭州哈尔滨,5887,CA,2,319
880,杭州哈尔滨,5887,CZ,4,733
881,杭州哈尔滨,5887,MF,2,738
882,杭州哈尔滨,5887,MU,2,320
883,延吉沈阳,5894,CZ,2,319
884,烟台沈阳,5911,BK,2,MA6
885,沈阳烟台,5911,CZ,2,320
886,呼和浩特包头,5942,ZH,2,320
887,武夷山广州,5968,MF,4,738
888,南京福州,6020,FM,2,738
889,南京福州,6020,MF,6,738
890,南京福州,6020,MU,2,73G
891,南京福州,6020,SC,10,737
892,重庆天津,6022,3U,2,320
893,天津重庆,6022,BK,2,738
894,天津重庆,6022,GS,6,E90
895,天津重庆,6022,MF,4,738
896,重庆天津,6022,PN,4,733
897,福州南宁,6062,MF,2,752
898,南宁福州,6062,ZH,2,738
899,昆明桂林,6073,CZ,4,738
900,昆明桂林,6073,MU,2,73G
901,长沙天津,6089,BK,8,738
902,天津长沙,6089,CA,6,73G
903,长沙天津,6089,CZ,2,320
904,天津长沙,6089,GS,4,E90
905,长治太原,6127,MU,2,ERJ
906,郑州广州,6134,CZ,16,733
907,郑州广州,6134,HU,4,738
908,郑州广州,6134,ZH,16,320
909,长春西安,6144,CZ,2,320
910,西安长春,6144,GS,6,E90
911,太原成都,6148,3U,2,320
912,太原成都,6148,CA,2,752
913,太原成都,6148,MU,2,73G
914,重庆乌鲁木齐,6150,3U,4,320
915,重庆乌鲁木齐,6150,CA,2,73G
916,乌鲁木齐重庆,6150,CZ,8,738
917,重庆乌鲁木齐,6150,HU,4,738
918,鄂尔多斯通辽,6158,G5,2,CR2
919,宜昌广州,6166,CZ,4,319
920,宜昌广州,6166,MU,4,ERJ
921,天津合肥,6183,BK,4,735
922,太原鄂尔多斯,6202,MU,8,320
923,乌兰浩特呼和浩特,6203,GS,8,ERJ
924,青岛海口,6205,HU,4,733
925,台州昆明,6207,KY,4,73G
926,重庆张家界,6238,3U,4,319
927,烟台长春,6259,MU,2,ERJ
928,常州温州,6263,CZ,2,320
929,石家庄唐山,6288,8L,2,737
930,唐山石家庄,6288,NS,4,ERJ
931,天津南京,6306,BK,2,738
932,天津南京,6306,FM,2,738
933,天津南京,6306,GS,2,E90
934,南昌济南,6316,JD,2,319
935,南昌济南,6316,SC,2,733
936,大连温州,6345,CZ,6,319
937,厦门成都,6358,3U,8,321
938,厦门成都,6358,CA,2,319
939,厦门成都,6358,EU,2,319
940,厦门成都,6358,MF,8,738
941,厦门成都,6358,SC,4,738
942,南昌昆明,6369,8L,2,73G
943,南昌昆明,6369,MF,4,73G
944,南昌昆明,6369,MU,10,733
945,武汉大连,6387,8L,4,73G
946,武汉大连,6387,CA,2,320
947,武汉大连,6387,CZ,10,73G
948,武汉大连,6387,MU,4,e45
949,大连武汉,6387,SC,2,CR2
950,太原福州,6417,MF,5,738
951,太原福州,6417,MU,8,73G
952,长沙烟台,6418,BK,4,738
953,烟台长沙,6418,CZ,2,320
954,合肥沈阳,6459,CZ,2,320
955,拉萨昆明,6462,MU,6,737
956,成都徐州,6481,3U,4,319
957,太原海口,6494,HU,10,738
958,海口太原,6494,JD,4,319
959,太原海口,6494,MU,3,73G
960,珠海重庆,6509,CZ,2,73g
961,珠海重庆,6509,G5,4,CR2
962,珠海重庆,6509,PN,6,319
963,深圳合肥,6512,CZ,2,319
964,深圳合肥,6512,HU,2,738
965,深圳合肥,6512,MU,4,320
966,深圳合肥,6512,ZH,26,320
967,天津海口,6522,GS,4,E90
968,天津海口,6522,MF,4,738
969,珠海海口,6554,CZ,2,738
970,珠海海口,6554,MF,12,73G
971,深圳杭州,6556,CA,6,320
972,深圳杭州,6556,CZ,16,320
973,深圳杭州,6556,MF,2,738
974,深圳杭州,6556,MU,2,320
975,深圳杭州,6556,ZH,12,738
976,广州包头,6586,ZH,10,320
977,广州常德,6588,CZ,2,ERJ
978,运城广州,6610,CA,2,733
979,延吉大连,6616,CZ,4,319
980,大连银川,6620,CZ,10,319
981,广州怀化,6626,CZ,2,ERJ
982,广州安顺,6633,JD,2,319
983,张家界西安,6642,MU,2,320
984,西安安康,6691,GS,2,DON
985,乌鲁木齐合肥,6741,CZ,4,73G
986,乌鲁木齐合肥,6741,HU,6,738
987,合肥乌鲁木齐,6741,MU,2,737
988,天津哈尔滨,6744,BK,6,738
989,天津哈尔滨,6744,CZ,2,320
990,天津哈尔滨,6744,VD,2,E90
991,珠海梧州,6750,G5,4,CR2
992,桂林青岛,6758,CZ,4,319
993,青岛桂林,6758,SC,3,733
994,鄂尔多斯成都,6772,MU,2,737
995,杭州乌鲁木齐,6786,3U,2,320
996,杭州乌鲁木齐,6786,CA,2,319
997,乌鲁木齐杭州,6786,CZ,4,73G
998,乌鲁木齐杭州,6786,HU,4,738
999,杭州乌鲁木齐,6786,MF,4,738
1000,乌鲁木齐杭州,6786,MU,4,320
1001,徐州海口,6826,HU,3,738
1002,沈阳济南,6831,CZ,6,320
1003,济南沈阳,6831,MF,2,738
1004,济南沈阳,6831,SC,4,738
1005,桂林广州,6838,CZ,18,319
1006,桂林广州,6838,FM,2,738
1007,桂林广州,6838,HU,2,737
1008,桂林广州,6838,JD,2,319
1009,桂林广州,6838,ZH,22,320
1010,西安济南,6869,CZ,4,73G
1011,西安济南,6869,JD,2,319
1012,西安济南,6869,SC,10,733
1013,宜昌海口,6875,GS,2,ERJ
1014,深圳昆明,6893,CZ,10,319
1015,深圳昆明,6893,KY,3,73G
1016,深圳昆明,6893,MU,8,763
1017,深圳昆明,6893,ZH,6,738
1018,武汉银川,6918,MF,2,738
1019,武汉银川,6918,MU,2,73G
1020,银川武汉,6918,SC,2,CR2
1021,昆明石家庄,6931,8L,2,737
1022,昆明石家庄,6931,KY,2,737
1023,石家庄昆明,6931,MU,6,73G
1024,银川乌鲁木齐,6946,CA,2,320
1025,乌鲁木齐银川,6946,CZ,4,73G
1026,银川乌鲁木齐,6946,HU,2,738
1027,银川乌鲁木齐,6946,MU,8,73G
1028,银川乌鲁木齐,6946,SC,4,733
1029,天津常州,6950,GS,6,E90
1030,哈尔滨西安,6957,CZ,4,320
1031,西安哈尔滨,6957,HU,2,738
1032,西安哈尔滨,6957,MU,4,320
1033,西安哈尔滨,6957,ZH,2,320
1034,徐州杭州,6960,JD,2,319
1035,银川包头,6962,JR,2,MA6
1036,舟山厦门,6971,MF,8,73G
1037,杭州银川,6979,CA,2,320
1038,深圳兰州,7016,HU,4,738
1039,深圳兰州,7016,ZH,3,738
1040,鄂尔多斯天津,7067,GS,2,E90
1041,成都郑州,7094,3U,2,319
1042,郑州成都,7094,CA,6,321
1043,郑州成都,7094,CZ,17,733
1044,厦门井冈山,7117,EU,2,319
1045,重庆常州,7145,3U,2,320
1046,重庆常州,7145,MU,2,73G
1047,广州迪庆,7218,CZ,2,319
1048,厦门贵阳,7223,MF,4,738
1049,厦门贵阳,7223,SC,6,738
1050,桂林成都,7228,3U,6,321
1051,桂林成都,7228,CA,2,738
1052,桂林成都,7228,CZ,2,73G
1053,桂林成都,7228,SC,4,733
1054,深圳南宁,7235,CZ,19,738
1055,深圳南宁,7235,MF,2,752
1056,深圳南宁,7235,ZH,6,733
1057,石家庄南京,7238,9C,4,320
1058,石家庄南京,7238,MU,6,320
1059,温州临沂,7241,CZ,2,320
1060,运城福州,7248,MU,6,73G
1061,贵阳西安,7255,CZ,2,738
1062,西安贵阳,7255,GS,3,E90
1063,西安贵阳,7255,HU,2,738
1064,西安贵阳,7255,SC,4,733
1065,西安贵阳,7255,ZH,4,738
1066,桂林常州,7277,3U,4,320
1067,广州丽江,7281,CZ,4,319
1068,丽江广州,7281,JD,2,319
1069,丽江广州,7281,MU,2,733
1070,临沂济南,7319,3U,2,319
1071,杭州广州,7345,CA,8,319
1072,杭州广州,7345,CZ,26,319
1073,杭州广州,7345,FM,4,738
1074,杭州广州,7345,HU,3,738
1075,杭州广州,7345,JD,2,319
1076,杭州广州,7345,MU,8,73G
1077,常州珠海,7360,3U,2,320
1078,常州珠海,7360,GS,2,EMB
1079,武汉南京,7390,OQ,4,320
1080,南昌合肥,7401,JR,2,737
1081,威海大连,7404,BK,2,MA6
1082,威海大连,7404,GS,2,ERJ
1083,郑州贵阳,7406,BK,2,738
1084,郑州贵阳,7406,CZ,4,733
1085,郑州贵阳,7406,GS,4,E90
1086,郑州贵阳,7406,VD,2,E90
1087,郑州贵阳,7406,ZH,2,320
1088,深圳达州,7420,CA,2,319
1089,成都武汉,7438,3U,2,319
1090,武汉成都,7438,CA,4,320
1091,武汉成都,7438,CZ,4,738
1092,武汉成都,7438,EU,8,319
1093,武汉成都,7438,MF,2,738
1094,武汉成都,7438,MU,7,733
1095,台州广州,7459,CZ,2,319
1096,台州广州,7459,MU,2,73G
1097,台州广州,7459,ZH,10,320
1098,武夷山福州,7460,MF,10,73G
1099,长沙西安,7497,BK,2,738
1100,长沙西安,7497,CZ,4,73G
1101,西安长沙,7497,HU,2,738
1102,长沙西安,7497,MF,10,738
1103,西安长沙,7497,MU,2,320
1104,西安长沙,7497,ZH,2,320
1105,重庆西双版纳,7498,OQ,4,319
1106,重庆西双版纳,7498,PN,2,319
1107,深圳鄂尔多斯,7514,CZ,2,320
1108,深圳鄂尔多斯,7514,ZH,2,737
1109,西安南京,7516,GS,2,E90
1110,西安南京,7516,HU,2,734
1111,西安南京,7516,JD,4,319
1112,西安南京,7516,MU,10,320
1113,西安南京,7516,ZH,6,738
1114,桂林海口,7559,GS,4,ERJ
1115,海口桂林,7559,HU,4,738
1116,海口桂林,7559,JD,6,319
1117,长沙丽江,7583,EU,2,320
1118,丽江长沙,7583,MU,4,73G
1119,深圳福州,7606,CZ,4,319
1120,深圳福州,7606,MF,6,73G
1121,深圳福州,7606,ZH,4,320
1122,深圳北海,7608,ZH,8,738
1123,济南威海,7633,GS,2,ERJ
1124,济南威海,7633,SC,6,CR2
1125,西双版纳成都,7646,CA,2,319
1126,西双版纳成都,7646,MU,6,73G
1127,西安常州,7648,MU,2,320
1128,徐州连云港,7658,CZ,2,319
1129,重庆厦门,7675,3U,2,321
1130,重庆厦门,7675,CA,4,737
1131,重庆厦门,7675,MF,6,738
1132,重庆厦门,7675,OQ,4,320
1133,重庆厦门,7675,PN,2,319
1134,厦门重庆,7675,SC,4,738
1135,洛阳广州,7684,CZ,2,ERJ
1136,盐城南通,7693,CZ,1,319
1137,桂林杭州,7701,CZ,2,738
1138,杭州桂林,7701,MU,2,320
1139,杭州桂林,7701,SC,2,737
1140,杭州成都,7705,3U,4,320
1141,杭州成都,7705,CA,6,319
1142,成都杭州,7705,EU,2,319
1143,杭州成都,7705,MF,4,738
1144,杭州成都,7705,MU,3,320
1145,杭州成都,7705,TV,2,319
1146,乌鲁木齐温州,7710,CZ,4,73G
1147,乌鲁木齐温州,7710,HU,2,738
1148,淮安广州,7716,MU,2,73G
1149,石家庄贵阳,7718,G5,2,CR2
1150,杭州南宁,7742,BK,2,738
1151,杭州南宁,7742,CA,2,319
1152,南宁杭州,7742,CZ,2,738
1153,南宁杭州,7742,GS,2,E90
1154,杭州南宁,7742,MF,4,738
1155,烟台济南,7745,SC,8,CR2
1156,成都常州,7772,CA,2,733
1157,成都常州,7772,MU,2,733
1158,厦门青岛,7776,CZ,2,M90
1159,厦门青岛,7776,MF,4,738
1160,厦门青岛,7776,SC,10,CR2
1161,大连锦州,7805,BK,2,MA6
1162,赤峰沈阳,7811,GS,4,ERJ
1163,烟台西安,7827,SC,4,733
1164,黑河哈尔滨,7830,3U,2,319
1165,哈尔滨黑河,7830,BK,2,MA6
1166,哈尔滨黑河,7830,CZ,2,320
1167,西安宜昌,7843,GS,2,ERJ
1168,运城贵阳,7850,G5,4,CR2
1169,呼和浩特银川,7851,CZ,14,319
1170,桂林福州,7857,EU,2,319
1171,福州桂林,7857,MF,6,752
1172,重庆丽江,7875,3U,4,319
1173,重庆丽江,7875,8L,2,73G
1174,重庆丽江,7875,MF,2,738
1175,重庆丽江,7875,MU,2,737
1176,重庆丽江,7875,OQ,2,319
1177,重庆丽江,7875,PN,2,319
1178,贵阳太原,7878,CZ,2,73G
1179,太原贵阳,7878,G5,6,CR2
1180,太原贵阳,7878,GS,6,E90
1181,广州齐齐哈尔,7882,CZ,2,319
1182,西安海口,7933,GS,6,ERJ
1183,西安海口,7933,HU,6,738
1184,西安海口,7933,JD,2,319
1185,西安海口,7933,MU,2,320
1186,泉州重庆,7963,MF,2,738
1187,郑州青岛,7970,CZ,7,73G
1188,郑州青岛,7970,SC,3,CR2
1189,长春青岛,7974,CZ,6,319
1190,青岛长春,7974,MF,2,738
1191,长春青岛,7974,SC,4,733
1192,西安呼和浩特,7978,GS,2,ERJ
1193,西安呼和浩特,7978,MU,4,319
1194,南昌桂林,7989,SC,2,733
1195,泉州长沙,8017,MF,10,738
1196,武汉台州,8023,EU,8,319
1197,义乌郑州,8041,CZ,2,733
1198,重庆潍坊,8045,G5,2,CR2
1199,绵阳太原,8068,3U,2,ERJ
1200,哈尔滨海口,8072,3U,2,320
1201,海口哈尔滨,8072,CZ,2,733
1202,重庆无锡,8077,3U,2,321
1203,无锡重庆,8077,MU,4,320
1204,重庆无锡,8077,ZH,4,738
1205,武汉深圳,8086,CA,2,320
1206,武汉深圳,8086,CZ,12,738
1207,武汉深圳,8086,HU,2,738
1208,武汉深圳,8086,MU,4,733
1209,武汉深圳,8086,ZH,9,738
1210,重庆宜昌,8104,3U,2,ERJ
1211,大连包头,8115,CZ,2,319
1212,青岛成都,8117,3U,2,321
1213,青岛成都,8117,CA,2,736
1214,青岛成都,8117,MU,2,73G
1215,青岛成都,8117,SC,2,738
1216,南宁太原,8130,CZ,6,733
1217,太原南宁,8130,GS,6,E90
1218,重庆徐州,8144,8L,2,737
1219,武汉珠海,8153,CZ,2,738
1220,常州泉州,8167,GS,4,E90
1221,天津广州,8179,CA,6,73G
1222,天津广州,8179,CZ,12,319
1223,天津广州,8179,HU,2,738
1224,济南海口,8207,HU,5,738
1225,济南海口,8207,JD,4,319
1226,海口赣州,8211,MU,2,320
1227,温州广州,8232,CZ,12,319
1228,温州广州,8232,FM,2,738
1229,温州广州,8232,HU,2,733
1230,温州广州,8232,MU,4,73G
1231,温州广州,8232,ZH,4,320
1232,宜宾昆明,8245,MU,6,CR2
1233,湛江贵阳,8260,G5,4,CR2
1234,重庆深圳,8272,3U,8,320
1235,重庆深圳,8272,CA,6,73G
1236,重庆深圳,8272,CZ,10,320
1237,重庆深圳,8272,HU,4,738
1238,重庆深圳,8272,OQ,4,320
1239,重庆深圳,8272,ZH,12,738
1240,大连宁波,8281,CZ,2,319
1241,宁波大连,8281,HU,2,738
1242,宁波大连,8281,JD,2,319
1243,宁波大连,8281,MF,2,738
1244,兰州海口,8297,HU,4,733
1245,济南呼和浩特,8333,3U,4,319
1246,呼和浩特济南,8333,GS,4,ERJ
1247,济南呼和浩特,8333,MF,6,737
1248,济南呼和浩特,8333,SC,4,738
1249,运城深圳,8357,ZH,3,320
1250,郑州沈阳,8384,8L,2,73G
1251,郑州沈阳,8384,CZ,4,737
1252,郑州沈阳,8384,MF,2,752
1253,郑州沈阳,8384,ZH,6,733
1254,深圳泸州,8387,CZ,2,319
1255,武汉连云港,8419,MU,2,e45
1256,黔江昆明,8440,9C,2,320
1257,福州青岛,8446,MF,2,738
1258,青岛福州,8446,SC,8,737
1259,运城武汉,8457,MU,4,ERJ
1260,西宁广州,8464,CZ,6,319
1261,西宁广州,8464,ZH,4,320
1262,昆明哈尔滨,8471,3U,4,320
1263,昆明哈尔滨,8471,8L,4,73G
1264,哈尔滨昆明,8471,CZ,2,319
1265,昆明哈尔滨,8471,KY,6,73G
1266,昆明哈尔滨,8471,MU,2,737
1267,运城厦门,8478,MU,6,ERJ
1268,西安库尔勒,8486,MU,3,73G
1269,宁波海口,8489,3U,2,320
1270,宁波海口,8489,HU,4,733
1271,海口宁波,8489,JD,6,319
1272,宁波海口,8489,NS,2,ERJ
1273,三亚福州,8491,JD,2,319
1274,三亚福州,8491,MF,4,738
1275,深圳丹东,8493,CZ,2,320
1276,广州盐城,8505,CZ,1,319
1277,西安丽江,8551,HU,1,738
1278,徐州福州,8555,JD,2,319
1279,长沙乌鲁木齐,8574,BK,2,738
1280,长沙乌鲁木齐,8574,CZ,8,320
1281,乌鲁木齐长沙,8574,HU,2,738
1282,天津杭州,8582,BK,2,735
1283,天津杭州,8582,FM,2,738
1284,天津杭州,8582,GS,4,E90
1285,天津杭州,8582,MF,4,738
1286,天津杭州,8582,MU,2,320
1287,杭州泉州,8584,BK,2,738
1288,泉州杭州,8584,MF,6,73G
1289,石家庄大连,8585,9C,6,320
1290,大连石家庄,8585,CZ,4,319
1291,石家庄大连,8585,GS,2,E90
1292,石家庄大连,8585,ZH,2,320
1293,太原大同,8587,G5,4,CR2
1294,太原大同,8587,MU,2,ERJ
1295,常州哈尔滨,8589,ZH,2,320
1296,合肥青岛,8605,GS,2,E90
1297,青岛合肥,8605,SC,2,733
1298,邯郸温州,8609,NS,2,ERJ
1299,张家界深圳,8663,CZ,6,320
1300,三亚杭州,8699,CZ,4,321
1301,三亚杭州,8699,EU,2,319
1302,三亚杭州,8699,JD,4,319
1303,杭州三亚,8699,MF,2,738
1304,三亚杭州,8699,MU,2,320
1305,西安宁波,8703,MU,2,733
1306,海口贵阳,8720,GS,6,E90
1307,海口贵阳,8720,HU,4,738
1308,西安南宁,8722,BK,2,738
1309,南宁西安,8722,CZ,2,738
1310,西安南宁,8722,GS,8,E90
1311,沈阳常州,8725,CZ,2,320
1312,沈阳常州,8725,ZH,3,320
1313,青岛哈尔滨,8743,CA,2,319
1314,青岛哈尔滨,8743,CZ,4,738
1315,青岛哈尔滨,8743,HU,4,738
1316,青岛哈尔滨,8743,MF,4,73G
1317,青岛哈尔滨,8743,MU,4,320
1318,青岛哈尔滨,8743,SC,2,738
1319,武汉石家庄,8750,MU,6,733
1320,天津包头,8759,BK,8,738
1321,运城太原,8771,G5,4,CR2
1322,运城太原,8771,JR,2,MA6
1323,运城太原,8771,MU,12,ERJ
1324,运城太原,8771,ZH,3,320
1325,重庆长沙,8790,3U,2,321
1326,重庆长沙,8790,BK,2,738
1327,重庆长沙,8790,CZ,4,320
1328,重庆长沙,8790,G5,2,CR2
1329,重庆长沙,8790,HU,6,737
1330,长沙重庆,8790,MF,2,738
1331,长沙重庆,8790,MU,2,320
1332,重庆长沙,8790,PN,2,319
1333,重庆湛江,8806,G5,4,CR2
1334,福州武汉,8854,MF,4,738
1335,武汉福州,8854,MU,3,320
1336,武汉福州,8854,PN,2,319
1337,西宁沈阳,8861,ZH,2,320
1338,唐山广州,8870,HU,2,738
1339,敦煌西安,8885,CZ,4,73G
1340,西安敦煌,8885,GS,4,E90
1341,温州海口,8893,HU,6,738
1342,温州海口,8893,JD,2,319
1343,宁波昆明,8922,3U,2,320
1344,宁波昆明,8922,8L,2,73G
1345,宁波昆明,8922,KY,2,737
1346,宁波昆明,8922,MU,2,320
1347,武汉海口,8936,CA,2,320
1348,武汉海口,8936,CZ,6,738
1349,武汉海口,8936,HU,6,738
1350,武汉海口,8936,JD,2,319
1351,武汉海口,8936,MU,6,733
1352,南京桂林,8937,CZ,2,738
1353,南京桂林,8937,MU,2,321
1354,南京桂林,8937,ZH,8,738
1355,广州安庆,8965,CZ,2,ERJ
1356,乌鲁木齐海口,8972,HU,2,737
1357,西安福州,8976,GS,2,E90
1358,西安福州,8976,HU,4,738
1359,福州西安,8976,MF,10,738
1360,西安福州,8976,MU,3,320
1361,南京兰州,8977,MU,12,320
1362,南京兰州,8977,ZH,2,737
1363,台州深圳,9000,ZH,4,738
1364,西安格尔木,9008,MU,4,319
1365,贵阳青岛,9009,CZ,4,73G
1366,青岛贵阳,9009,SC,2,733
1367,太原西宁,9019,CZ,6,319
1368,贵阳南宁,9028,3U,2,ERJ
1369,南宁贵阳,9028,CZ,2,738
1370,南宁贵阳,9028,G5,2,CR2
1371,南宁贵阳,9028,GS,8,E90
1372,贵阳南宁,9028,VD,2,E90
1373,井冈山深圳,9046,FM,4,CR2
1374,石家庄厦门,9123,9C,4,320
1375,厦门石家庄,9123,MF,2,738
1376,石家庄厦门,9123,SC,2,738
1377,深圳黄山,9129,CZ,12,320
1378,深圳黄山,9129,ZH,4,73G
1379,贵阳温州,9137,3U,2,320
1380,贵阳温州,9137,CZ,2,73G
1381,深圳南昌,9153,CZ,12,320
1382,深圳南昌,9153,MU,2,320
1383,深圳南昌,9153,ZH,20,320
1384,沈阳杭州,9157,9C,2,320
1385,沈阳杭州,9157,CZ,6,319
1386,沈阳杭州,9157,MF,4,738
1387,沈阳杭州,9157,MU,2,320
1388,徐州贵阳,9159,3U,2,319
1389,洛阳威海,9184,MU,2,737
1390,哈尔滨乌鲁木齐,9189,CZ,2,320
1391,青岛牡丹江,9192,FM,4,738
1392,贵阳义乌,9203,KY,2,737
1393,深圳贵阳,9223,CA,2,733
1394,深圳贵阳,9223,CZ,10,320
1395,深圳贵阳,9223,HU,4,738
1396,深圳贵阳,9223,ZH,10,320
1397,庆阳兰州,9227,GS,2,DON
1398,郑州包头,9247,3U,2,321
1399,郑州包头,9247,MU,2,320
1400,温州柳州,9266,MU,2,ERJ
1401,宁波三亚,9281,BK,4,738
1402,三亚宁波,9281,CZ,2,321
1403,广州北海,9283,CZ,2,319
1404,成都天津,9285,3U,2,320
1405,成都天津,9285,8L,2,73G
1406,天津成都,9285,BK,4,738
1407,天津成都,9285,CA,2,738
1408,三亚济南,9291,3U,2,320
1409,三亚济南,9291,JD,2,319
1410,三亚济南,9291,SC,4,733
1411,长沙福州,9295,3U,2,321
1412,长沙福州,9295,8L,7,73G
1413,福州长沙,9295,MF,12,737
1414,兴义昆明,9301,MU,2,CR2
1415,运城成都,9345,CA,4,319
1416,西安天水,9347,3U,2,ERJ
1417,西安嘉峪关,9367,FM,2,738
1418,西安嘉峪关,9367,GS,4,EMB
1419,太原兰州,9369,GS,4,ERJ
1420,太原兰州,9369,SC,2,733
1421,深圳永州,9375,CZ,4,733
1422,张家界成都,9387,CA,6,319
1423,济宁沈阳,9395,EU,4,319
1424,石家庄青岛,9414,SC,2,733
1425,沈阳南京,9421,9C,2,320
1426,南京沈阳,9421,BK,2,738
1427,沈阳南京,9421,CZ,10,320
1428,南京沈阳,9421,MF,2,738
1429,沈阳南京,9421,MU,2,ERJ
1430,丽江昆明,9424,8L,2,73G
1431,昆明丽江,9424,CZ,8,319
1432,丽江昆明,9424,FM,2,73G
1433,丽江昆明,9424,JD,4,319
1434,丽江昆明,9424,KY,2,73G
1435,丽江昆明,9424,MU,17,733
1436,张家界天津,9427,BK,2,738
1437,南通温州,9430,VD,2,E90
1438,沈阳南宁,9445,ZH,2,320
1439,温州兰州,9449,MU,2,320
1440,张家界常州,9457,3U,4,320
1441,呼和浩特海口,9469,CA,2,738
1442,呼和浩特海口,9469,HU,6,733
1443,呼和浩特海口,9469,JD,4,319
1444,威海沈阳,9482,BK,2,MA6
1445,威海沈阳,9482,CZ,4,320
1446,威海沈阳,9482,MU,4,ERJ
1447,郑州合肥,9519,JR,2,MA6
1448,郑州合肥,9519,VD,2,E90
1449,包头昆明,9586,CZ,4,319
1450,呼和浩特天津,9589,CZ,4,73G
1451,呼和浩特天津,9589,GS,4,ERJ
1452,天津呼和浩特,9589,SC,2,CR2
1453,石家庄合肥,9593,SC,2,738
1454,宜昌昆明,9632,3U,2,ERJ
1455,昆明宜昌,9632,8L,2,737
1456,合肥福州,9667,GS,2,E90
1457,合肥福州,9667,HU,2,738
1458,合肥福州,9667,SC,2,738
1459,深圳石家庄,9689,CZ,4,733
1460,石家庄深圳,9689,ZH,5,320
1461,南昌珠海,9712,NS,2,ERJ
1462,南昌珠海,9712,VD,2,E90
1463,义乌深圳,9714,CZ,4,733
1464,天津沈阳,9723,3U,2,320
1465,大连青岛,9736,CZ,22,319
1466,青岛大连,9736,MF,2,73G
1467,青岛大连,9736,MU,2,73G
1468,青岛大连,9736,PN,2,319
1469,青岛大连,9736,SC,12,CR2
1470,洛阳成都,9765,G5,2,CR2
1471,沈阳宁波,9774,CZ,4,321
1472,宁波沈阳,9774,JD,2,319
1473,徐州厦门,9785,HU,2,738
1474,太原杭州,9797,HU,4,738
1475,太原杭州,9797,MF,14,738
1476,太原杭州,9797,MU,4,733
1477,南昌宁波,9802,3U,2,321
1478,宁波南昌,9802,8L,2,73G
1479,潍坊大连,9807,G5,2,CR2
1480,太原青岛,9808,CZ,4,73G
1481,青岛太原,9808,SC,10,733
1482,南京包头,9829,MU,2,320
1483,重庆大理,9832,OQ,2,319
1484,郑州福州,9836,CZ,4,738
1485,郑州福州,9836,GS,6,E90
1486,福州郑州,9836,MF,8,73G
1487,天津银川,9840,GS,4,ERJ
1488,福州长春,9862,MF,2,738
1489,兰州成都,9876,3U,6,320
1490,兰州成都,9876,CA,2,320
1491,兰州成都,9876,MU,4,320
1492,郑州南昌,9899,VD,2,E90
1493,武夷山西安,9901,MF,6,738
1494,天津泉州,9920,BK,2,738
1495,天津泉州,9920,GS,4,E90
1496,呼和浩特桂林,9925,JD,2,319
1497,武汉青岛,9933,8L,2,73G
1498,武汉青岛,9933,CZ,14,73G
1499,武汉青岛,9933,MU,2,73G
1500,青岛武汉,9933,SC,2,733
1501,兴义贵阳,9940,G5,2,CR2
1502,兴义贵阳,9940,GS,2,ERJ
1503,兴义贵阳,9940,MU,2,CR2
1504,无锡深圳,9961,CZ,4,320
1505,无锡深圳,9961,MU,6,320
1506,无锡深圳,9961,ZH,8,738
1507,迪庆成都,9967,3U,2,319
1508,迪庆成都,9967,MU,2,737
1509,深圳海口,9996,CZ,14,320
1510,深圳海口,9996,HU,12,738
1511,深圳海口,9996,MU,2,733
1512,深圳海口,9996,ZH,6,738
1513,武汉乌鲁木齐,9998,CZ,6,738
1514,武汉乌鲁木齐,9998,HU,2,738
1515,武汉乌鲁木齐,9998,MF,6,73G
1516,武汉乌鲁木齐,9998,MU,10,73G
1517,重庆东营,10014,G5,2,CR2
1518,哈尔滨广州,10048,CZ,8,320
1519,广州哈尔滨,10048,HU,4,738
1520,哈尔滨广州,10048,ZH,4,320
1521,深圳赣州,10052,CZ,2,320
1522,福州银川,10055,MF,2,738
1523,天津厦门,10061,CA,8,733
1524,天津厦门,10061,GS,4,E90
1525,天津厦门,10061,MF,6,738
1526,成都福州,10063,3U,2,321
1527,福州成都,10063,CA,2,733
1528,成都福州,10063,EU,4,319
1529,福州成都,10063,MF,2,738
1530,太原厦门,10078,HU,3,738
1531,厦门太原,10078,MF,2,738
1532,太原厦门,10078,MU,8,733
1533,太原厦门,10078,SC,2,CR2
1534,乌鲁木齐厦门,10090,CZ,6,73G
1535,厦门乌鲁木齐,10090,HU,2,738
1536,厦门乌鲁木齐,10090,MF,6,73G
1537,拉萨阿里,10094,CA,4,319
1538,拉萨阿里,10094,TV,4,319
1539,西安鄂尔多斯,10100,CZ,2,320
1540,西安鄂尔多斯,10100,FM,2,738
1541,西安鄂尔多斯,10100,GS,2,ERJ
1542,西安鄂尔多斯,10100,MU,2,320
1543,南宁昆明,10110,CZ,6,733
1544,昆明南宁,10110,KY,8,737
1545,南宁昆明,10110,MU,4,737
1546,郑州哈尔滨,10116,3U,2,320
1547,郑州哈尔滨,10116,8L,4,73G
1548,郑州哈尔滨,10116,MF,2,73G
1549,郑州哈尔滨,10116,VD,2,E90
1550,杭州柳州,10148,MF,4,738
1551,宜宾深圳,10151,ZH,2,319
1552,福州大连,10154,MF,2,73G
1553,重庆杭州,10163,3U,4,320
1554,重庆杭州,10163,CA,8,319
1555,重庆杭州,10163,CZ,2,738
1556,重庆杭州,10163,MF,4,738
1557,重庆杭州,10163,MU,2,320
1558,重庆杭州,10163,OQ,2,320
1559,太原桂林,10171,3U,2,320
1560,太原桂林,10171,CZ,8,738
1561,太原桂林,10171,HU,2,734
1562,桂林太原,10171,JD,6,319
1563,石家庄绵阳,10191,3U,2,ERJ
1564,常州厦门,10192,KN,2,73G
1565,重庆西安,10208,3U,4,319
1566,西安重庆,10208,CZ,2,320
1567,重庆西安,10208,HU,2,733
1568,西安重庆,10208,MF,4,738
1569,重庆西安,10208,MU,7,320
1570,重庆西安,10208,PN,2,319
1571,重庆西安,10208,SC,2,738
1572,济南长春,10212,3U,2,320
1573,长春济南,10212,CZ,6,319
1574,济南长春,10212,SC,6,CR2
1575,重庆哈尔滨,10223,3U,2,320
1576,哈尔滨重庆,10223,CZ,2,320
1577,重庆哈尔滨,10223,SC,2,CR2
1578,昆明鄂尔多斯,10228,MU,2,737
1579,成都景德镇,10240,3U,2,320
1580,长沙哈尔滨,10261,BK,8,738
1581,长沙哈尔滨,10261,CZ,6,320
1582,长沙哈尔滨,10261,MF,2,738
1583,成都连云港,10280,EU,4,319
1584,天津宁波,10281,BK,4,738
1585,天津宁波,10281,GS,2,E90
1586,广州拉萨,10282,CZ,2,319
1587,天津南宁,10297,BK,2,738
1588,天津南宁,10297,GS,8,E90
1589,天津南宁,10297,MF,2,738
1590,昆明郑州,10299,3U,4,320
1591,郑州昆明,10299,8L,6,73G
1592,郑州昆明,10299,CZ,12,319
1593,郑州昆明,10299,KY,2,737
1594,郑州昆明,10299,MU,4,733
1595,郑州兰州,10308,MF,4,738
1596,郑州兰州,10308,SC,2,733
1597,厦门鄂尔多斯,10309,HU,2,738
1598,大连贵阳,10312,CZ,10,319
1599,贵阳大连,10312,HU,2,738
1600,大连贵阳,10312,ZH,2,320
1601,重庆青岛,10316,CA,2,737
1602,重庆青岛,10316,PN,2,319
1603,重庆青岛,10316,SC,8,733
1604,南宁南昌,10320,CZ,2,738
1605,南昌南宁,10320,GS,2,E90
1606,郑州温州,10330,CZ,2,738
1607,郑州温州,10330,VD,2,E90
1608,广州牡丹江,10340,CZ,2,319
1609,深圳衢州,10371,ZH,6,737
1610,太原南京,10390,HU,6,738
1611,太原南京,10390,MF,4,738
1612,太原南京,10390,MU,12,73G
1613,太原南京,10390,SC,2,CR2
1614,太原南京,10390,ZH,3,738
1615,重庆郑州,10392,3U,4,319
1616,重庆郑州,10392,CZ,8,733
1617,重庆郑州,10392,PN,4,319
1618,重庆郑州,10392,ZH,2,320
1619,沈阳石家庄,10395,9C,2,320
1620,西安兰州,10399,3U,2,319
1621,西安兰州,10399,GS,4,DON
1622,西安兰州,10399,HU,6,738
1623,西安兰州,10399,MU,12,320
1624,西安兰州,10399,ZH,6,733
1625,阜阳厦门,10406,GS,4,E90
1626,长春广州,10407,CZ,4,319
1627,长春广州,10407,ZH,4,320
1628,昆明呼和浩特,10413,3U,2,320
1629,昆明呼和浩特,10413,8L,6,73G
1630,海口福州,10432,HU,2,734
1631,海口福州,10432,JD,2,319
1632,海口福州,10432,MF,4,738
1633,银川太原,10435,JR,2,MA6
1634,西安淮安,10441,MU,2,ERJ
1635,天津西安,10458,BK,2,738
1636,西安天津,10458,CA,4,738
1637,西安天津,10458,GS,13,E90
1638,天津西安,10458,MF,4,738
1639,湛江海口,10465,G5,2,cr2
1640,成都泉州,10466,3U,2,319
1641,泉州成都,10466,MF,2,738
1642,南昌海口,10478,HU,4,738
1643,南昌海口,10478,JD,2,319
1644,南昌海口,10478,MU,4,319
1645,南昌海口,10478,ZH,2,738
1646,珠海贵阳,10485,CZ,2,73G
1647,昆明杭州,10506,8L,2,73G
1648,昆明杭州,10506,CA,6,320
1649,杭州昆明,10506,CZ,2,319
1650,昆明杭州,10506,JD,2,319
1651,杭州昆明,10506,MF,6,738
1652,昆明杭州,10506,MU,6,733
1653,武汉杭州,10508,CA,6,320
1654,武汉杭州,10508,CZ,6,738
1655,杭州武汉,10508,MF,2,738
1656,武汉杭州,10508,OQ,2,320
1657,西安乌海,10511,HU,2,733
1658,郑州长春,10525,3U,2,319
1659,南昌呼和浩特,10534,3U,2,320
1660,呼和浩特南昌,10534,GS,4,ERJ
1661,黄山成都,10540,FM,2,73G
1662,太原沈阳,10555,3U,4,ERJ
1663,沈阳太原,10555,CZ,4,320
1664,太原沈阳,10555,PN,4,319
1665,太原沈阳,10555,ZH,2,320
1666,武汉桂林,10573,CZ,14,738
1667,无锡成都,10586,3U,2,320
1668,无锡成都,10586,MU,6,320
1669,无锡成都,10586,ZH,6,733
1670,呼和浩特杭州,10591,CA,4,319
1671,杭州呼和浩特,10591,MF,4,738
1672,昆明大连,10604,3U,2,ERJ
1673,昆明大连,10604,8L,11,737
1674,大连昆明,10604,CZ,10,319
1675,昆明大连,10604,MU,2,73G
1676,重庆宁波,10605,3U,4,321
1677,重庆宁波,10605,HU,2,733
1678,宁波重庆,10605,MU,2,320
1679,重庆宁波,10605,PN,8,319
1680,太原深圳,10617,CZ,4,319
1681,太原深圳,10617,HU,2,738
1682,太原深圳,10617,MU,2,73G
1683,太原深圳,10617,ZH,7,320
1684,武汉宁波,10621,CZ,8,73G
1685,武汉宁波,10621,MU,5,733
1686,大连兰州,10639,CZ,4,319
1687,深圳临沂,10644,CZ,2,320
1688,南宁成都,10645,3U,8,319
1689,南宁成都,10645,CA,2,319
1690,南宁成都,10645,CZ,2,73G
1691,南宁成都,10645,EU,2,319
1692,南宁成都,10645,ZH,2,733
1693,太原济南,10672,GS,2,ERJ
1694,深圳常德,10688,CZ,6,320
1695,深圳绵阳,10692,ZH,4,320
1696,武夷山深圳,10734,MF,2,738
1697,武夷山深圳,10734,ZH,6,73G
1698,厦门九江,10790,FM,4,73G
1699,三亚南京,10832,JD,2,319
1700,三亚南京,10832,MU,8,321
1701,西宁拉萨,10846,3U,2,319
1702,武汉南通,10860,3U,2,319
1703,济南哈尔滨,10878,3U,2,320
1704,哈尔滨济南,10878,CZ,2,320
1705,济南哈尔滨,10878,KY,4,73G
1706,济南哈尔滨,10878,MF,2,738
1707,济南哈尔滨,10878,SC,2,CR2
1708,重庆太原,10879,3U,2,320
1709,太原重庆,10879,BK,2,738
1710,太原重庆,10879,CZ,6,321
1711,重庆太原,10879,G5,2,CR2
1712,重庆太原,10879,MU,4,73G
1713,重庆太原,10879,PN,4,319
1714,长沙怀化,10885,CZ,4,ERJ
1715,重庆沈阳,10896,3U,2,320
1716,重庆沈阳,10896,CZ,6,320
1717,重庆沈阳,10896,PN,4,319
1718,重庆沈阳,10896,ZH,2,320
1719,天津石家庄,10912,GS,4,ERJ
1720,乌鲁木齐广州,10920,CZ,6,73G
1721,乌鲁木齐广州,10920,HU,4,738
1722,深圳三亚,10935,CZ,10,320
1723,深圳三亚,10935,HU,7,738
1724,深圳三亚,10935,ZH,2,738
1725,大庆大连,10956,CZ,2,319
1726,西安广州,10963,CZ,14,319
1727,西安广州,10963,HU,7,733
1728,西安广州,10963,MU,8,320
1729,西安广州,10963,ZH,6,320
1730,西安绵阳,10966,JR,2,MA6
1731,天津赤峰,10987,MU,2,320
1732,台州青岛,11020,KY,4,73G
1733,舟山泉州,11041,MF,4,73G
1734,舟山泉州,11041,ZH,4,320
1735,宜宾广州,11042,CA,2,73G
1736,成都沈阳,11050,3U,2,320
1737,沈阳成都,11050,9C,2,320
1738,沈阳成都,11050,CA,4,319
1739,沈阳成都,11050,CZ,8,320
1740,成都沈阳,11050,EU,6,319
1741,沈阳成都,11050,ZH,4,737
1742,厦门柳州,11093,MU,2,ERJ
1743,广州银川,11123,3U,2,320
1744,银川广州,11123,CZ,4,319
1745,银川广州,11123,HU,2,733
1746,银川广州,11123,MU,2,320
1747,银川广州,11123,ZH,2,320
1748,郑州西双版纳,11124,CZ,2,733
1749,南宁海口,11148,CZ,2,738
1750,南宁海口,11148,GS,8,E90
1751,济南桂林,11156,JD,4,319
1752,济南桂林,11156,SC,4,737
1753,乌鲁木齐成都,11206,3U,6,319
1754,乌鲁木齐成都,11206,CA,6,319
1755,乌鲁木齐成都,11206,CZ,10,73G
1756,乌鲁木齐成都,11206,HU,4,738
1757,沈阳呼和浩特,11231,CZ,4,320
1758,呼和浩特沈阳,11231,GS,6,ERJ
1759,沈阳呼和浩特,11231,ZH,2,737
1760,贵阳桂林,11237,G5,2,CR2
1761,贵阳桂林,11237,GS,4,ERJ
1762,桂林贵阳,11237,MF,6,757
1763,贵阳丽江,11264,CZ,2,73G
1764,柳州深圳,11326,EU,4,319
1765,厦门大连,11335,CZ,8,319
1766,厦门大连,11335,HU,2,738
1767,厦门大连,11335,MF,2,738
1768,长沙银川,11345,CZ,2,320
1769,银川长沙,11345,MU,2,320
1770,乌鲁木齐福州,11403,CZ,2,752
1771,乌鲁木齐福州,11403,HU,2,738
1772,福州乌鲁木齐,11403,MF,6,737
1773,宁波桂林,11442,MU,2,320
1774,青岛齐齐哈尔,11479,FM,2,738
1775,石家庄银川,11530,GS,4,ERJ
1776,银川石家庄,11530,SC,2,733
1777,温州哈尔滨,11578,3U,2,320
1778,哈尔滨温州,11578,CZ,2,M90
1779,威海南京,11588,MU,2,ERJ
1780,包头西安,11651,GS,4,E90
1781,梧州贵阳,11674,G5,2,CR2
1782,昆明德宏,11682,8L,2,73G
1783,昆明德宏,11682,KY,2,737
1784,昆明德宏,11682,MU,14,733
1785,运城重庆,11696,GS,6,E90
1786,珠海三亚,11708,3U,2,320
1787,珠海三亚,11708,BK,5,738
1788,珠海三亚,11708,CZ,2,319
1789,西宁杭州,11714,3U,4,320
1790,沈阳无锡,11765,ZH,2,737
1791,昆明温州,11771,3U,2,320
1792,温州昆明,11771,8L,2,73G
1793,温州昆明,11771,CA,2,738
1794,温州昆明,11771,MU,2,737
1795,赣州厦门,11775,3U,4,319
1796,长沙太原,11791,CZ,8,738
1797,长沙太原,11791,HU,10,738
1798,长沙太原,11791,MF,2,738
1799,长沙太原,11791,MU,4,73G
1800,武汉昆明,11794,8L,9,73G
1801,武汉昆明,11794,CZ,6,738
1802,武汉昆明,11794,MF,2,738
1803,武汉昆明,11794,MU,8,733
1804,武汉昆明,11794,ZH,2,738
1805,绵阳沈阳,11795,3U,2,ERJ
1806,郑州桂林,11874,CZ,2,319
1807,郑州桂林,11874,SC,3,733
1808,三亚西安,11891,CZ,2,320
1809,西安三亚,11891,JD,4,319
1810,西安三亚,11891,ZH,6,320
1811,深圳南京,11892,CZ,8,320
1812,深圳南京,11892,HU,3,738
1813,深圳南京,11892,MU,8,320
1814,深圳南京,11892,ZH,12,738
1815,石家庄三亚,11894,CZ,2,320
1816,三亚石家庄,11894,JD,2,319
1817,石家庄三亚,11894,NS,4,738
1818,徐州深圳,11913,HU,2,738
1819,乌鲁木齐兰州,11957,8L,4,73G
1820,乌鲁木齐兰州,11957,CZ,4,73G
1821,乌鲁木齐兰州,11957,HU,6,738
1822,兰州乌鲁木齐,11957,JD,6,319
1823,乌鲁木齐兰州,11957,MU,8,738
1824,乌鲁木齐兰州,11957,SC,3,738
1825,太原大连,11987,CZ,18,319
1826,太原大连,11987,HU,2,738
1827,天津阜阳,12011,GS,4,E90
1828,运城海口,12125,MU,2,73G
1829,南宁厦门,12170,KY,6,73G
1830,厦门南宁,12170,MF,2,738
1831,厦门南宁,12170,SC,4,738
1832,厦门南宁,12170,ZH,2,733
1833,珠海成都,12193,CA,2,319
1834,珠海成都,12193,CZ,2,73G
1835,天津深圳,12208,CA,8,738
1836,天津深圳,12208,CZ,4,319
1837,天津深圳,12208,HU,2,738
1838,天津深圳,12208,MF,2,738
1839,天津深圳,12208,ZH,6,738
1840,泉州广州,12210,MF,8,73G
1841,泉州广州,12210,ZH,6,320
1842,石家庄温州,12211,NS,2,738
1843,成都柳州,12214,EU,4,319
1844,三亚温州,12226,3U,2,320
1845,温州三亚,12226,NS,2,738
1846,温州三亚,12226,ZH,2,320
1847,深圳成都,12233,3U,6,321
1848,深圳成都,12233,CA,10,319
1849,深圳成都,12233,CZ,10,319
1850,深圳成都,12233,EU,8,319
1851,深圳成都,12233,HU,4,738
1852,深圳成都,12233,ZH,7,320
1853,黎平贵阳,12341,G5,4,CR2
1854,黎平贵阳,12341,GS,2,ERJ
1855,西安厦门,12342,HU,2,738
1856,西安厦门,12342,JD,4,319
1857,厦门西安,12342,MF,10,73G
1858,西安厦门,12342,MU,2,320
1859,厦门西安,12342,SC,4,738
1860,乌鲁木齐深圳,12345,CZ,2,73G
1861,乌鲁木齐深圳,12345,HU,4,738
1862,乌鲁木齐深圳,12345,ZH,2,738
1863,厦门三亚,12349,MF,2,738
1864,厦门三亚,12349,SC,4,733
1865,长沙无锡,12354,MU,5,320
1866,重庆迪庆,12399,OQ,2,319
1867,赤峰大连,12424,GS,2,ERJ
1868,昆明天津,12452,8L,2,73G
1869,天津昆明,12452,BK,10,738
1870,天津昆明,12452,CA,8,73G
1871,天津昆明,12452,FM,2,738
1872,昆明天津,12452,KY,2,737
1873,南昌太原,12495,CZ,6,733
1874,太原南昌,12495,GS,4,ERJ
1875,长沙昆明,12519,8L,7,73G
1876,长沙昆明,12519,BK,4,735
1877,长沙昆明,12519,CA,6,73G
1878,长沙昆明,12519,CZ,4,733
1879,长沙昆明,12519,MU,22,320
1880,天津贵阳,12521,BK,2,738
1881,天津贵阳,12521,GS,7,E90
1882,武汉呼和浩特,12606,CA,4,738
1883,武汉呼和浩特,12606,CZ,2,738
1884,呼和浩特武汉,12606,JD,2,319
1885,武汉呼和浩特,12606,ZH,3,738
1886,厦门烟台,12619,SC,10,737
1887,武汉无锡,12633,ZH,2,738
1888,天津南通,12748,ZH,2,320
1889,井冈山成都,12749,EU,2,319
1890,运城南京,12761,MU,2,ERJ
1891,成都赣州,12772,3U,4,319
1892,昆明福州,12830,8L,7,73G
1893,昆明福州,12830,MF,2,738
1894,南宁赣州,12831,GS,2,erj
1895,天津三亚,12895,BK,9,738
1896,天津三亚,12895,CA,4,738
1897,天津三亚,12895,JD,2,319
1898,天津三亚,12895,MF,2,738
1899,黄山重庆,12930,FM,2,73G
1900,长春包头,12951,CZ,4,319
1901,丽江杭州,12974,JD,2,319
1902,重庆温州,13033,3U,2,320
1903,重庆温州,13033,CA,2,319
1904,重庆温州,13033,OQ,2,320
1905,重庆温州,13033,PN,2,319
1906,宁波南宁,13061,GS,4,EMB
1907,珠海宁波,13096,EU,2,319
1908,重庆义乌,13102,KY,4,737
1909,深圳南充,13120,CZ,8,320
1910,兰州贵阳,13123,3U,2,320
1911,张家界青岛,13141,CZ,2,320
1912,温州成都,13169,3U,2,319
1913,温州成都,13169,CA,6,733
1914,温州成都,13169,EU,4,319
1915,成都温州,13169,MU,2,73G
1916,西安桂林,13187,CA,1,738
1917,西安桂林,13187,CZ,2,738
1918,西安桂林,13187,HU,2,738
1919,西安桂林,13187,JD,2,319
1920,西安桂林,13187,MU,6,320
1921,榆林昆明,13190,BK,2,738
1922,青岛呼和浩特,13268,SC,6,CR2
1923,拉萨成都,13283,3U,14,319
1924,拉萨成都,13283,CA,24,319
1925,拉萨成都,13283,MU,2,737
1926,拉萨成都,13283,TV,10,319
1927,林芝成都,13286,CA,8,319
1928,日喀则成都,13304,CA,2,319
1929,西宁南京,13370,MU,8,320
1930,西宁南京,13370,ZH,4,738
1931,呼和浩特烟台,13490,GS,4,ERJ
1932,成都哈尔滨,13494,3U,4,320
1933,哈尔滨成都,13494,CA,2,319
1934,哈尔滨成都,13494,CZ,2,320
1935,成都哈尔滨,13494,MU,2,737
1936,厦门连云港,13514,MU,2,ERJ
1937,大连伊春,13586,MU,2,320
1938,青岛昆明,13648,8L,2,73G
1939,青岛昆明,13648,KY,4,73G
1940,青岛昆明,13648,MU,8,320
1941,青岛昆明,13648,SC,6,733
1942,福州哈尔滨,13658,MF,2,73G
1943,沈阳鄂尔多斯,13705,HU,2,738
1944,呼和浩特哈尔滨,13739,GS,4,ERJ
1945,沈阳南昌,14192,CZ,2,319
1946,昆明沈阳,14237,8L,2,73G
1947,沈阳昆明,14237,CZ,6,321
1948,昆明沈阳,14237,MU,2,73G
1949,温州深圳,14248,CZ,10,320
1950,温州深圳,14248,SC,4,CR2
1951,温州深圳,14248,ZH,2,738
1952,桂林沈阳,14295,CZ,2,319
1953,烟台深圳,14326,SC,2,733
1954,连云港沈阳,14394,EU,2,319
1955,湛江广州,16855,CZ,16,319
1956,长春延吉,16857,CZ,8,321
1957,重庆成都,16862,3U,4,ERJ
1958,西昌成都,16873,3U,12,319
1959,西昌成都,16873,CA,8,319
1960,西昌成都,16873,EU,4,319
1961,佳木斯哈尔滨,16894,BK,2,ma6
1962,牡丹江哈尔滨,16895,BK,2,ma6
1963,乌鲁木齐和田,16898,CA,2,738
1964,乌鲁木齐和田,16898,CZ,6,73G
1965,乌鲁木齐和田,16898,FM,4,738
1966,乌鲁木齐和田,16898,GS,2,E90
1967,乌鲁木齐和田,16898,MU,2,737
1968,西安汉中,16900,GS,2,DON
1969,西安汉中,16900,JR,2,MA6
1970,乌鲁木齐且末,16902,CZ,2,AT7
1971,乌鲁木齐库车,16907,CZ,4,AT7
1972,乌鲁木齐库车,16907,GS,2,ERJ
1973,南昌赣州,16910,MU,6,ERJ
1974,南宁桂林,16918,CZ,2,73G
1975,南宁桂林,16918,MU,2,CR2
1976,南宁桂林,16918,VD,2,E90
1977,长治大同,17000,CZ,2,319
1978,长治成都,17005,CA,2,319
1979,南京鄂尔多斯,17013,MU,6,EMB
1980,呼和浩特二连浩特,17019,GS,2,ERJ
1981,呼和浩特邯郸,17022,NS,2,ERJ
1982,满洲里呼和浩特,17027,CA,4,733
1983,呼和浩特满洲里,17027,GS,6,ERJ
1984,南京呼和浩特,17036,MU,9,320
1985,天津榆林,17090,BK,2,738
1986,威海天津,17110,BK,2,738
1987,威海天津,17110,GS,4,ERJ
1988,太原无锡,17196,MU,4,73G
1989,桂林北海,17215,CZ,2,733
1990,北海桂林,17215,G5,2,CR2
1991,桂林北海,17215,MU,2,CR2
1992,桂林北海,17215,VD,2,E90
1993,杭州北海,17226,CA,2,319
1994,广州百色,17232,VD,4,E90
1995,重庆百色,17236,G5,2,CR2
1996,昆明常德,17243,9C,6,320
1997,张家界宁波,17268,MU,2,320
1998,佛山无锡,17285,KN,2,73G
1999,景德镇广州,17323,ZH,2,320
2000,济宁广州,17324,CZ,4,319
2001,潍坊广州,17337,HU,3,738
2002,广州达州,17350,CA,2,733
2003,西昌广州,17363,ZH,4,319
2004,长沙呼和浩特,17370,CA,8,73G
2005,长沙呼和浩特,17370,CZ,2,320
2006,长沙呼和浩特,17370,HU,4,733
2007,长沙呼和浩特,17370,JD,2,319
2008,长沙呼和浩特,17370,MF,6,73G
2009,长沙柳州,17378,MU,2,ERJ
2010,长沙南通,17396,G5,2,CR2
2011,长沙南通,17396,MU,2,737
2012,长沙徐州,17400,HU,3,733
2013,义乌长沙,17404,CZ,2,733
2014,长沙绵阳,17408,3U,2,ERJ
2015,长沙绵阳,17408,MU,4,ERJ
2016,石家庄南宁,17448,NS,2,320
2017,湛江深圳,17516,ZH,2,738
2018,襄阳深圳,17521,ZH,4,320
2019,郑州呼和浩特,17573,3U,2,320
2020,郑州呼和浩特,17573,CZ,4,320
2021,郑州南通,17587,VD,2,E90
2022,宜昌武汉,17605,MU,24,ERJ
2023,三亚乌鲁木齐,17640,3U,4,320
2024,乌鲁木齐三亚,17640,CZ,2,321
2025,三亚乌鲁木齐,17640,JD,6,319
2026,银川固原,17654,JR,2,MA6
2027,桂林银川,17665,3U,2,320
2028,深圳银川,17666,CZ,8,320
2029,银川深圳,17666,ZH,2,320
2030,绵阳兰州,17735,3U,2,ERJ
2031,西安黄山,17813,JD,4,319
2032,迪庆拉萨,17862,MU,4,73G
2033,西双版纳昆明,17867,8L,8,73G
2034,西双版纳昆明,17867,CZ,6,733
2035,昆明西双版纳,17867,FM,2,73G
2036,西双版纳昆明,17867,KY,10,73G
2037,西双版纳昆明,17867,MU,21,73G
2038,西双版纳昆明,17867,PN,4,737
2039,厦门丽江,17885,MF,2,738
2040,永州昆明,17909,CZ,4,733
2041,柳州昆明,17914,MF,4,738
2042,文山昆明,17924,MU,6,CR2
2043,昆明临沂,17935,MU,2,73G
2044,盐城昆明,17945,MU,8,73G
2045,义乌昆明,17946,CZ,2,733
2046,昆明义乌,17946,KY,6,737
2047,石家庄福州,18055,9C,2,320
2048,赣州福州,18062,G5,2,CR2
2049,连城福州,18067,MF,2,738
2050,贵阳赣州,18085,G5,2,CR2
2051,杭州石家庄,18093,MF,2,738
2052,石家庄杭州,18093,MU,2,73G
2053,石家庄杭州,18093,NS,2,320
2054,南阳杭州,18096,CZ,2,ERJ
2055,杭州临沂,18103,MU,2,73G
2056,武汉景德镇,18112,EU,2,319
2057,宁波连云港,18134,CZ,2,319
2058,宁波石家庄,18142,JD,2,319
2059,石家庄宁波,18142,NS,4,ERJ
2060,合肥台州,18165,VD,2,E90
2061,青岛延吉,18313,FM,2,738
2062,深圳泉州,18319,CZ,4,320
2063,深圳泉州,18319,MF,2,73G
2064,深圳泉州,18319,ZH,6,320
2065,泉州南京,18325,BK,2,738
2066,泉州南京,18325,ZH,2,738
2067,泉州温州,18331,CZ,4,320
2068,淮安武汉,18341,MU,2,EMB
2069,宁波淮安,18344,MU,2,EMB
2070,武汉威海,18384,MU,2,ERJ
2071,无锡厦门,18402,MU,4,73G
2072,无锡厦门,18402,ZH,2,737
2073,温州珠海,18432,SC,2,737
2074,徐州呼和浩特,18461,FM,4,738
2075,重庆呼和浩特,18537,3U,4,319
2076,重庆呼和浩特,18537,G5,2,CR2
2077,重庆黔江,18568,3U,2,ERJ
2078,重庆黔江,18568,G5,2,CR2
2079,达州武汉,18578,EU,2,319
2080,杭州广元,18582,CA,2,319
2081,贵阳宁波,18592,CZ,4,73G
2082,泸州贵阳,18597,G5,4,737
2083,铜仁贵阳,18600,G5,2,CR2
2084,铜仁贵阳,18600,GS,4,ERJ
2085,贵阳乌鲁木齐,18604,CZ,2,73G
2086,临沂成都,18629,3U,4,319
2087,攀枝花成都,18634,3U,2,319
2088,攀枝花成都,18634,CA,2,319
2089,宜宾海口,18638,EU,2,319
2090,乌鲁木齐哈密,18648,CZ,4,AT7
2091,乌鲁木齐库尔勒,18651,CZ,18,737
2092,乌鲁木齐库尔勒,18651,GS,14,ERJ
2093,乌鲁木齐库尔勒,18651,HU,2,737
2094,武汉长春,18677,CZ,2,73G
2095,长春武汉,18677,MU,6,ERJ
2096,长春武汉,18677,ZH,2,320
2097,威海长春,18692,SC,4,733
2098,大庆杭州,18716,CZ,4,319
2099,满洲里哈尔滨,18729,GS,4,ERJ
2100,哈尔滨漠河,18775,BK,2,MA6
2101,漠河哈尔滨,18775,CZ,6,319
2102,青岛佳木斯,18788,FM,4,738
2103,烟台牡丹江,18804,MU,2,ERJ
2104,邯郸大连,18813,G5,2,CR2
2105,宜昌大连,18826,8L,2,737
2106,南昌大连,18830,MF,2,73G
2107,东营大连,18831,G5,2,CR2
2108,临沂大连,18838,MU,2,73G
2109,乌鲁木齐阿勒泰,18896,CZ,13,73G
2110,乌鲁木齐阿勒泰,18896,GS,12,ERJ
2111,伊宁阿勒泰,18897,CZ,3,73G
2112,阿勒泰伊宁,18897,GS,2,E90
2113,乌鲁木齐博乐,18923,CZ,2,AT7
2114,昆明保山,18925,CZ,2,319
2115,昆明保山,18925,MU,4,73G
2116,长春白山,18947,CZ,4,321
2117,通辽长春,18948,GS,2,EMB
2118,呼和浩特赤峰,18954,3U,2,319
2119,呼和浩特赤峰,18954,CA,4,733
2120,呼和浩特赤峰,18954,GS,6,ERJ
2121,重庆绵阳,18972,3U,2,ERJ
2122,昆明迪庆,19004,8L,4,73G
2123,昆明迪庆,19004,MU,8,73G
2124,沈阳大连,19009,BK,4,MA6
2125,昆明大理,19016,8L,4,73G
2126,昆明大理,19016,CZ,2,319
2127,昆明大理,19016,MU,4,73G
2128,锡林浩特鄂尔多斯,19034,MU,2,ERJ
2129,黄山合肥,19080,MU,2,319
2130,鸡西哈尔滨,19096,BK,2,ma6
2131,鸡西哈尔滨,19096,CZ,2,320
2132,伊春哈尔滨,19097,BK,2,ma6
2133,哈尔滨伊春,19097,CZ,4,320
2134,库尔勒且末,19117,CZ,2,AT7
2135,泉州南昌,19135,MF,4,73G
2136,伊宁布尔津,19150,CZ,1,73G
2137,乌鲁木齐克拉玛依,19165,CZ,2,73G
2138,乌鲁木齐克拉玛依,19165,GS,2,ERJ
2139,梧州南宁,19206,G5,4,CR2
2140,梧州南宁,19206,VD,2,E90
2141,乌鲁木齐塔城,19245,GS,2,ERJ
2142,伊宁乌鲁木齐,19250,3U,3,319
2143,伊宁乌鲁木齐,19250,CZ,27,73G
2144,伊宁乌鲁木齐,19250,GS,10,ERJ
2145,伊宁乌鲁木齐,19250,MU,4,320
2146,锡林浩特乌海,19252,GS,2,EMB
2147,襄阳武汉,19253,MU,3,ERJ
2148,武夷山厦门,19255,MF,20,738
2149,武夷山厦门,19255,SC,4,738
2150,玉树西宁,19259,MU,2,319
2151,昆明百色,19270,MU,2,73G
2152,包头南宁,19307,GS,4,E90
2153,昆明北海,19334,EU,2,319
2154,三亚北海,19342,EU,2,319
2155,三亚北海,19342,MU,2,CR2
2156,济南北海,19343,SC,2,738
2157,温州北海,19344,SC,2,738
2158,成都昌都,19348,CA,5,319
2159,广州保山,19349,CZ,2,319
2160,广州长治,19354,CZ,2,319
2161,大庆广州,19365,CZ,4,319
2162,黎平广州,19385,CZ,4,ERJ
2163,九江广州,19391,CZ,2,ERJ
2164,喀什广州,19400,CZ,2,73G
2165,广州威海,19448,CZ,2,319
2166,广州延吉,19464,CZ,2,319
2167,南京常德,19472,MU,4,320
2168,郑州鄂尔多斯,19488,CZ,2,738
2169,郑州哈密,19495,CZ,2,733
2170,郑州台州,19497,VD,2,E90
2171,郑州三亚,19521,CZ,8,320
2172,郑州三亚,19521,HU,2,737
2173,郑州三亚,19521,JD,2,319
2174,郑州三亚,19521,MF,2,738
2175,三亚长春,19570,3U,2,320
2176,三亚长春,19570,CZ,2,321
2177,成都赤峰,19589,3U,2,319
2178,重庆大同,19610,G5,2,CR2
2179,重庆邯郸,19619,G5,2,CR2
2180,淮安重庆,19623,MU,2,EMB
2181,重庆洛阳,19641,G5,2,CR2
2182,长沙赣州,19704,MU,4,ERJ
2183,长沙临沂,19709,MU,4,73G
2184,成都阿里,19796,CA,4,319
2185,成都阿里,19796,TV,4,319
2186,成都南通,19800,3U,2,319
2187,常州三亚,19854,3U,2,320
2188,三亚常州,19854,HO,2,320
2189,三亚常州,19854,JD,2,319
2190,贵阳大同,19864,G5,2,CR2
2191,青岛丹东,19884,FM,4,738
2192,连云港大连,19915,EU,2,320
2193,连云港大连,19915,MU,2,e45
2194,济南大庆,19981,SC,2,CR2
2195,威海大庆,19983,SC,2,CR2
2196,张家界无锡,20031,MU,4,320
2197,南京邯郸,20179,MU,2,737
2198,厦门邯郸,20183,MU,4,EMB
2199,洛阳呼和浩特,20201,CZ,4,320
2200,乌鲁木齐呼和浩特,20216,CZ,6,73G
2201,乌鲁木齐呼和浩特,20216,JD,12,319
2202,呼和浩特温州,20217,GS,4,ERJ
2203,呼和浩特温州,20217,NS,2,ERJ
2204,合肥和田,20224,MU,2,737
2205,兰州合肥,20231,HU,2,738
2206,兰州合肥,20231,MU,4,320
2207,合肥宁波,20233,SC,2,CR2
2208,洛阳杭州,20273,G5,2,CR2
2209,乌兰浩特沈阳,20345,GS,2,EMB
2210,南昌哈尔滨,20352,MF,4,73G
2211,石家庄哈尔滨,20369,3U,2,319
2212,哈尔滨石家庄,20369,CZ,2,320
2213,石家庄哈尔滨,20369,G5,2,CR2
2214,石家庄哈尔滨,20369,JD,2,319
2215,石家庄哈尔滨,20369,KY,2,737
2216,舟山深圳,20395,CZ,2,320
2217,银川南宁,20425,GS,2,E90
2218,厦门银川,20440,MF,2,738
2219,银川厦门,20440,SC,4,738
2220,天津嘉峪关,20461,GS,2,EMB
2221,泉州昆明,20488,MF,4,73G
2222,贵阳泉州,20489,3U,4,319
2223,绵阳泉州,20490,3U,2,ERJ
2224,泉州西安,20497,MF,8,73G
2225,武汉泉州,20506,MF,6,73G
2226,珠海泉州,20507,VD,2,E90
2227,烟台锦州,20529,BK,2,MA6
2228,南昌兰州,20560,HU,2,738
2229,乌鲁木齐南昌,20579,ZH,2,737
2230,昆明南通,20604,MU,8,73G
2231,昆明唐山,20619,8L,2,737
2232,昆明威海,20623,MU,2,737
2233,无锡昆明,20627,MU,4,320
2234,无锡昆明,20627,ZH,2,738
2235,石家庄库尔勒,20656,MU,3,73G
2236,丽江临沂,20750,MU,4,73G
2237,丽江南京,20754,3U,2,319
2238,南京丽江,20754,EU,2,320
2239,南京丽江,20754,JD,2,319
2240,丽江武汉,20767,MU,2,737
2241,武汉柳州,20833,MU,10,ERJ
2242,南京牡丹江,20844,MU,2,320
2243,济南绵阳,20864,SC,2,733
2244,南京湛江,20937,MU,4,ERJ
2245,乌鲁木齐南宁,20955,CZ,2,738
2246,天津满洲里,20989,GS,2,EMB
2247,无锡西安,21124,MU,2,320
2248,玉树西安,21137,MU,2,319
2249,中卫西安,21139,3U,2,320
2250,石家庄珠海,21154,NS,2,ERJ
2251,徐州三亚,21178,JD,4,319
2252,济南珠海,21240,SC,2,737
2253,天津黄山,21241,GS,2,EMB
2254,无锡天津,21249,GS,4,E90
2255,乌鲁木齐太原,21267,CZ,10,73G
2256,乌鲁木齐太原,21267,HU,4,738
2257,太原乌鲁木齐,21267,SC,8,CR2
2258,乌鲁木齐太原,21267,ZH,3,738
2259,太原威海,21268,GS,2,ERJ
2260,百色桂林,21338,MU,2,73G
2261,桂林百色,21338,VD,2,E90
2262,拉萨昌都,21356,CA,4,319
2263,梅州广州,21363,CZ,10,ERJ
2264,郑州南阳,21370,CZ,4,733
2265,重庆贵阳,21393,CZ,4,733
2266,重庆贵阳,21393,G5,14,CR2
2267,重庆贵阳,21393,SC,4,738
2268,永州长沙,21404,CZ,2,320
2269,兰州敦煌,21433,MU,10,320
2270,呼和浩特鄂尔多斯,21436,GS,6,ERJ
2271,呼和浩特鄂尔多斯,21436,MU,2,ERJ
2272,乌兰浩特鄂尔多斯,21438,GS,2,ERJ
2273,武汉恩施,21445,CZ,2,73G
2274,武汉恩施,21445,MU,12,733
2275,石家庄呼和浩特,21468,9C,2,320
2276,石家庄呼和浩特,21468,CZ,2,320
2277,石家庄呼和浩特,21468,MU,6,320
2278,石家庄呼和浩特,21468,NS,4,ERJ
2279,西安庆阳,21511,GS,2,DON
2280,西双版纳丽江,21520,8L,4,73G
2281,西双版纳丽江,21520,JD,2,319
2282,西双版纳丽江,21520,MU,5,737
2283,武汉南昌,21535,MU,4,ERJ
2284,乌鲁木齐布尔津,21537,CZ,12,73G
2285,延吉白山,21579,CZ,2,319
2286,榆林西安,21606,GS,12,E90
2287,榆林西安,21606,HU,2,738
2288,榆林西安,21606,MU,7,320
2289,榆林西安,21606,ZH,2,320
2290,榆林太原,21622,JR,2,MA6
2291,杭州阿克苏,21643,MU,2,320
2292,重庆包头,21674,3U,2,321
2293,石家庄包头,21688,CZ,4,733
2294,石家庄包头,21688,ZH,2,737
2295,广州大同,21739,CZ,2,319
2296,广州鄂尔多斯,21745,MU,2,320
2297,广州恩施,21747,CZ,2,73G
2298,邯郸广州,21752,CZ,2,319
2299,广州佳木斯,21770,CZ,2,319
2300,南充广州,21794,CZ,4,ERJ
2301,榆林广州,21819,ZH,2,320
2302,襄阳广州,21828,CZ,2,ERJ
2303,重庆鄂尔多斯,21968,G5,2,CR2
2304,重庆柳州,21998,MU,4,ERJ
2305,长沙盐城,22098,MU,8,73G
2306,台州成都,22124,EU,8,319
2307,伊宁成都,22184,3U,1,319
2308,呼和浩特大连,22240,CZ,20,319
2309,呼和浩特大连,22240,GS,2,ERJ
2310,呼和浩特大连,22240,HU,4,738
2311,满洲里大连,22264,CZ,2,319
2312,大连西宁,22284,CZ,6,319
2313,大庆西安,22316,CZ,2,319
2314,武汉鄂尔多斯,22337,MU,7,ERJ
2315,福州呼和浩特,22371,MF,6,737
2316,临沂海口,22457,HU,2,738
2317,三亚呼和浩特,22521,3U,2,320
2318,三亚呼和浩特,22521,CA,2,319
2319,西宁合肥,22555,HU,4,738
2320,合肥西宁,22555,MU,2,320
2321,温州淮安,22633,MU,2,320
2322,厦门淮安,22634,MU,2,EMB
2323,怀化昆明,22635,9C,2,320
2324,南宁哈尔滨,22678,3U,2,320
2325,昆明银川,22736,3U,2,320
2326,银川昆明,22736,MU,12,73G
2327,武汉西双版纳,22789,MU,4,733
2328,泉州济南,22812,MF,4,73G
2329,青岛鸡西,22841,FM,4,738
2330,石家庄南昌,22867,NS,2,ERJ
2331,三亚南昌,22868,3U,2,320
2332,三亚南昌,22868,JD,2,319
2333,绵阳昆明,22891,KY,2,73G
2334,武汉赣州,22937,MU,4,ERJ
2335,绵阳贵阳,22946,3U,4,ERJ
2336,无锡贵阳,22966,MU,5,320
2337,烟台贵阳,22973,SC,4,738
2338,兰州拉萨,23009,3U,2,319
2339,无锡兰州,23032,MU,2,320
2340,丽江绵阳,23040,3U,2,319
2341,厦门临沂,23110,MU,2,73G
2342,南京柳州,23111,MU,4,EMB
2343,绵阳南京,23136,3U,2,319
2344,绵阳南宁,23137,3U,2,ERJ
2345,武汉绵阳,23148,3U,2,ERJ
2346,西安石家庄,23362,GS,2,E90
2347,西安石家庄,23362,MU,3,73G
2348,乌鲁木齐天津,23493,CA,4,738
2349,乌鲁木齐天津,23493,CZ,4,73G
2350,延吉天津,23503,BK,2,738
2351,珠海天津,23508,BK,5,738
2352,天津珠海,23508,GS,2,EMB
2353,乌鲁木齐阿克苏,23572,CZ,10,73G
2354,乌鲁木齐阿克苏,23572,GS,12,E90
2355,乌鲁木齐阿克苏,23572,HU,2,737
2356,乌鲁木齐阿克苏,23572,MU,2,320
2357,重庆西昌,23627,G5,2,CR2
2358,重庆攀枝花,23632,3U,2,319
2359,西双版纳大理,23666,8L,2,73G
2360,鄂尔多斯满洲里,23677,GS,2,EMB
2361,西宁格尔木,23689,MU,2,319
2362,西安固原,23690,JR,2,MA6
2363,黑河漠河,23695,BK,2,MA6
2364,榆林银川,23744,JR,2,MA6
2365,兰州嘉峪关,23751,3U,2,319
2366,兰州嘉峪关,23751,FM,2,738
2367,兰州嘉峪关,23751,GS,2,ERJ
2368,兰州嘉峪关,23751,MU,2,320
2369,乌鲁木齐喀什,23766,3U,3,319
2370,乌鲁木齐喀什,23766,CA,2,738
2371,乌鲁木齐喀什,23766,CZ,14,73G
2372,乌鲁木齐喀什,23766,HU,8,738
2373,乌鲁木齐喀什,23766,JD,6,319
2374,乌鲁木齐喀什,23766,MU,4,320
2375,乌鲁木齐喀什,23766,SC,2,738
2376,昭通昆明,23775,MU,2,73G
2377,普洱昆明,23776,8L,2,73G
2378,普洱昆明,23776,MU,6,73G
2379,贵阳北海,23887,G5,2,CR2
2380,三亚柳州,24148,MU,4,ERJ
2381,天津运城,24224,GS,6,E90
2382,深圳包头,24296,CZ,4,733
2383,广州阜阳,24341,CZ,2,ERJ
2384,广州德宏,24393,MU,2,733
2385,乌海广州,24411,HU,2,733
2386,郑州绵阳,24442,SC,2,733
2387,泉州郑州,24458,MF,4,73G
2388,天津长春,24487,3U,2,320
2389,天津长春,24487,GS,6,E90
2390,天津长春,24487,KY,2,737
2391,长春呼和浩特,24490,CZ,2,320
2392,呼和浩特长春,24490,GS,2,EMB
2393,长春石家庄,24491,MU,6,ERJ
2394,长春太原,24493,CZ,10,320
2395,长春乌鲁木齐,24521,CZ,8,320
2396,重庆梧州,24558,G5,6,CR2
2397,重庆南通,24571,G5,4,CR2
2398,烟台重庆,24593,SC,2,738
2399,重庆通辽,24598,G5,4,CR2
2400,成都嘉峪关,24696,3U,2,319
2401,大庆成都,24725,CZ,2,319
2402,库尔勒成都,24726,CA,2,319
2403,库尔勒成都,24726,CZ,4,73G
2404,成都喀什,24730,3U,1,319
2405,无锡大连,24771,ZH,2,320
2406,鄂尔多斯大连,24787,GS,2,E90
2407,南京敦煌,24829,MU,10,320
2408,大庆青岛,24838,CZ,2,319
2409,厦门呼和浩特,25021,MF,6,73G
2410,厦门呼和浩特,25021,SC,2,733
2411,合肥贵阳,25033,3U,2,319
2412,合肥贵阳,25033,CZ,10,319
2413,合肥贵阳,25033,SC,4,CR2
2414,徐州哈尔滨,25148,3U,4,320
2415,哈尔滨太原,25152,3U,2,320
2416,哈尔滨太原,25152,CZ,4,319
2417,太原哈尔滨,25152,HU,2,738
2418,三亚哈尔滨,25180,3U,2,320
2419,哈尔滨三亚,25180,CZ,4,320
2420,三亚哈尔滨,25180,JD,2,319
2421,三亚银川,25228,3U,2,320
2422,泉州南宁,25264,BK,2,738
2423,济南喀什,25302,SC,2,738
2424,南昌南通,25305,MU,6,73G
2425,三亚昆明,25327,8L,2,73G
2426,三亚昆明,25327,MU,2,73G
2427,烟台昆明,25365,SC,2,CR2
2428,临沂桂林,25420,HU,2,738
2429,深圳连云港,25519,CZ,2,319
2430,青岛柳州,25534,MU,2,ERJ
2431,伊宁南京,25616,MU,4,320
2432,石家庄乌鲁木齐,25786,CZ,4,319
2433,深圳西宁,25838,CZ,6,320
2434,深圳西宁,25838,HU,2,737
2435,深圳西宁,25838,ZH,2,319
