"","SQH","SXRQ"
"1","CN201010527501.7","20141126"
"2","CN201010223959.3","20140402"
"3","CN201010223958.9","20130717"
"4","CN201010270478.8","20150603"
"5","CN201010157659.X","20131211"
"6","CN201010034277.8","20130116"
"7","CN201010034276.3","20130327"
"8","CN201010034275.9","20130424"
"9","CN201110147111.1","20150211"
"10","CN201110280185.2","20150715"
"11","CN201220440009.0","20140903"
"12","CN201220440047.6","20150107"
"13","CN201320571270.9","20150520"
"14","CN201320571677.1","20160330"
"15","CN201120144515.0","20160914"
"16","CN201020666320.8","20130313"
"17","CN201020666321.2","20120926"
"18","CN201120336750.8","20130313"
"19","CN201320529782.9","20160113"
"20","CN201320425133.4","20160113"
"21","CN201510569870.5","20161116"
"22","CN201120566104.0","20120926"
"23","CN201320484659.X","20140312"
"24","CN201320483526.0","20140312"
"25","CN201320484242.3","20140312"
"26","CN201120423953.0","20120704"
"27","CN201120424412.X","20120620"
"28","CN201120424886.4","20120711"
"29","CN201120424888.3","20120704"
"30","CN201120424783.8","20120704"
"31","CN201110356410.6","20140514"
"32","CN201210158959.9","20150311"
"33","CN201310281306.4","20151209"
"34","CN201310406685.5","20150527"
"35","CN201310255770.6","20150624"
"36","CN201120145835.8","20120104"
"37","CN201310065493.2","20160608"
"38","CN201310000177.7","20160615"
"39","CN201210087466.0","20160615"
"40","CN201210270750.1","20160622"
"41","CN201110054549.5","20160622"
"42","CN201110229423.7","20160622"
"43","CN201410566010.1","20160622"
"44","CN201210148586.7","20160622"
"45","CN201410079520.6","20160622"
"46","CN201310156558.4","20160622"
"47","CN201110211183.8","20140212"
"48","CN201110211185.7","20130515"
"49","CN201110074548.7","20130612"
"50","CN201110125049.6","20131127"
"51","CN201410782221.9","20160120"
"52","CN201510222912.8","20160824"
"53","CN201310011070.2","20151028"
"54","CN201320013550.8","20130724"
"55","CN201420043229.9","20151028"
"56","CN201220150637.5","20151028"
"57","CN201220168100.1","20151028"
"58","CN201320013599.3","20151028"
"59","CN201420043976.2","20151028"
"60","CN201210232737.7","20140507"
"61","CN201110120925.6","20130109"
"62","CN201130149836.5","20111109"
"63","CN201430444741.X","20150513"
"64","CN201330444621.5","20140326"
"65","CN201330329784.9","20140122"
"66","CN201130385153.X","20120516"
"67","CN201230528425.1","20161130"
"68","CN201220121137.9","20121212"
"69","CN201220127907.0","20121219"
"70","CN201220036185.8","20131030"
"71","CN201220057941.5","20140514"
"72","CN201120324456.5","20140226"
"73","CN201020545957.1","20130424"
"74","CN201220004407.8","20160302"
"75","CN201020235123.0","20140813"
"76","CN201020264541.2","20140910"
"77","CN201020224068.5","20140806"
"78","CN201020529944.5","20151104"
"79","CN201020280560.4","20141008"
"80","CN201120236650.8","20150902"
"81","CN201120315546.8","20151028"
"82","CN201120005692.0","20160302"
"83","CN201120237815.3","20150826"
"84","CN201120323557.0","20151028"
"85","CN201120323560.2","20151028"
"86","CN201220093606.0","20160504"
"87","CN201420197195.9","20160608"
"88","CN201220301164.4","20160810"
"89","CN201020241288.9","20160817"
"90","CN201120299288.9","20161012"
"91","CN201020558209.7","20161130"
"92","CN201120237815.3","20150826"
"93","CN201120323557.0","20151028"
"94","CN201120323560.2","20151028"
"95","CN201220093606.0","20160504"
"96","CN201420197195.9","20160608"
"97","CN201220301164.4","20160810"
"98","CN201020241288.9","20160817"
"99","CN201120299288.9","20161012"
"100","CN201020558209.7","20161130"
"101","CN201320566247.0","20150722"
"102","CN201320480005.X","20151118"
"103","CN201030259465.1","20130925"
"104","CN201420599893.1","20160120"
"105","CN201220300230.6","20140702"
"106","CN200910109542.1","20160928"
"107","CN201020162379.3","20140611"
"108","CN201020696050.5","20160224"
"109","CN201020145393.2","20150520"
"110","CN201120496744.9","20160120"
"111","CN201120496778.8","20160120"
"112","CN201120566484.8","20160224"
"113","CN201420045531.8","20160511"
"114","CN201420075085.5","20160511"
"115","CN201220155127.7","20160601"
"116","CN201220155502.8","20160601"
"117","CN201420135907.4","20160706"
"118","CN201320387263.3","20160713"
"119","CN201420327320.3","20160824"
"120","CN201420327040.2","20160914"
"121","CN201220405847.4","20161012"
"122","CN201220155502.8","20160601"
"123","CN201420135907.4","20160706"
"124","CN201320387263.3","20160713"
"125","CN201420327320.3","20160824"
"126","CN201420327040.2","20160914"
"127","CN201220405847.4","20161012"
"128","CN201320573604.6","20150610"
"129","CN201120016562.7","20130313"
"130","CN201120065308.6","20130515"
"131","CN201120507559.5","20140409"
"132","CN201120545881.7","20130515"
"133","CN201120543403.2","20131225"
"134","CN201220082334.4","20130515"
"135","CN201420637095.3","20160803"
"136","CN201420185077.6","20161012"
"137","CN201320573604.6","20150610"
"138","CN201120016562.7","20130313"
"139","CN201120065308.6","20130515"
"140","CN201120507559.5","20140409"
"141","CN201120545881.7","20130515"
"142","CN201120543403.2","20131225"
"143","CN201220082334.4","20130515"
"144","CN201420637095.3","20160803"
"145","CN201420185077.6","20161012"
"146","CN201130273826.2","20141008"
"147","CN201010517386.5","20151216"
"148","CN201220160738.0","20131023"
"149","CN201220247643.2","20131113"
"150","CN201220225114.2","20150506"
"151","CN201220225115.7","20150506"
"152","CN201020573969.5","20130320"
"153","CN201320631072.7","20150610"
"154","CN201420280768.4","20150722"
"155","CN201120080198.0","20130227"
"156","CN201120250406.7","20130306"
"157","CN201120250359.6","20130306"
"158","CN201120361553.1","20130417"
"159","CN201120447815.6","20130828"
"160","CN201120557576.X","20140115"
"161","CN201220481110.0","20150408"
"162","CN201220740876.6","20150916"
"163","CN201220561802.6","20151028"
"164","CN201420422050.4","20151223"
"165","CN201420062303.1","20160817"
"166","CN201120250359.6","20130306"
"167","CN201120361553.1","20130417"
"168","CN201120447815.6","20130828"
"169","CN201120557576.X","20140115"
"170","CN201220481110.0","20150408"
"171","CN201220740876.6","20150916"
"172","CN201220561802.6","20151028"
"173","CN201420422050.4","20151223"
"174","CN201420062303.1","20160817"
"175","CN201220367555.6","20130605"
"176","CN201120210444.X","20150218"
"177","CN201120465506.1","20130612"
"178","CN201030505964.4","20161109"
"179","CN201030505929.2","20161109"
"180","CN201030505933.9","20161109"
"181","CN201220192243.6","20140917"
"182","CN201220041666.8","20131106"
"183","CN201220111489.6","20140129"
"184","CN201320129721.3","20150617"
"185","CN201220336237.3","20150819"
"186","CN201220417921.4","20150826"
"187","CN201320416912.8","20150715"
"188","CN201320416938.2","20150107"
"189","CN201320435936.8","20150617"
"190","CN201020265021.3","20130227"
"191","CN201020674520.8","20130327"
"192","CN201120320872.8","20130410"
"193","CN201120320836.1","20130410"
"194","CN201420657750.1","20151202"
"195","CN201320416923.6","20151209"
"196","CN201320782148.6","20150923"
"197","CN201320435899.0","20160113"
"198","CN201420305156.6","20160217"
"199","CN201420256176.9","20160330"
"200","CN201120341798.8","20151104"
"201","CN201420419989.5","20160824"
"202","CN201420657809.7","20161005"
"203","CN201420657645.8","20160928"
"204","CN201130486858.0","20160210"
"205","CN201130487418.7","20150204"
"206","CN201130487420.4","20160210"
"207","CN201030295033.6","20141022"
"208","CN201030295064.1","20141022"
"209","CN201130452163.0","20150114"
"210","CN201330306226.0","20160817"
"211","CN201030295070.7","20161019"
"212","CN201030295054.8","20161019"
"213","CN201030295044.4","20161019"
"214","CN201220470440.X","20141126"
"215","CN201220270420.8","20150218"
"216","CN201220131167.8","20140115"
"217","CN201120187797.2","20130501"
"218","CN201020679531.5","20130320"
"219","CN201020679484.4","20120711"
"220","CN201020510965.2","20130619"
"221","CN201120532216.4","20160210"
"222","CN201220470439.7","20151104"
"223","CN201220447765.6","20161026"
"224","CN201320223384.4","20150708"
"225","CN201020518343.4","20120725"
"226","CN201120102513.5","20131030"
"227","CN201120088548.8","20130612"
"228","CN201320024109.X","20151118"
"229","CN201110041455.4","20160406"
"230","CN201320262331.3","20150401"
"231","CN201220224936.9","20160629"
"232","CN201220226884.9","20160706"
"233","CN201020270766.9","20160921"
"234","CN201420787981.4","20160824"
"235","CN201220333862.2","20150729"
"236","CN201020610626.1","20130320"
"237","CN201220334024.7","20160302"
"238","CN201420059423.6","20160323"
"239","CN201420383349.3","20160323"
"240","CN201120385459.X","20131113"
"241","CN201220333862.2","20150729"
"242","CN201020610626.1","20130320"
"243","CN201220334024.7","20160302"
"244","CN201420059423.6","20160323"
"245","CN201420383349.3","20160323"
"246","CN201120385459.X","20131113"
"247","CN201120217732.8","20130306"
"248","CN201120404457.0","20130424"
"249","CN201120404452.8","20151209"
"250","CN201420550714.5","20160525"
"251","CN201130093099.1","20150617"
"252","CN201130093112.3","20150617"
"253","CN201130347758.X","20151118"
"254","CN201130375439.X","20151209"
"255","CN201230341727.8","20150909"
"256","CN201330250424.X","20150812"
"257","CN200930319920.X","20151209"
"258","CN201030556982.5","20131204"
"259","CN201030584116.7","20151223"
"260","CN201030584117.1","20151223"
"261","CN201030584157.6","20131218"
"262","CN201030584277.6","20151223"
"263","CN201030584278.0","20151223"
"264","CN201030618796.X","20160113"
"265","CN201030618822.9","20160113"
"266","CN201030618837.5","20160113"
"267","CN201030618812.5","20160113"
"268","CN201030618860.4","20160113"
"269","CN201030618869.5","20160113"
"270","CN201030618897.7","20160113"
"271","CN201130093087.9","20160622"
"272","CN201130093105.3","20160622"
"273","CN201330258689.4","20160803"
"274","CN201130448704.2","20160817"
"275","CN201130205955.8","20160817"
"276","CN201130205973.6","20160817"
"277","CN201130205977.4","20160817"
"278","CN201130205982.5","20160817"
"279","CN201130205987.8","20160817"
"280","CN201130205989.7","20160817"
"281","CN201130205997.1","20160817"
"282","CN201130206002.3","20160817"
"283","CN201130206004.2","20160817"
"284","CN201130206006.1","20160817"
"285","CN201130206011.2","20160817"
"286","CN201130206015.0","20160817"
"287","CN201130206016.5","20160817"
"288","CN201130206019.9","20160817"
"289","CN201130206021.6","20160817"
"290","CN201130206022.0","20160817"
"291","CN201130206025.4","20160817"
"292","CN201130206028.8","20160817"
"293","CN201130206001.9","20160817"
"294","CN201130206033.9","20160817"
"295","CN201130206032.4","20160817"
"296","CN201130206030.5","20160817"
"297","CN201230341731.4","20160921"
"298","CN201230341732.9","20160921"
"299","CN201230341734.8","20160921"
"300","CN201230341736.7","20160921"
"301","CN201230341737.1","20160921"
"302","CN201230341744.1","20160921"
"303","CN201230341746.0","20160921"
"304","CN201230341748.X","20160921"
"305","CN201230329295.9","20160907"
"306","CN201430265840.1","20160921"
"307","CN201230394873.7","20161012"
"308","CN201230394882.6","20161012"
"309","CN201130281637.X","20161012"
"310","CN201130281638.4","20161012"
"311","CN201130281639.9","20161012"
"312","CN201130281641.6","20161012"
"313","CN201130281642.0","20161012"
"314","CN201130281643.5","20161012"
"315","CN201130281644.X","20161012"
"316","CN201130281645.4","20161012"
"317","CN201230394861.4","20161012"
"318","CN201230394895.3","20161012"
"319","CN201230394908.7","20161012"
"320","CN201230395077.5","20161012"
"321","CN201230395081.1","20161012"
"322","CN201230395102.X","20161012"
"323","CN201230395103.4","20161012"
"324","CN201230395108.7","20161012"
"325","CN201230395109.1","20161012"
"326","CN201130350615.4","20161116"
"327","CN201130346243.8","20161116"
"328","CN201130346244.2","20161116"
"329","CN201130346245.7","20161116"
"330","CN201130346264.X","20161116"
"331","CN201130346269.2","20161116"
"332","CN201130346743.1","20161116"
"333","CN201130346744.6","20161116"
"334","CN201130346851.9","20161116"
"335","CN201130347771.5","20161116"
"336","CN201130348098.7","20161116"
"337","CN201130348194.1","20161116"
"338","CN201130348756.2","20161116"
"339","CN201130348774.0","20161116"
"340","CN201130349409.1","20161116"
"341","CN201130349846.3","20161116"
"342","CN201120007223.2","20121003"
"343","CN201120130474.X","20130306"
"344","CN201120130391.0","20130403"
"345","CN201120341351.0","20140903"
"346","CN201220517540.3","20140903"
"347","CN201220642731.2","20150429"
"348","CN201220642734.6","20150204"
"349","CN201220168340.1","20141022"
"350","CN201220133343.1","20150930"
"351","CN201320712581.2","20160224"
"352","CN201220067642.X","20131204"
"353","CN201020527187.8","20120425"
"354","CN201320167020.9","20141022"
"355","CN201520066335.3","20160706"
"356","CN201520066334.9","20160831"
"357","CN201420225695.9","20160824"
"358","CN201220263644.6","20140806"
"359","CN201120457073.5","20160413"
"360","CN201020215719.4","20140730"
"361","CN201420690283.2","20160330"
"362","CN201420690775.1","20160330"
"363","CN201420690330.3","20160601"
"364","CN201420624718.3","20160824"
"365","CN201220480985.9","20150408"
"366","CN201220181996.7","20150708"
"367","CN201120133783.2","20130807"
"368","CN201120190820.3","20140924"
"369","CN201120190813.3","20150408"
"370","CN201020113404.9","20120111"
"371","CN201320351707.8","20150826"
"372","CN201320297726.7","20150826"
"373","CN201320353627.6","20150826"
"374","CN201320588438.7","20150930"
"375","CN201320441412.X","20150923"
"376","CN201320549729.5","20151111"
"377","CN201420389272.0","20151223"
"378","CN201320417524.1","20160302"
"379","CN201220064992.0","20160413"
"380","CN201420488685.4","20160713"
"381","CN201420603715.1","20160817"
"382","CN201420604774.0","20160824"
"383","CN201320441412.X","20150923"
"384","CN201320549729.5","20151111"
"385","CN201420389272.0","20151223"
"386","CN201320417524.1","20160302"
"387","CN201220064992.0","20160413"
"388","CN201420488685.4","20160713"
"389","CN201420603715.1","20160817"
"390","CN201420604774.0","20160824"
"391","CN201320156544.8","20141217"
"392","CN201320155731.4","20141217"
"393","CN201320396321.9","20150729"
"394","CN201320307306.2","20150708"
"395","CN201020646453.9","20150408"
"396","CN201320390426.3","20150909"
"397","CN201220180772.4","20151202"
"398","CN201320306735.8","20151125"
"399","CN201320390065.2","20160127"
"400","CN201320547311.0","20151028"
"401","CN201320367952.8","20160330"
"402","CN201320429015.0","20150902"
"403","CN201320464045.5","20160413"
"404","CN200920132313.7","20121010"
"405","CN201320393652.7","20160511"
"406","CN201320697123.6","20160622"
"407","CN201320463514.1","20160706"
"408","CN201320400900.6","20160810"
"409","CN201320400767.4","20160810"
"410","CN201320416313.6","20160810"
"411","CN201320602522.X","20160817"
"412","CN201320393940.2","20160817"
"413","CN201320393945.5","20160817"
"414","CN201320393483.7","20160817"
"415","CN201220278749.9","20160817"
"416","CN201420095799.2","20160817"
"417","CN201320409514.3","20160824"
"418","CN201420385327.0","20160824"
"419","CN201320388060.6","20160817"
"420","CN201320682071.5","20160831"
"421","CN201320459593.9","20160921"
"422","CN201320459920.0","20160921"
"423","CN201320459479.6","20160921"
"424","CN201320503265.4","20160921"
"425","CN201320460088.6","20160921"
"426","CN201320463307.6","20160921"
"427","CN201320463561.6","20160921"
"428","CN201320463662.3","20160921"
"429","CN201320483646.0","20160928"
"430","CN201320463420.4","20160921"
"431","CN201320463540.4","20160921"
"432","CN201320463739.7","20160921"
"433","CN201320463774.9","20160921"
"434","CN201320463884.5","20160921"
"435","CN201320463916.1","20160921"
"436","CN201320464031.3","20160921"
"437","CN201320464073.7","20160921"
"438","CN201420071840.2","20160907"
"439","CN201420399503.6","20160907"
"440","CN201320437443.8","20160907"
"441","CN201320429035.8","20160907"
"442","CN201320499141.3","20161005"
"443","CN201420435884.9","20160928"
"444","CN201320459694.6","20161012"
"445","CN201420495716.9","20161019"
"446","CN201220434682.3","20161019"
"447","CN201320602340.2","20161012"
"448","CN201420552734.6","20161109"
"449","CN201320429035.8","20160907"
"450","CN201320499141.3","20161005"
"451","CN201420435884.9","20160928"
"452","CN201320459694.6","20161012"
"453","CN201420495716.9","20161019"
"454","CN201220434682.3","20161019"
"455","CN201320602340.2","20161012"
"456","CN201420552734.6","20161109"
"457","CN201420303190.X","20160525"
"458","CN201130084403.6","20150603"
"459","CN201130084404.0","20150603"
"460","CN201020637879.8","20150401"
"461","CN201020637876.4","20150325"
"462","CN201320188069.2","20151118"
"463","CN201020275632.6","20140910"
"464","CN201020637897.6","20150121"
"465","CN201020637911.2","20150121"
"466","CN201020615504.1","20141231"
"467","CN201020610973.4","20141231"
"468","CN201020518449.4","20141022"
"469","CN201020545038.4","20141126"
"470","CN201020545057.7","20141126"
"471","CN201020275611.4","20140910"
"472","CN201020592540.0","20141224"
"473","CN201020594705.8","20141231"
"474","CN201020594714.7","20141231"
"475","CN201020592395.6","20141224"
"476","CN201020592434.2","20141224"
"477","CN201020592423.4","20141224"
"478","CN201020592458.8","20141224"
"479","CN201020603444.1","20141231"
"480","CN201020573580.0","20141210"
"481","CN201120042205.8","20150408"
"482","CN201220268764.5","20160803"
"483","CN201120237531.4","20160824"
"484","CN201120237568.7","20160824"
"485","CN201120237523.X","20160824"
"486","CN201120279492.4","20160928"
"487","CN201120279493.9","20160928"
"488","CN201120279494.3","20160928"
"489","CN201120279495.8","20160928"
"490","CN201120504501.5","20160914"
"491","CN201120332095.9","20161026"
"492","CN201120386271.7","20161130"
"493","CN201120279494.3","20160928"
"494","CN201120279495.8","20160928"
"495","CN201120504501.5","20160914"
"496","CN201120332095.9","20161026"
"497","CN201120386271.7","20161130"
"498","CN201120571141.0","20130821"
"499","CN201120398862.6","20130717"
"500","CN201320777335.5","20151209"
"501","CN201320186695.8","20151202"
"502","CN201320488371.X","20160518"
"503","CN201030590368.0","20130102"
"504","CN201030590402.4","20130102"
"505","CN201030590360.4","20130102"
"506","CN201130437443.4","20140115"
"507","CN201130437444.9","20140115"
"508","CN201130437449.1","20140115"
"509","CN201220487830.8","20160106"
"510","CN201030590368.0","20130102"
"511","CN201030590402.4","20130102"
"512","CN201030590360.4","20130102"
"513","CN201130437443.4","20140115"
"514","CN201130437444.9","20140115"
"515","CN201130437449.1","20140115"
"516","CN201220487830.8","20160106"
"517","CN201420399651.8","20160323"
"518","CN201420105159.5","20160817"
"519","CN201320261099.1","20150812"
"520","CN201220626004.7","20160113"
"521","CN201130432761.1","20160113"
"522","CN201130432762.6","20160113"
"523","CN201130432743.3","20160113"
"524","CN201130432744.8","20160113"
"525","CN201130432750.3","20160113"
"526","CN201130405584.8","20151223"
"527","CN201230581320.2","20160106"
"528","CN201230581326.X","20160106"
"529","CN201230581327.4","20160106"
"530","CN201230581328.9","20160106"
"531","CN201230581329.3","20160106"
"532","CN201230581330.6","20160106"
"533","CN201230581341.4","20160106"
"534","CN201230581342.9","20160106"
"535","CN201230581343.3","20160106"
"536","CN201230581344.8","20160106"
"537","CN201230581345.2","20160106"
"538","CN201230581376.8","20160106"
"539","CN201230581378.7","20160106"
"540","CN201230581396.5","20160106"
"541","CN201230581398.4","20160106"
"542","CN201030158658.8","20150617"
"543","CN201030578269.0","20151216"
"544","CN201030578329.9","20151216"
"545","CN201030578370.6","20141217"
"546","CN201030578377.8","20151216"
"547","CN201030578425.3","20141217"
"548","CN201030624607.X","20141231"
"549","CN201130070949.6","20130605"
"550","CN201130070943.9","20130605"
"551","CN201130070944.3","20130605"
"552","CN201130070945.8","20130605"
"553","CN201130070946.2","20130605"
"554","CN201130070948.1","20130605"
"555","CN201130070950.9","20130605"
"556","CN201130070951.3","20150520"
"557","CN201130070954.7","20130605"
"558","CN201130070947.7","20130605"
"559","CN201130070952.8","20130605"
"560","CN201130070953.2","20130605"
"561","CN201130070955.1","20130605"
"562","CN201220276752.7","20140305"
"563","CN201220351145.2","20150506"
"564","CN201220353805.0","20140716"
"565","CN201320354812.7","20150603"
"566","CN201020234788.X","20130417"
"567","CN201120123746.3","20120808"
"568","CN201120160171.2","20131113"
"569","CN201120364871.3","20140108"
"570","CN201120365778.4","20151111"
"571","CN201220501534.9","20151111"
"572","CN201320601425.9","20160525"
"573","CN201220277505.9","20160803"
"574","CN201220264032.9","20160803"
"575","CN201120042284.2","20130306"
"576","CN201220084007.2","20160427"
"577","CN201120046523.1","20160406"
"578","CN201120046541.X","20160406"
"579","CN201120046542.4","20160406"
"580","CN201120046543.9","20160406"
"581","CN201120408766.5","20151209"
"582","CN201120042284.2","20130306"
"583","CN201220084007.2","20160427"
"584","CN201120046523.1","20160406"
"585","CN201120046541.X","20160406"
"586","CN201120046542.4","20160406"
"587","CN201120046543.9","20160406"
"588","CN201120408766.5","20151209"
"589","CN201420158019.4","20160323"
"590","CN201430352411.8","20161109"
"591","CN201420428321.7","20160504"
"592","CN201220024267.0","20141126"
"593","CN201220410834.6","20140618"
"594","CN201020619664.3","20120704"
"595","CN201220233498.2","20140514"
"596","CN201320782068.0","20160120"
"597","CN201420199175.5","20160420"
"598","CN201120288941.1","20151007"
"599","CN201420297496.9","20160817"
"600","CN201220414878.6","20161012"
"601","CN201520018980.8","20160928"
"602","CN201120393804.4","20161130"
"603","CN201220155175.6","20150311"
"604","CN201220023720.6","20141015"
"605","CN201220235865.2","20140514"
"606","CN201320014109.1","20140910"
"607","CN201320029372.8","20150610"
"608","CN201320037842.5","20141105"
"609","CN201320163371.2","20150211"
"610","CN201320013924.6","20140416"
"611","CN201220536635.X","20141105"
"612","CN201220438775.3","20150805"
"613","CN201220422525.0","20141008"
"614","CN201220358287.1","20141022"
"615","CN201220458215.4","20141203"
"616","CN201320398924.2","20150429"
"617","CN201320278689.5","20150610"
"618","CN201320278768.6","20150624"
"619","CN201320274520.2","20150107"
"620","CN201320278317.2","20150408"
"621","CN201320883562.6","20150520"
"622","CN201020544588.4","20120905"
"623","CN201020261859.5","20111207"
"624","CN201020274801.4","20130306"
"625","CN201020541777.6","20120509"
"626","CN201020254149.X","20110907"
"627","CN201020652108.6","20141015"
"628","CN201020627262.8","20130605"
"629","CN201020627217.2","20130828"
"630","CN201220718498.1","20141015"
"631","CN201120160332.8","20131030"
"632","CN201120418330.4","20140423"
"633","CN201120342212.X","20130605"
"634","CN201120275476.8","20140716"
"635","CN201120276083.9","20130410"
"636","CN201120491466.8","20141029"
"637","CN201120527607.7","20140212"
"638","CN201120448470.6","20131030"
"639","CN201320398731.7","20150909"
"640","CN201420126511.3","20150930"
"641","CN201320029400.6","20151028"
"642","CN201420156242.5","20160210"
"643","CN201420156554.6","20160427"
"644","CN201520118934.5","20160504"
"645","CN201420156244.4","20160316"
"646","CN201520061843.2","20160420"
"647","CN201220155176.0","20150527"
"648","CN201420747227.8","20160706"
"649","CN201420570727.9","20160824"
"650","CN201420346687.X","20160907"
"651","CN201420156245.9","20160907"
"652","CN201420720105.X","20161019"
"653","CN201420346716.2","20161012"
"654","CN201320052464.8","20150624"
"655","CN201420553437.3","20160831"
"656","CN201020254450.0","20120718"
"657","CN201120167753.3","20131120"
"658","CN201020254462.3","20140903"
"659","CN201020254473.1","20140903"
"660","CN201029044128.2","20140402"
"661","CN201029044140.3","20140402"
"662","CN201120029647.9","20150325"
"663","CN201120029648.3","20150325"
"664","CN201120029601.7","20150325"
"665","CN201120029602.1","20150325"
"666","CN201120029603.6","20150325"
"667","CN201120029605.5","20150325"
"668","CN201120029611.0","20150325"
"669","CN201120029615.9","20150325"
"670","CN201120029593.6","20150325"
"671","CN201120029595.5","20150325"
"672","CN201120029618.2","20150325"
"673","CN201120029619.7","20150325"
"674","CN201120167735.5","20150708"
"675","CN201120176551.5","20150722"
"676","CN201120336540.9","20151028"
"677","CN201120336537.7","20151028"
"678","CN201120336548.5","20151028"
"679","CN201120336549.X","20151028"
"680","CN201120336550.2","20151028"
"681","CN201120336567.8","20151028"
"682","CN201120336569.7","20151028"
"683","CN201120336547.0","20151028"
"684","CN201120336531.X","20151028"
"685","CN201120336532.4","20151028"
"686","CN201120336533.9","20151028"
"687","CN201120167862.5","20150708"
"688","CN201120167869.7","20150708"
"689","CN201120167870.X","20150708"
"690","CN201120167830.5","20150708"
"691","CN201120336533.9","20151028"
"692","CN201120167862.5","20150708"
"693","CN201120167869.7","20150708"
"694","CN201120167870.X","20150708"
"695","CN201120167830.5","20150708"
"696","CN201130314247.8","20131106"
"697","CN201130314244.4","20131106"
"698","CN201130314252.9","20131106"
"699","CN201130314253.3","20131106"
"700","CN201120122613.4","20130327"
"701","CN201120122866.1","20130306"
"702","CN201430084688.7","20150603"
"703","CN201130165792.5","20150729"
"704","CN201130072857.1","20150527"
"705","CN201130349978.6","20151118"
"706","CN201130364610.7","20151209"
"707","CN201130364630.4","20151209"
"708","CN201130364623.4","20151209"
"709","CN201130373906.5","20151209"
"710","CN201130373889.5","20151209"
"711","CN201130373895.0","20151209"
"712","CN201230451108.4","20151104"
"713","CN200930325465.4","20140101"
"714","CN200930325543.0","20140101"
"715","CN201030302674.X","20140326"
"716","CN201030302832.1","20140326"
"717","CN201030302831.7","20140326"
"718","CN201130072836.X","20150527"
"719","CN201130072838.9","20150527"
"720","CN201130072840.6","20150527"
"721","CN201130072849.7","20150527"
"722","CN201130072856.7","20150527"
"723","CN201130213248.3","20150826"
"724","CN201130207819.2","20150819"
"725","CN201130207842.1","20150819"
"726","CN201130207844.0","20150819"
"727","CN201130207845.5","20150819"
"728","CN201130207851.0","20150819"
"729","CN201130207820.5","20150819"
"730","CN201130035322.7","20150422"
"731","CN201130035278.X","20150422"
"732","CN201130035292.X","20150422"
"733","CN201130035296.8","20150422"
"734","CN201130035318.0","20150422"
"735","CN201130035321.2","20150422"
"736","CN201130041369.4","20160504"
"737","CN201230074542.5","20160511"
"738","CN201230074543.X","20160511"
"739","CN201130072848.2","20160601"
"740","CN201130072850.X","20160601"
"741","CN201130072861.8","20160601"
"742","CN201230461234.8","20161109"
"743","CN201130364618.3","20161130"
"744","CN201130364622.X","20161130"
"745","CN201130364646.5","20161130"
"746","CN201130364649.9","20161130"
"747","CN201420453717.7","20160203"
"748","CN201120053148.3","20160427"
"749","CN201020518205.6","20141029"
"750","CN201120067616.2","20150506"
"751","CN201120067567.2","20150506"
"752","CN201120052662.5","20150422"
"753","CN201120052685.6","20160413"
"754","CN201120052783.X","20150422"
"755","CN201120052273.2","20160413"
"756","CN201120052512.4","20150422"
"757","CN201120052595.7","20150422"
"758","CN201120195819.X","20150729"
"759","CN201120194468.0","20150729"
"760","CN201120194957.6","20160803"
"761","CN201120052662.5","20150422"
"762","CN201120052685.6","20160413"
"763","CN201120052783.X","20150422"
"764","CN201120052273.2","20160413"
"765","CN201120052512.4","20150422"
"766","CN201120052595.7","20150422"
"767","CN201120195819.X","20150729"
"768","CN201120194468.0","20150729"
"769","CN201120194957.6","20160803"
"770","CN201120140278.0","20120725"
"771","CN201230182858.6","20150701"
"772","CN201230182859.0","20150708"
"773","CN201230208871.4","20150722"
"774","CN201230208872.9","20150722"
"775","CN201230208873.3","20150722"
"776","CN201030692155.9","20160210"
"777","CN201230208874.8","20160720"
"778","CN201230208875.2","20160720"
"779","CN201230182858.6","20150701"
"780","CN201230182859.0","20150708"
"781","CN201230208871.4","20150722"
"782","CN201230208872.9","20150722"
"783","CN201230208873.3","20150722"
"784","CN201030692155.9","20160210"
"785","CN201230208874.8","20160720"
"786","CN201230208875.2","20160720"
"787","CN201210045541.7","20150408"
"788","CN201210516117.6","20160120"
"789","CN201210320407.3","20161026"
"790","CN201130267910.3","20131002"
"791","CN201130267921.1","20131002"
"792","CN201130267922.6","20131002"
"793","CN201130267923.0","20131002"
"794","CN201130267924.5","20131002"
"795","CN201130267925.X","20131002"
"796","CN201130267935.3","20131002"
"797","CN201130267983.2","20131002"
"798","CN201130267984.7","20131002"
"799","CN201130267985.1","20131002"
"800","CN201130268003.0","20131002"
"801","CN201130268004.5","20131002"
"802","CN201130268005.X","20131002"
"803","CN201130267983.2","20131002"
"804","CN201130267984.7","20131002"
"805","CN201130267985.1","20131002"
"806","CN201130268003.0","20131002"
"807","CN201130268004.5","20131002"
"808","CN201130268005.X","20131002"
"809","CN201120494723.3","20150121"
"810","CN201120425411.7","20140115"
"811","CN201120497962.4","20140312"
"812","CN201320851843.3","20160210"
"813","CN201320861456.8","20160224"
"814","CN201020102974.8","20150408"
"815","CN201220536171.2","20141210"
"816","CN201120038088.8","20130306"
"817","CN201220509801.7","20160120"
"818","CN201320107742.5","20150513"
"819","CN201220313029.1","20140709"
"820","CN201220481438.2","20140917"
"821","CN201020661915.4","20120718"
"822","CN201020661925.8","20130320"
"823","CN201020661941.7","20120829"
"824","CN201120229693.3","20130904"
"825","CN201120229702.9","20130731"
"826","CN201120224367.3","20140122"
"827","CN201120224366.9","20160817"
"828","CN201120224346.1","20160817"
"829","CN201220314414.8","20160817"
"830","CN201220314526.3","20160817"
"831","CN201220314933.4","20160817"
"832","CN201120229040.5","20160817"
"833","CN201120222039.X","20160817"
"834","CN201120222027.7","20160817"
"835","CN201220312971.6","20160817"
"836","CN201220312820.0","20160817"
"837","CN201220312889.3","20160817"
"838","CN201220313028.7","20160817"
"839","CN201420735146.6","20160824"
"840","CN201220481436.3","20161109"
"841","CN201230637896.6","20160210"
"842","CN201230636769.4","20160210"
"843","CN201230351512.4","20160921"
"844","CN201230351115.7","20160921"
"845","CN201230310904.6","20160907"
"846","CN201230311036.3","20160907"
"847","CN201230311037.8","20160907"
"848","CN201230311092.7","20160907"
"849","CN201230637896.6","20160210"
"850","CN201230636769.4","20160210"
"851","CN201230351512.4","20160921"
"852","CN201230351115.7","20160921"
"853","CN201230310904.6","20160907"
"854","CN201230311036.3","20160907"
"855","CN201230311037.8","20160907"
"856","CN201230311092.7","20160907"
"857","CN201220196410.4","20150624"
"858","CN201030175105.3","20140709"
"859","CN201430246777.7","20160907"
"860","CN201430246780.9","20160907"
"861","CN201430247072.7","20160907"
"862","CN201030229930.7","20140813"
"863","CN201030229938.3","20140813"
"864","CN201030229944.9","20140813"
"865","CN201130043186.6","20160511"
"866","CN201130043187.0","20160511"
"867","CN201130146054.6","20160720"
"868","CN201130146055.0","20160720"
"869","CN201130146126.7","20160720"
"870","CN201130146127.1","20160720"
"871","CN201130146128.6","20160720"
"872","CN201130146129.0","20160720"
"873","CN201130146130.3","20160720"
"874","CN201130146131.8","20160720"
"875","CN201120176456.5","20130424"
"876","CN201030507021.5","20151028"
"877","CN201030507024.9","20151028"
"878","CN201030507033.8","20151028"
"879","CN201030507034.2","20151028"
"880","CN201030507036.1","20151028"
"881","CN201320434169.9","20150617"
"882","CN201220574103.5","20141217"
"883","CN201320359804.1","20150812"
"884","CN201320360012.6","20150812"
"885","CN201320371205.1","20150812"
"886","CN201020237687.8","20140813"
"887","CN201020169709.1","20150610"
"888","CN201020690214.3","20150218"
"889","CN201020687893.9","20150218"
"890","CN201020687939.7","20150218"
"891","CN201020544994.0","20151111"
"892","CN201020544983.2","20151111"
"893","CN201120023682.X","20140326"
"894","CN201220353573.9","20150902"
"895","CN201220353574.3","20150902"
"896","CN201220353587.0","20150902"
"897","CN201220353515.6","20150902"
"898","CN201220353491.4","20150902"
"899","CN201320726187.4","20160622"
"900","CN201010299965.7","20161123"
"901","CN201010299969.5","20161123"
"902","CN201030543435.3","20141203"
"903","CN201030543450.8","20141203"
"904","CN201030543466.9","20141203"
"905","CN201030604621.3","20151223"
"906","CN201130358539.1","20141203"
"907","CN201130358540.4","20141203"
"908","CN201130358543.8","20141203"
"909","CN201130358545.7","20141203"
"910","CN201130358546.1","20141203"
"911","CN201130358550.8","20141203"
"912","CN201130358547.6","20161130"
"913","CN201130358548.0","20161130"
"914","CN201130358551.2","20161130"
"915","CN201130358552.7","20161130"
"916","CN201030543431.5","20161123"
"917","CN201030543390.X","20161123"
"918","CN201220159036.0","20130821"
"919","CN201420152466.9","20151223"
"920","CN201120371645.8","20141126"
"921","CN201120371639.2","20151111"
"922","CN201120371654.7","20141126"
"923","CN201120364799.4","20141126"
"924","CN201220456436.8","20151104"
"925","CN201220456438.7","20151104"
"926","CN201220456378.9","20151104"
"927","CN201220456379.3","20151104"
"928","CN201420304466.6","20160316"
"929","CN201320144699.X","20150513"
"930","CN201320144717.4","20150513"
"931","CN201320145656.3","20150513"
"932","CN201320146981.1","20150513"
"933","CN201320147078.7","20150520"
"934","CN201020555073.4","20151202"
"935","CN201020552769.1","20141203"
"936","CN201020552742.2","20141203"
"937","CN201020552721.0","20141203"
"938","CN201020552694.7","20151202"
"939","CN201020608928.5","20141231"
"940","CN201020609052.6","20141231"
"941","CN201020609053.0","20141231"
"942","CN201020609057.9","20141231"
"943","CN201020609065.3","20141231"
"944","CN201020609071.9","20160106"
"945","CN201020586833.8","20141217"
"946","CN201220467083.1","20151104"
"947","CN201220456440.4","20151104"
"948","CN201220467471.X","20151104"
"949","CN201120375491.X","20141126"
"950","CN201120375760.2","20141126"
"951","CN201120369643.5","20141126"
"952","CN201220303752.1","20150812"
"953","CN201320147091.2","20160518"
"954","CN201320394423.7","20160817"
"955","CN201320419604.0","20160907"
"956","CN201120257450.0","20160907"
"957","CN201320428524.1","20160907"
"958","CN201320420194.1","20160907"
"959","CN201320467992.X","20160928"
"960","CN201220456496.X","20161109"
"961","CN201120375042.5","20161116"
"962","CN201020552756.4","20161123"
"963","CN201120375892.5","20161116"
"964","CN201120375769.3","20161116"
"965","CN201320300154.3","20160713"
"966","CN201320573672.2","20160817"
"967","CN201320822736.8","20160817"
"968","CN201320616697.6","20160831"
"969","CN201320575379.X","20160907"
