,地^,Ze,年代,1月,Unnamed: 4,2月,Unnamed: 6,3月,Unnamed: 8,4月,Unnamed: 10,5月,Unnamed: 12,6月,Unnamed: 14,7月,Unnamed: 16,8月,Unnamed: 18,9月,Unnamed: 20,10月,Unnamed: 22,11月,Unnamed: 24,12月,Unnamed: 26
0,,,,低r,高r,低r,高r,低r,高r,低r,高r,低r,高r,低r,高r,低r,高r,低r,高r,低r,高r,低r,高r,低r,高r,低r,高r
1,忻[直?州],粟米、小米、b米、粟b米,1736.0,,,,,,,177,200,174,200,172,193,171,190,170,188,153,170,135,152,130,135,130,134
2,忻[直?州],粟米、小米、b米、粟b米,1737.0,130,134,130,134,,,130,135,132,154,149,156,141,144,145,160,,,,,,,170,170
3,忻[直?州],粟米、小米、b米、粟b米,1738.0,166,174,164,187,170,200,,,,,170,190,170,190,,,,,,,,,,
4,忻[直?州],粟米、小米、b米、粟b米,1739.0,,,,,,,,,,,150,158,,,170,188,161,190,160,179,160,165,135,165
5,忻[直?州],粟米、小米、b米、粟b米,1740.0,150,166,153,174,180,190,182,193,190,206,190,206,188,206,183,206,172,191,144,160,134,160,134,162
6,忻[直?州],粟米、小米、b米、粟b米,1741.0,146,172,164,180,170,185,170,190,170,190,,,150,172,150,171,140,170,134,163,133,160,133,160
7,忻[直?州],粟米、小米、b米、粟b米,1742.0,128,152,126,136,132,140,135,139,135,142,136,141,130,141,120,132,112,124,102,114,100,104,100,105
8,忻[直?州],粟米、小米、b米、粟b米,1743.0,101,107,107,114,108,117,111,125,123,140,132,133,,,130,163,130,163,,,120,134,124,137
9,忻[直?州],粟米、小米、b米、粟b米,1744.0,127,137,129,138,131,140,133,140,137,143,140,145,140,146,129,141,108,123,,,103,110,100,115
10,忻[直?州],粟米、小米、b米、粟b米,1745.0,100,115,100,115,106,115,107,115,107,115,115,128,126,158,181,198,164,188,173,188,178,188,178,188
11,忻[直?州],粟米、小米、b米、粟b米,1746.0,178,188,180,188,178,188,175,186,173,178,161,168,149,160,147,158,133,152,116,134,110,120,110,120
12,忻[直?州],粟米、小米、b米、粟b米,1747.0,115,123,123,130,133,141,137,146,136,145,138,145,,,124,140,114,131,113,118,117,124,120,131
13,忻[直?州],粟米、小米、b米、粟b米,1748.0,124,136,130,145,130,146,130,146,130,146,,,132,145,138,150,,,125,142,125,143,130,145
14,忻[直?州],粟米、小米、b米、粟b米,1749.0,137,147,137,151,137,150,137,148,134,148,132,148,132,148,129,148,124,146,122,144,122,145,122,145
15,忻[直?州],粟米、小米、b米、粟b米,1750.0,130,145,138,145,140,150,140,152,144,152,147,168,144,170,154,170,156,170,145,170,145,170,143,170
16,忻[直?州],粟米、小米、b米、粟b米,1751.0,,,143,170,143,170,143,170,143,170,143,170,143,170,143,170,,,,,138,156,138,156
17,忻[直?州],粟米、小米、b米、粟b米,1752.0,138,154,141,151,143,150,143,149,135,149,130,149,130,149,130,149,133,149,132,149,136,148,137,148
18,忻[直?州],粟米、小米、b米、粟b米,1753.0,137,148,137,148,137,148,137,148,137,161,137,162,137,162,137,164,137,179,136,178,131,172,127,172
19,忻[直?州],粟米、小米、b米、粟b米,1754.0,127,172,127,172,127,172,127,172,129,175,132,181,132,181,132,181,132,181,126,170,123,170,120,170
20,忻[直?州],粟米、小米、b米、粟b米,1755.0,120,170,120,170,138,170,150,170,150,170,150,170,156,170,158,170,158,170,166,191,,,190,220
21,忻[直?州],粟米、小米、b米、粟b米,1756.0,200,220,210,220,199,235,184,240,184,245,184,245,184,245,184,245,182,240,168,213,150,179,150,179
22,忻[直?州],粟米、小米、b米、粟b米,1757.0,150,178,150,177,157,177,168,177,168,176,168,176,168,179,168,179,168,179,178,179,178,192,178,214
23,忻[直?州],粟米、小米、b米、粟b米,1758.0,180,220,181,220,181,220,183,224,183,249,181,265,181,363,181,287,181,277,179,248,179,232,179,232
24,忻[直?州],粟米、小米、b米、粟b米,1759.0,179,232,179,232,179,231,179,228,186,242,220,272,267,313,262,346,290,335,296,311,306,322,309,335
25,忻[直?州],粟米、小米、b米、粟b米,1760.0,322,355,340,364,353,375,354,385,341,390,323,390,306,390,300,380,300,363,294,347,292,325,285,304
26,忻[直?州],粟米、小米、b米、粟b米,1761.0,266,281,,,248,277,226,277,223,277,223,277,204,276,201,259,182,245,170,240,189,230,196,229
27,忻[直?州],粟米、小米、b米、粟b米,1762.0,180,220,180,208,180,206,180,200,180,200,,,180,200,180,200,,,180,190,180,190,180,190
28,忻[直?州],粟米、小米、b米、粟b米,1763.0,180,190,180,190,180,190,174,197,173,208,175,212,175,209,175,207,183,215,185,217,181,201,180,199
29,忻[直?州],粟米、小米、b米、粟b米,1764.0,180,199,180,199,180,199,180,202,180,202,180,202,,,,,,,165,195,,,165,195
30,忻[直?州],粟米、小米、b米、粟b米,1765.0,165,195,165,195,167,195,170,201,170,211,170,211,170,211,170,211,170,211,170,208,170,205,170,205
31,忻[直?州],粟米、小米、b米、粟b米,1766.0,170,205,170,205,170,205,170,205,170,211,170,213,170,213,159,205,157,203,157,203,142,167,127,156
32,忻[直?州],粟米、小米、b米、粟b米,1767.0,127,151,127,151,130,151,130,156,130,157,130,161,130,161,127,161,120,161,117,160,107,149,100,132
33,忻[直?州],粟米、小米、b米、粟b米,1768.0,100,126,100,126,100,126,100,126,100,126,103,129,105,131,108,131,110,131,110,124,110,121,110,136
34,忻[直?州],粟米、小米、b米、粟b米,1769.0,115,156,130,164,133,170,133,171,133,171,133,171,133,171,134,171,154,171,171,175,171,176,175,185
35,忻[直?州],粟米、小米、b米、粟b米,1770.0,175,185,176,185,180,185,175,185,176,185,178,185,178,185,178,187,178,190,175,185,162,174,148,170
36,忻[直?州],粟米、小米、b米、粟b米,1771.0,143,170,143,170,143,170,148,170,159,173,163,175,163,175,163,175,163,171,149,162,145,160,,
37,忻[直?州],粟米、小米、b米、粟b米,1772.0,145,160,145,160,145,160,145,160,145,160,145,160,145,160,145,160,145,160,144,157,140,142,140,142
38,忻[直?州],粟米、小米、b米、粟b米,1773.0,140,142,140,142,140,142,140,142,140,142,140,142,140,142,140,142,140,142,136,141,132,141,129,141
39,忻[直?州],粟米、小米、b米、粟b米,1774.0,127,141,127,141,127,141,127,143,127,144,127,146,127,149,127,150,127,150,127,150,125,150,125,150
40,忻[直?州],粟米、小米、b米、粟b米,1775.0,125,150,125,150,125,150,125,155,135,155,135,155,135,155,135,155,135,155,135,154,135,149,135,145
41,忻[直?州],粟米、小米、b米、粟b米,1776.0,131,144,123,141,126,137,135,140,136,140,137,140,137,140,137,140,137,140,137,140,136,140,135,140
42,忻[直?州],粟米、小米、b米、粟b米,1777.0,135,140,134,138,134,137,136,142,137,147,137,148,140,157,140,158,142,177,142,178,142,173,142,173
43,忻[直?州],粟米、小米、b米、粟b米,1778.0,143,173,143,174,143,183,,,143,183,143,183,143,183,143,183,143,183,143,179,143,170,141,166
44,忻[直?州],粟米、小米、b米、粟b米,1779.0,138,166,140,169,151,175,170,181,178,183,179,184,181,186,182,187,182,187,171,182,158,179,155,175
45,忻[直?州],粟米、小米、b米、粟b米,1780.0,155,174,155,174,155,174,,,160,174,165,195,165,197,165,197,165,196,163,185,160,170,158,167
46,忻[直?州],粟米、小米、b米、粟b米,1781.0,158,167,158,167,158,167,159,175,159,175,159,175,157,175,158,175,158,175,156,175,155,175,155,175
47,忻[直?州],粟米、小米、b米、粟b米,1782.0,155,166,155,160,155,160,155,160,155,160,155,160,155,160,155,160,163,166,165,167,165,167,165,167
48,忻[直?州],粟米、小米、b米、粟b米,1783.0,165,167,165,167,163,167,160,167,,,160,167,160,167,160,167,160,167,,,158,167,160,173
49,忻[直?州],粟米、小米、b米、粟b米,1784.0,167,192,169,195,173,195,173,195,173,195,173,191,173,186,174,191,175,189,175,185,165,180,165,180
50,忻[直?州],粟米、小米、b米、粟b米,1785.0,165,180,165,180,165,180,172,190,175,193,175,193,175,185,175,183,175,183,175,183,175,183,175,183
51,忻[直?州],粟米、小米、b米、粟b米,1786.0,175,183,175,183,175,183,175,183,175,183,,,175,183,,,175,183,175,183,175,183,175,183
52,忻[直?州],粟米、小米、b米、粟b米,1787.0,175,183,175,183,175,183,175,183,175,183,175,183,175,183,175,183,175,183,175,183,175,183,175,183
53,忻[直?州],粟米、小米、b米、粟b米,1788.0,175,183,168,183,166,183,166,183,166,183,166,183,166,183,,,,,160,170,160,170,160,170
54,忻[直?州],粟米、小米、b米、粟b米,1789.0,158,170,157,170,157,170,157,170,157,170,,,,,157,170,157,169,157,167,,,,
55,忻[直?州],粟米、小米、b米、粟b米,1790.0,157,166,157,166,157,166,157,166,157,166,,,157,166,157,166,157,166,157,166,157,165,157,166
56,忻[直?州],粟米、小米、b米、粟b米,1791.0,157,166,,,,,,,,,,,,,,,,,,,,,,
57,忻[直?州],粟米、小米、b米、粟b米,1792.0,,,,,162,170,,,162,170,162,170,162,170,162,170,,,,,162,166,162,166
58,忻[直?州],粟米、小米、b米、粟b米,1793.0,162,170,162,167,162,168,162,169,162,176,162,176,,,,,,,,,,,154,169
59,忻[直?州],粟米、小米、b米、粟b米,1794.0,154,169,,,,,,,,,,,,,154,181,,,153,176,152,176,152,164
60,忻[直?州],粟米、小米、b米、粟b米,1795.0,152,164,152,165,154,169,157,170,157,170,157,170,,,,,157,170,157,168,157,167,157,165
61,忻[直?州],粟米、小米、b米、粟b米,1796.0,157,163,157,162,157,164,157,165,157,165,157,165,157,165,157,165,157,165,157,165,153,156,149,156
62,忻[直?州],粟米、小米、b米、粟b米,1797.0,149,154,149,156,143,155,141,155,141,157,141,157,141,157,,,141,153,141,153,139,152,139,152
63,忻[直?州],粟米、小米、b米、粟b米,1798.0,139,152,139,152,139,153,144,152,148,152,148,152,144,148,142,146,142,145,141,144,,,135,142
64,忻[直?州],粟米、小米、b米、粟b米,1799.0,135,142,135,144,135,143,135,142,135,142,135,142,135,142,135,142,,,133,142,126,140,126,140
65,忻[直?州],粟米、小米、b米、粟b米,1800.0,,,,,126,140,126,140,126,141,126,142,126,146,126,148,126,150,126,150,125,150,124,150
66,忻[直?州],粟米、小米、b米、粟b米,1801.0,123,150,123,148,123,147,124,147,124,147,125,147,125,149,,,130,167,130,169,131,170,131,172
67,忻[直?州],粟米、小米、b米、粟b米,1802.0,131,175,144,175,145,187,147,188,147,173,147,172,145,172,145,173,145,180,145,179,145,172,,
68,忻[直?州],粟米、小米、b米、粟b米,1803.0,140,172,140,172,140,172,140,172,140,172,140,172,140,172,141,171,143,168,141,167,137,167,135,162
69,忻[直?州],粟米、小米、b米、粟b米,1804.0,135,155,134,145,135,141,135,143,,,135,145,,,,,140,150,144,155,146,158,148,158
70,忻[直?州],粟米、小米、b米、粟b米,1805.0,148,158,148,155,148,155,148,155,148,155,,,148,155,,,,,,,,,,
71,忻[直?州],粟米、小米、b米、粟b米,1806.0,,,148,186,149,186,152,186,154,186,,,,,,,,,,,,,,
72,忻[直?州],粟米、小米、b米、粟b米,1807.0,,,181,234,,,197,250,,,,,,,,,,,,,,,197,245
73,忻[直?州],粟米、小米、b米、粟b米,1808.0,,,,,,,,,,,202,257,,,202,257,202,257,202,257,202,246,202,246
74,忻[直?州],粟米、小米、b米、粟b米,1809.0,202,246,202,246,202,246,202,246,202,246,202,251,202,251,202,251,202,251,202,251,202,251,202,251
75,忻[直?州],粟米、小米、b米、粟b米,1810.0,202,251,202,251,205,251,192,246,181,246,189,246,190,246,207,246,202,246,,,214,229,199,229
76,忻[直?州],粟米、小米、b米、粟b米,1811.0,194,229,191,229,181,229,184,230,191,234,198,234,198,234,198,234,198,234,198,234,198,234,198,234
77,忻[直?州],粟米、小米、b米、粟b米,1812.0,198,234,198,234,202,234,205,234,205,234,205,234,205,234,205,234,212,234,213,234,208,234,208,234
78,忻[直?州],粟米、小米、b米、粟b米,1813.0,208,244,208,245,208,238,208,238,208,238,208,240,208,241,208,241,208,241,204,241,191,241,191,241
79,忻[直?州],粟米、小米、b米、粟b米,1814.0,191,242,191,242,191,242,191,242,193,242,196,244,196,246,196,246,196,245,196,244,196,244,196,247
80,忻[直?州],粟米、小米、b米、粟b米,1816.0,153,235,153,235,153,235,153,235,153,235,153,227,153,228,153,230,153,230,151,230,148,230,148,230
81,忻[直?州],粟米、小米、b米、粟b米,1817.0,148,230,148,230,148,230,148,230,148,225,148,225,148,225,148,225,155,225,158,225,158,225,158,225
82,忻[直?州],粟米、小米、b米、粟b米,1818.0,,,,,,,,,,,,,,,189,213,,,189,227,184,223,,
83,忻[直?州],粟米、小米、b米、粟b米,1819.0,,,,,175,208,177,208,177,208,177,208,177,208,177,208,177,208,177,208,176,201,174,191
84,忻[直?州],粟米、小米、b米、粟b米,1820.0,176,193,177,195,177,195,177,195,177,195,179,197,180,198,180,198,180,198,176,196,171,192,170,191
85,忻[直?州],粟米、小米、b米、粟b米,1821.0,170,191,,,,,,,,,,,,,,,,,,,,,,
86,忻[直?州],粟米、小米、b米、粟b米,1825.0,,,,,,,173,179,173,179,,,,,,,,,,,,,,
87,忻[直?州],粟米、小米、b米、粟b米,1826.0,,,,,,,,,,,,,,,,,,,176,189,176,189,176,189
88,忻[直?州],粟米、小米、b米、粟b米,1827.0,176,189,176,189,176,189,176,189,176,189,176,189,176,189,176,191,176,194,176,194,176,194,174,194
89,忻[直?州],粟米、小米、b米、粟b米,1828.0,172,194,172,184,172,184,172,178,169,174,160,174,156,173,142,172,,,,,,,,
90,忻[直?州],粟米、小米、b米、粟b米,1829.0,126,172,121,172,116,172,112,172,112,172,112,172,112,172,112,172,112,172,112,172,112,170,111,168
91,忻[直?州],粟米、小米、b米、粟b米,1830.0,106,168,106,168,106,168,106,168,106,168,106,168,106,168,106,168,106,168,106,168,106,159,106,152
92,忻[直?州],粟米、小米、b米、粟b米,1831.0,103,140,101,132,101,132,101,132,103,132,106,132,107,136,107,137,105,137,102,152,100,155,100,155
93,忻[直?州],粟米、小米、b米、粟b米,1832.0,100,155,100,155,100,155,100,155,100,155,100,156,100,161,100,168,100,180,100,185,100,204,100,210
94,忻[直?州],粟米、小米、b米、粟b米,1833.0,100,200,101,200,109,200,131,203,147,208,147,208,147,208,147,208,147,208,147,205,146,201,144,200
95,忻[直?州],粟米、小米、b米、粟b米,1834.0,143,200,136,200,133,200,131,200,130,204,130,206,130,206,130,206,130,206,130,206,,,,
96,忻[直?州],粟米、小米、b米、粟b米,1835.0,130,195,130,195,130,195,130,195,130,195,130,195,128,195,123,195,134,195,155,197,179,200,185,200
97,忻[直?州],粟米、小米、b米、粟b米,1836.0,185,200,185,200,185,202,185,205,200,205,200,205,177,205,152,211,142,222,140,225,134,225,138,225
98,忻[直?州],粟米、小米、b米、粟b米,1837.0,140,225,140,225,140,233,166,235,170,235,178,235,179,235,179,235,179,235,179,235,179,235,182,233
99,忻[直?州],粟米、小米、b米、粟b米,1838.0,199,225,192,225,160,225,160,225,160,225,160,225,160,225,160,225,160,225,160,216,160,203,160,200
100,忻[直?州],粟米、小米、b米、粟b米,1839.0,160,200,160,200,160,200,160,200,160,200,160,200,160,201,160,201,,,160,201,160,201,160,201
101,忻[直?州],粟米、小米、b米、粟b米,1840.0,160,201,160,201,160,201,160,210,160,210,160,210,160,210,160,210,160,210,160,206,159,190,155,181
102,忻[直?州],粟米、小米、b米、粟b米,1841.0,155,181,155,181,155,181,155,182,155,185,155,185,155,185,155,185,155,185,155,185,155,183,155,181
103,忻[直?州],粟米、小米、b米、粟b米,1842.0,155,180,155,180,152,180,147,180,145,180,145,180,145,180,145,180,145,180,144,180,142,177,142,177
104,忻[直?州],粟米、小米、b米、粟b米,1843.0,142,177,142,177,142,177,142,177,142,177,142,177,142,177,142,177,142,177,142,177,142,177,142,175
105,忻[直?州],粟米、小米、b米、粟b米,1844.0,142,171,142,171,145,171,150,171,155,171,160,171,160,171,160,171,154,171,150,171,136,171,123,164
106,忻[直?州],粟米、小米、b米、粟b米,1845.0,120,161,120,161,120,161,120,161,120,161,120,161,120,170,120,171,120,171,120,171,120,161,120,158
107,忻[直?州],粟米、小米、b米、粟b米,1846.0,120,158,120,158,120,158,120,160,120,160,120,160,122,162,127,162,127,162,127,156,127,145,127,142
108,忻[直?州],粟米、小米、b米、粟b米,1847.0,127,142,127,142,127,142,127,146,127,150,127,150,127,150,127,150,127,150,127,150,127,150,127,150
109,忻[直?州],粟米、小米、b米、粟b米,1848.0,125,150,125,146,125,145,125,145,125,145,125,145,125,140,125,140,125,140,123,140,108,137,96,137
110,忻[直?州],粟米、小米、b米、粟b米,1849.0,,,100,111,100,111,95,111,83,111,,,,,,,,,90,106,88,106,85,106
111,忻[直?州],粟米、小米、b米、粟b米,1850.0,84,106,84,106,84,106,84,109,85,111,88,111,89,111,89,111,89,111,89,111,85,109,85,109
112,忻[直?州],粟米、小米、b米、粟b米,1851.0,85,109,85,109,85,109,85,109,85,109,85,109,85,113,85,113,85,113,84,113,80,111,80,106
113,忻[直?州],粟米、小米、b米、粟b米,1852.0,80,106,80,106,80,106,80,106,82,106,83,106,80,106,80,106,80,106,80,106,80,106,80,106
114,忻[直?州],粟米、小米、b米、粟b米,1853.0,80,106,80,106,80,106,80,106,80,106,80,106,80,106,80,106,80,106,80,91,66,90,65,79
115,忻[直?州],粟米、小米、b米、粟b米,1854.0,53,62,35,53,35,50,35,48,35,48,34,48,31,48,31,48,31,48,31,47,31,45,31,45
116,忻[直?州],粟米、小米、b米、粟b米,1855.0,31,45,31,45,31,46,43,56,58,66,60,66,60,66,60,66,60,66,60,66,60,66,60,66
117,忻[直?州],粟米、小米、b米、粟b米,1856.0,60,66,60,66,60,66,60,66,60,66,60,66,60,66,60,66,60,66,60,66,,,60,101
118,忻[直?州],粟米、小米、b米、粟b米,1857.0,,,,,,,62,103,70,111,,,,,100,166,100,166,100,166,100,166,,
119,忻[直?州],粟米、小米、b米、粟b米,1858.0,100,166,100,161,100,156,108,156,116,156,126,166,130,181,130,182,130,164,130,157,130,156,,
120,忻[直?州],粟米、小米、b米、粟b米,1859.0,130,156,130,148,,,130,147,130,147,130,157,130,157,130,157,130,157,,,130,157,130,157
121,忻[直?州],粟米、小米、b米、粟b米,1860.0,130,157,,,130,157,130,157,132,157,139,157,144,157,144,157,123,167,123,167,123,167,123,167
122,忻[直?州],粟米、小米、b米、粟b米,1861.0,143,181,143,181,143,181,146,181,148,181,148,196,148,205,148,206,148,206,148,206,148,197,143,187
123,忻[直?州],粟米、小米、b米、粟b米,1862.0,,,140,182,135,182,132,182,130,187,130,187,130,187,130,187,130,187,130,186,130,182,130,182
124,忻[直?州],粟米、小米、b米、粟b米,1863.0,130,178,130,172,130,172,130,172,130,172,130,172,117,172,111,172,101,166,95,156,92,152,91,138
125,忻[直?州],粟米、小米、b米、粟b米,1864.0,91,132,69,119,61,109,61,107,61,94,61,92,61,92,61,92,61,92,65,92,65,95,65,133
126,忻[直?州],粟米、小米、b米、粟b米,1865.0,,,65,142,65,131,65,121,65,113,65,113,66,116,72,123,82,123,82,127,82,133,82,133
127,忻[直?州],粟米、小米、b米、粟b米,1866.0,82,138,82,148,82,148,82,129,82,110,82,105,82,105,82,105,82,105,82,105,82,105,82,105
128,忻[直?州],粟米、小米、b米、粟b米,1867.0,82,105,82,105,82,105,91,105,99,105,100,105,102,116,102,116,102,116,102,116,100,116,90,117
129,忻[直?州],粟米、小米、b米、粟b米,1868.0,90,131,90,161,,,90,161,90,161,90,161,90,161,85,161,80,161,80,161,80,155,74,131
130,忻[直?州],粟米、小米、b米、粟b米,1869.0,70,118,64,100,55,90,52,90,52,90,52,108,52,137,52,145,52,145,52,145,55,145,57,145
131,忻[直?州],粟米、小米、b米、粟b米,1870.0,57,145,57,145,57,145,67,145,94,163,100,208,100,160,100,160,100,160,100,160,100,157,100,150
132,忻[直?州],粟米、小米、b米、粟b米,1871.0,100,133,95,102,83,102,80,100,80,100,80,100,80,100,80,100,80,99,80,100,80,108,80,114
133,忻[直?州],粟米、小米、b米、粟b米,1872.0,80,114,80,114,80,114,80,102,80,98,80,98,80,99,80,99,80,99,80,99,80,96,80,96
134,忻[直?州],粟米、小米、b米、粟b米,1873.0,80,96,80,96,79,96,75,96,76,99,79,100,75,100,75,100,75,100,75,100,75,99,75,99
135,忻[直?州],粟米、小米、b米、粟b米,1874.0,75,99,75,99,75,99,75,99,80,99,80,99,80,99,80,99,80,99,73,99,70,99,70,97
136,忻[直?州],粟米、小米、b米、粟b米,1875.0,70,96,70,96,70,96,70,98,70,104,70,109,70,109,70,122,81,121,96,120,90,199,90,109
137,忻[直?州],粟米、小米、b米、粟b米,1876.0,,,,,,,72,107,71,107,71,107,71,107,71,107,71,107,71,107,71,107,74,117
138,忻[直?州],粟米、小米、b米、粟b米,1877.0,80,162,83,187,83,187,81,187,80,187,80,187,84,187,88,215,183,373,207,410,207,416,207,441
139,忻[直?州],粟米、小米、b米、粟b米,1878.0,207,496,207,500,207,551,207,556,207,556,207,583,207,583,207,583,207,578,205,556,190,551,175,524
140,忻[直?州],粟米、小米、b米、粟b米,1879.0,175,486,175,444,175,410,175,403,175,384,175,377,178,344,178,277,141,251,110,251,110,245,110,220
141,忻[直?州],粟米、小米、b米、粟b米,1880.0,110,200,110,196,110,196,110,196,110,196,110,196,110,196,110,196,110,215,110,218,110,219,111,219
142,忻[直?州],粟米、小米、b米、粟b米,1881.0,150,219,150,219,150,219,150,219,150,220,150,220,150,219,150,218,150,228,150,227,150,214,151,187
143,忻[直?州],粟米、小米、b米、粟b米,1882.0,147,187,138,187,128,187,118,187,113,190,114,195,114,197,114,198,114,202,114,205,114,194,114,189
144,忻[直?州],粟米、小米、b米、粟b米,1883.0,114,189,114,189,114,162,114,152,114,153,114,154,114,154,114,156,114,156,114,156,109,150,108,144
145,忻[直?州],粟米、小米、b米、粟b米,1884.0,99,139,98,139,94,139,94,139,94,139,94,139,96,140,100,140,100,139,100,136,102,133,105,133
146,忻[直?州],粟米、小米、b米、粟b米,1885.0,102,133,96,133,91,135,98,138,105,138,105,138,105,138,105,138,105,138,105,134,105,133,105,133
147,忻[直?州],粟米、小米、b米、粟b米,1886.0,105,133,105,133,105,133,105,133,105,133,105,123,96,117,96,117,96,117,97,117,105,117,105,117
148,忻[直?州],粟米、小米、b米、粟b米,1887.0,105,117,105,117,105,117,105,117,105,117,105,117,105,117,105,117,105,117,107,119,110,122,110,122
149,忻[直?州],粟米、小米、b米、粟b米,1888.0,110,122,,,,,,,,,,,,,,,,,,,,,115,144
150,忻[直?州],粟米、小米、b米、粟b米,1889.0,110,144,110,140,110,140,110,140,110,140,110,140,111,140,115,140,114,140,106,137,92,127,84,114
151,忻[直?州],粟米、小米、b米、粟b米,1890.0,84,122,84,128,84,138,84,158,84,177,84,180,89,180,94,180,94,182,94,182,94,180,93,180
152,忻[直?州],粟米、小米、b米、粟b米,1891.0,92,180,91,180,,,94,163,94,143,94,125,94,104,91,100,94,125,103,148,85,149,84,149
153,忻[直?州],粟米、小米、b米、粟b米,1892.0,84,149,84,150,84,160,84,157,84,141,84,148,84,156,84,158,84,164,94,166,111,164,116,181
154,忻[直?州],粟米、小米、b米、粟b米,1893.0,126,212,131,219,131,216,131,215,131,189,131,167,131,160,131,155,131,155,131,155,131,155,131,155
155,忻[直?州],粟米、小米、b米、粟b米,1894.0,131,155,131,146,131,144,109,144,128,144,131,144,102,132,100,131,100,131,100,130,100,120,100,124
156,忻[直?州],粟米、小米、b米、粟b米,1895.0,100,117,99,111,93,112,89,119,89,133,89,133,89,133,89,133,89,133,89,133,89,125,89,116
157,忻[直?州],粟米、小米、b米、粟b米,1896.0,89,116,95,116,98,116,90,116,86,116,86,113,86,111,86,111,86,111,86,111,86,111,69,111
158,忻[直?州],粟米、小米、b米、粟b米,1897.0,85,111,86,111,86,111,86,111,86,111,86,111,85,111,86,111,86,114,86,131,86,131,86,131
159,忻[直?州],粟米、小米、b米、粟b米,1898.0,86,128,86,115,86,100,86,98,85,95,82,95,79,95,85,97,92,105,92,115,87,106,75,95
160,忻[直?州],粟米、小米、b米、粟b米,1899.0,70,95,70,95,70,95,70,95,70,95,70,95,70,95,70,95,70,95,70,109,70,127,70,128
161,忻[直?州],粟米、小米、b米、粟b米,1900.0,70,110,70,95,70,95,78,95,79,95,86,95,,,86,144,,,86,144,86,144,85,144
162,忻[直?州],粟米、小米、b米、粟b米,1901.0,85,144,85,144,85,144,,,85,144,85,144,85,144,85,144,85,144,85,144,85,144,85,144
163,忻[直?州],粟米、小米、b米、粟b米,1902.0,85,144,85,144,,,85,144,85,144,85,153,85,174,85,177,85,177,85,177,85,177,85,177
164,忻[直?州],粟米、小米、b米、粟b米,1903.0,85,177,85,177,85,177,85,177,85,165,85,102,85,102,85,102,85,102,85,102,85,102,85,102
165,忻[直?州],粟米、小米、b米、粟b米,1904.0,85,102,85,102,85,102,85,102,85,102,85,102,85,102,85,102,85,102,85,102,85,102,85,117
166,忻[直?州],粟米、小米、b米、粟b米,1905.0,85,120,85,120,89,120,90,120,,,90,100,90,100,90,100,90,100,90,100,90,100,90,100
167,忻[直?州],粟米、小米、b米、粟b米,1906.0,,,90,100,90,100,90,100,90,109,90,148,90,189,90,189,90,189,90,189,90,189,90,189
168,忻[直?州],粟米、小米、b米、粟b米,1907.0,90,176,90,147,90,113,90,100,90,100,90,100,90,100,90,100,90,100,90,100,90,100,90,100
169,忻[直?州],粟米、小米、b米、粟b米,1908.0,90,100,90,100,90,100,90,100,90,100,90,100,90,100,90,100,90,100,90,100,90,100,90,100
170,忻[直?州],粟米、小米、b米、粟b米,1909.0,90,100,90,100,88,100,85,100,87,100,90,100,90,100,90,100,90,100,90,100,90,100,90,100
171,忻[直?州],粟米、小米、b米、粟b米,1910.0,90,100,87,100,85,93,85,97,85,100,85,100,85,100,98,165,100,176,100,176,100,176,100,176
172,忻[直?州],粟米、小米、b米、粟b米,1911.0,100,176,100,176,100,176,100,176,100,176,100,176,100,176,,,,,,,,,,
