No,Treated,classify,持股集中度2013.6,持股集中度2013.12,持股集中度2014.6,持股集中度2014.12,持股集中度2015.6,持股集中度2015.12,持股集中度2016.6,持股集中度2016.12,持股集中度2017.6,持股集中度2017.12
208500002021,0,0,0.00%,0.00%,0.00%,0.00%,2.46%,13.02%,45.78%,80.25%,7.11%,24.91%
205819038022,0,0,0.00%,0.00%,0.00%,0.00%,8.40%,24.64%,44.60%,17.89%,15.03%,22.14%
205816008446,0,0,0.00%,0.00%,0.00%,0.00%,20.73%,19.11%,54.06%,32.24%,40.64%,33.74%
205819041656,0,0,0.00%,0.00%,0.00%,0.00%,36.21%,26.90%,21.01%,19.40%,17.79%,21.48%
205819024470,0,0,0.00%,0.00%,0.00%,0.00%,31.63%,19.54%,41.12%,31.83%,18.05%,24.20%
205819037935,0,0,0.00%,0.00%,0.00%,0.00%,24.73%,36.72%,29.28%,35.80%,33.62%,51.47%
205819040113,0,0,0.00%,0.00%,0.00%,0.00%,48.11%,31.32%,28.96%,14.88%,20.44%,21.13%
205816006766,0,0,0.00%,0.00%,0.00%,0.00%,30.21%,45.00%,46.57%,28.33%,21.76%,57.11%
208519771225,0,0,0.00%,0.00%,0.00%,0.00%,59.58%,32.40%,11.66%,9.71%,49.75%,17.20%
208500003851,0,0,0.00%,0.00%,0.00%,0.00%,30.84%,64.81%,57.82%,65.33%,42.04%,45.06%
205819036435,0,0,0.00%,0.00%,0.00%,30.97%,33.56%,23.01%,38.30%,60.64%,0.00%,16.50%
205819883298,0,0,0.00%,0.00%,0.00%,30.52%,37.03%,43.27%,37.26%,40.65%,38.81%,0.00%
205819039843,0,0,0.00%,0.00%,0.00%,0.00%,47.03%,66.33%,56.32%,51.93%,54.84%,57.59%
205819037769,0,0,0.00%,0.00%,0.00%,0.00%,84.39%,39.63%,39.88%,40.23%,23.27%,24.00%
205819040867,0,0,0.00%,0.00%,0.00%,0.00%,41.99%,79.62%,63.49%,63.60%,65.46%,65.74%
207000013308,0,0,0.00%,0.00%,0.00%,0.00%,54.40%,98.95%,85.55%,54.06%,5.63%,34.19%
205816006905,0,0,0.00%,0.00%,0.00%,0.00%,64.11%,42.32%,41.75%,42.01%,57.09%,55.24%
207000013426,0,0,0.00%,0.00%,0.00%,0.00%,70.72%,73.44%,78.30%,74.38%,60.05%,62.12%
205819053299,0,0,0.00%,0.00%,0.00%,0.00%,99.85%,67.05%,41.92%,51.00%,71.75%,40.32%
205819040538,0,0,0.00%,0.00%,0.00%,0.00%,90.00%,99.99%,62.16%,35.40%,49.52%,57.70%
208528331998,0,0,0.00%,0.00%,0.00%,0.00%,68.92%,99.97%,99.96%,95.08%,88.89%,86.79%
205819039469,0,0,0.00%,0.00%,0.00%,0.00%,99.71%,98.69%,99.99%,60.75%,24.47%,55.29%
205819037771,0,0,0.00%,0.00%,0.00%,0.00%,99.79%,99.28%,99.00%,68.01%,63.66%,69.10%
205819052256,0,1,0.00%,0.00%,0.00%,0.00%,3.61%,20.94%,16.28%,15.38%,5.78%,5.31%
205819053161,0,1,0.00%,0.00%,0.00%,0.00%,3.63%,16.67%,26.91%,30.30%,35.54%,31.00%
208518000129,0,1,0.00%,0.00%,0.00%,0.00%,5.69%,41.13%,13.33%,23.14%,22.51%,17.39%
205816002829,0,1,0.00%,0.00%,0.00%,0.00%,12.34%,15.46%,16.95%,20.85%,9.64%,9.94%
205819051707,0,1,0.00%,0.00%,0.00%,0.00%,20.11%,9.98%,12.25%,10.84%,7.09%,10.26%
205816007645,0,1,0.00%,0.00%,0.00%,0.00%,10.12%,48.02%,62.47%,27.71%,10.91%,1.16%
205816006885,0,1,0.00%,0.00%,0.00%,0.00%,19.58%,13.43%,20.36%,13.63%,26.36%,10.84%
208500002160,0,1,0.00%,0.00%,0.00%,0.00%,13.20%,25.26%,25.19%,27.40%,25.18%,26.16%
205819988988,0,1,0.00%,0.00%,0.00%,0.00%,12.76%,48.60%,59.31%,17.35%,9.79%,33.38%
208500001302,0,1,0.00%,0.00%,0.00%,0.00%,20.02%,20.10%,17.90%,21.41%,22.96%,28.42%
205819039657,0,1,0.00%,0.00%,0.00%,0.00%,22.36%,15.88%,18.40%,19.33%,27.49%,31.43%
205819039835,0,1,0.00%,0.00%,0.00%,0.00%,15.14%,37.03%,35.21%,29.90%,33.02%,37.20%
205816006270,0,1,0.00%,0.00%,0.00%,0.00%,38.48%,10.40%,11.43%,12.95%,17.86%,21.22%
205816006441,0,1,0.00%,0.00%,0.00%,0.00%,29.41%,26.19%,27.44%,25.36%,22.49%,16.79%
208500003383,0,1,0.00%,0.00%,0.00%,0.00%,27.86%,17.34%,28.95%,30.89%,28.13%,26.68%
208500001736,0,1,0.00%,0.00%,0.00%,0.00%,22.58%,32.40%,40.79%,34.59%,32.31%,27.49%
205819051465,0,1,0.00%,0.00%,0.00%,0.00%,13.46%,63.90%,60.73%,17.57%,67.44%,97.46%
208500002057,0,1,0.00%,0.00%,0.00%,0.00%,18.23%,17.17%,72.96%,53.42%,40.51%,50.78%
205819050255,0,1,0.00%,0.00%,0.00%,0.00%,38.70%,20.67%,43.61%,17.04%,11.36%,20.11%
208500001712,0,1,0.00%,0.00%,0.00%,0.00%,19.84%,21.05%,38.66%,43.10%,55.68%,69.77%
205819052076,0,1,0.00%,0.00%,0.00%,0.00%,42.82%,21.54%,25.02%,19.21%,23.65%,19.32%
205819039861,0,1,0.00%,0.00%,0.00%,0.00%,24.96%,19.70%,26.97%,56.69%,43.22%,41.45%
205819708888,0,1,0.00%,0.00%,0.00%,0.00%,38.47%,36.81%,26.66%,28.35%,19.13%,16.15%
205819051261,0,1,0.00%,0.00%,0.00%,0.00%,24.11%,98.81%,31.08%,40.83%,45.98%,4.62%
208500002183,0,1,0.00%,0.00%,0.00%,0.00%,23.74%,44.47%,60.59%,41.80%,29.38%,49.24%
205819006615,0,1,36.79%,0.00%,0.00%,30.31%,20.17%,29.85%,10.95%,0.00%,0.58%,0.00%
205816006746,0,1,0.00%,0.00%,0.00%,0.00%,44.84%,29.14%,31.05%,30.50%,8.32%,25.16%
208500001893,0,1,0.00%,0.00%,0.00%,0.00%,42.06%,6.62%,12.78%,30.70%,46.16%,40.00%
205819038168,0,1,0.00%,0.00%,0.00%,0.00%,48.94%,37.49%,24.97%,19.38%,16.72%,19.71%
205819039269,0,1,0.00%,0.00%,0.00%,0.00%,31.40%,43.31%,38.53%,33.96%,36.22%,34.29%
205816006345,0,1,0.00%,0.00%,0.00%,0.00%,19.12%,15.24%,27.05%,98.86%,86.39%,84.53%
205819205673,0,1,0.00%,0.00%,0.00%,0.00%,44.78%,24.55%,27.75%,25.83%,31.07%,26.78%
205819039681,0,1,0.00%,0.00%,0.00%,0.00%,54.01%,22.51%,26.26%,46.08%,11.78%,10.90%
205819050888,0,1,0.00%,0.00%,0.00%,0.00%,26.81%,45.64%,43.95%,29.89%,73.25%,61.45%
205819038721,0,1,0.00%,0.00%,0.00%,0.00%,33.65%,50.78%,47.06%,36.62%,16.65%,55.56%
205819750329,0,1,0.00%,0.00%,0.00%,0.00%,27.36%,58.24%,23.43%,85.52%,53.00%,35.40%
207000013773,0,1,0.00%,0.00%,0.00%,0.00%,29.92%,59.08%,32.13%,44.07%,62.94%,42.54%
205819041259,0,1,0.00%,0.00%,0.00%,0.00%,42.89%,59.70%,55.16%,46.18%,8.99%,10.00%
205819039996,0,1,0.00%,0.00%,0.00%,0.00%,36.93%,40.83%,43.69%,22.95%,29.90%,83.40%
205819037082,0,1,0.00%,0.00%,0.00%,0.00%,24.94%,53.00%,37.69%,50.70%,99.98%,98.50%
208500001918,0,1,0.00%,0.00%,0.00%,0.00%,70.14%,24.42%,25.10%,62.65%,6.12%,7.10%
205819115119,0,1,0.00%,0.00%,0.00%,0.00%,52.01%,19.59%,51.86%,29.78%,15.60%,53.43%
205816006828,0,1,0.00%,0.00%,0.00%,0.00%,54.29%,49.43%,27.64%,31.91%,31.91%,28.04%
208500001320,0,1,0.00%,0.00%,0.00%,0.00%,40.52%,78.76%,57.31%,50.91%,41.41%,9.09%
205818567048,0,1,0.00%,0.00%,0.00%,0.00%,64.94%,32.06%,25.01%,48.53%,29.34%,13.89%
208500002308,0,1,0.00%,0.00%,0.00%,0.00%,62.31%,46.03%,21.73%,25.01%,31.18%,32.61%
205819700818,0,1,0.00%,0.00%,0.00%,0.00%,56.48%,14.49%,95.99%,38.79%,20.17%,15.57%
205819099888,0,1,0.00%,0.00%,0.00%,0.00%,50.55%,35.27%,45.81%,52.59%,48.89%,50.26%
207000014295,0,1,0.00%,0.00%,0.00%,0.00%,60.66%,17.00%,35.48%,88.77%,54.63%,13.97%
208500000953,0,1,0.00%,0.00%,0.00%,0.00%,41.32%,50.49%,51.78%,52.19%,99.22%,99.28%
205819040278,0,1,0.00%,0.00%,0.00%,0.00%,38.34%,70.03%,69.07%,90.76%,99.73%,51.18%
205819038600,0,1,0.00%,0.00%,0.00%,0.00%,59.80%,42.95%,96.14%,96.32%,8.13%,7.50%
207000014538,0,1,0.00%,0.00%,0.00%,0.00%,97.02%,18.63%,30.02%,36.43%,60.40%,13.78%
207000014403,0,1,0.00%,0.00%,0.00%,0.00%,97.97%,25.55%,34.70%,32.78%,34.24%,31.08%
205819038291,0,1,0.00%,0.00%,0.00%,0.00%,74.45%,38.14%,14.05%,59.67%,38.86%,58.80%
208500002968,0,1,0.00%,0.00%,0.00%,0.00%,52.21%,45.79%,44.78%,60.90%,57.45%,99.88%
208500001803,0,1,0.00%,0.00%,0.00%,0.00%,47.65%,99.74%,99.05%,98.49%,5.66%,60.18%
205819051047,0,1,0.00%,0.00%,0.00%,0.00%,56.84%,71.53%,62.81%,65.38%,62.67%,63.93%
207000014056,0,1,0.00%,0.00%,0.00%,0.00%,74.85%,2.73%,99.95%,45.19%,36.55%,78.74%
205819581966,0,1,0.00%,0.00%,0.00%,0.00%,68.56%,64.51%,64.28%,62.86%,59.38%,54.66%
205819498888,0,1,0.00%,0.00%,0.00%,50.82%,45.23%,31.45%,73.07%,63.73%,0.00%,52.82%
205816005450,0,1,0.00%,0.00%,0.00%,0.00%,68.85%,66.13%,65.95%,68.29%,67.65%,40.97%
205819038328,0,1,0.00%,0.00%,0.00%,0.00%,55.29%,99.83%,74.41%,56.14%,83.43%,99.72%
205819053060,0,1,0.00%,0.00%,0.00%,0.00%,91.45%,22.61%,53.00%,57.29%,72.67%,52.76%
205819041198,0,1,0.00%,0.00%,0.00%,0.00%,52.53%,54.74%,99.97%,99.97%,99.96%,100.00%
205819040378,0,1,0.00%,0.00%,0.00%,0.00%,68.52%,78.02%,99.91%,57.56%,58.15%,65.22%
205819050736,0,1,0.00%,0.00%,0.00%,0.00%,75.51%,85.25%,73.68%,80.87%,60.28%,45.84%
208500002031,0,1,0.00%,0.00%,0.00%,0.00%,96.61%,32.85%,33.36%,62.00%,73.00%,75.47%
205816006775,0,1,0.00%,0.00%,0.00%,0.00%,78.54%,84.25%,87.07%,45.31%,88.01%,85.86%
205816005369,0,1,0.00%,0.00%,25.24%,47.84%,67.79%,93.00%,87.75%,52.04%,0.00%,0.00%
205819040116,0,1,0.00%,0.00%,0.00%,0.00%,99.78%,94.71%,60.84%,99.98%,52.79%,44.29%
205819040492,0,1,0.00%,0.00%,0.00%,0.00%,97.13%,47.98%,81.21%,80.63%,92.91%,95.11%
205819050226,0,1,0.00%,0.00%,0.00%,0.00%,98.55%,86.34%,84.45%,76.00%,88.00%,67.71%
207000014062,0,1,0.00%,0.00%,0.00%,0.00%,99.76%,52.70%,99.96%,99.01%,99.84%,50.21%
205818954558,0,1,64.76%,0.00%,0.00%,73.11%,11.51%,12.13%,81.07%,86.81%,0.00%,0.00%
205816006210,0,1,0.00%,0.00%,0.00%,0.00%,99.74%,99.99%,99.36%,48.78%,90.71%,99.86%
205819037011,0,1,0.00%,0.00%,0.00%,66.75%,46.02%,92.66%,98.55%,99.94%,0.00%,99.93%
205819036726,0,1,0.00%,0.00%,0.00%,95.37%,65.48%,0.00%,99.92%,99.92%,37.12%,38.64%
205819038995,0,1,0.00%,0.00%,0.00%,0.00%,99.66%,99.97%,69.42%,99.94%,99.95%,99.95%
205818327941,0,1,0.00%,0.00%,0.00%,0.00%,82.14%,60.70%,52.17%,73.26%,32.43%,42.95%
205818003902,0,1,67.53%,72.74%,59.15%,90.30%,0.00%,0.00%,90.01%,54.57%,0.00%,0.00%
205818003714,0,1,0.00%,53.55%,0.00%,0.00%,0.00%,99.95%,96.31%,99.59%,83.56%,98.72%
205818404644,0,0,21.78%,25.74%,41.93%,38.22%,0.00%,0.00%,0.00%,0.00%,5.00%,4.79%
205819051420,0,0,0.00%,0.00%,0.00%,0.00%,13.14%,32.36%,31.33%,38.07%,5.98%,39.53%
208500001728,0,0,0.00%,0.00%,0.00%,0.00%,33.22%,28.63%,36.77%,45.04%,48.30%,31.88%
208500002800,0,0,0.00%,0.00%,0.00%,0.00%,30.54%,26.52%,28.73%,84.04%,39.31%,36.51%
208500003813,0,0,0.00%,0.00%,0.00%,0.00%,37.24%,36.42%,28.18%,34.02%,38.99%,61.23%
205819039037,0,0,0.00%,0.00%,0.00%,0.00%,49.06%,66.59%,46.31%,45.26%,53.60%,88.95%
205819050015,0,0,0.00%,0.00%,0.00%,0.00%,61.95%,42.00%,38.19%,64.18%,48.30%,56.42%
208500001193,0,0,0.00%,0.00%,0.00%,0.00%,55.52%,54.42%,53.90%,96.08%,58.80%,48.96%
207000013060,0,0,0.00%,0.00%,0.00%,0.00%,45.71%,78.04%,81.10%,97.29%,78.10%,54.24%
205816007597,0,0,0.00%,0.00%,0.00%,0.00%,60.88%,90.37%,66.36%,42.48%,49.64%,56.69%
205819038390,0,0,0.00%,0.00%,0.00%,0.00%,95.30%,57.02%,75.49%,43.57%,57.41%,56.20%
205818974398,0,0,0.00%,0.00%,0.00%,0.00%,97.42%,96.09%,96.50%,70.41%,45.07%,38.67%
205819041052,0,0,0.00%,0.00%,0.00%,0.00%,95.88%,99.96%,95.10%,99.90%,97.00%,94.95%
205819004440,0,0,0.00%,0.00%,83.12%,83.83%,51.32%,49.46%,0.00%,0.00%,81.78%,99.96%
205819019486,0,0,99.82%,99.90%,0.00%,0.00%,0.00%,0.00%,100.00%,78.75%,97.95%,81.07%
205819007628,0,1,0.00%,0.00%,0.00%,0.00%,41.57%,33.20%,2.81%,1.76%,8.55%,6.20%
208500002101,0,1,0.00%,0.00%,0.00%,0.00%,34.35%,28.18%,27.52%,38.30%,38.25%,37.51%
205819039401,0,1,0.00%,0.00%,0.00%,0.00%,32.05%,52.39%,47.27%,35.15%,34.81%,16.65%
208500002181,0,1,0.00%,0.00%,0.00%,0.00%,48.86%,13.93%,10.59%,42.15%,33.76%,33.72%
207000014296,0,1,0.00%,0.00%,0.00%,0.00%,58.65%,30.40%,16.74%,21.48%,33.35%,20.21%
205819002429,0,1,0.00%,0.00%,0.00%,0.00%,31.06%,76.04%,34.57%,32.95%,54.51%,70.28%
208500003256,0,1,0.00%,0.00%,0.00%,0.00%,46.90%,24.04%,21.34%,30.82%,23.01%,99.96%
208500003278,0,1,0.00%,0.00%,0.00%,0.00%,26.78%,52.47%,99.33%,99.41%,0.52%,98.94%
208500001671,0,1,0.00%,0.00%,0.00%,0.00%,62.81%,56.07%,32.39%,47.35%,16.15%,6.93%
205816007548,0,1,0.00%,0.00%,0.00%,0.00%,69.95%,37.74%,36.86%,39.03%,37.24%,34.25%
208500001751,0,1,0.00%,0.00%,0.00%,0.00%,52.92%,45.40%,73.92%,47.07%,33.86%,79.47%
208500003839,0,1,0.00%,0.00%,0.00%,0.00%,70.51%,21.15%,20.28%,58.01%,69.10%,54.75%
208500002413,0,1,0.00%,0.00%,0.00%,0.00%,78.13%,49.92%,71.38%,59.26%,29.47%,5.83%
208500003743,0,1,0.00%,0.00%,0.00%,0.00%,99.91%,24.79%,30.54%,51.71%,18.66%,44.19%
205819036257,0,1,0.00%,0.00%,0.00%,70.19%,45.72%,51.39%,47.76%,23.08%,0.00%,35.54%
205819039356,0,1,0.00%,0.00%,0.00%,0.00%,54.88%,79.80%,80.18%,79.27%,50.58%,84.70%
205819037121,0,1,0.00%,0.00%,0.00%,0.00%,69.08%,76.71%,63.44%,74.18%,75.35%,84.28%
205819036232,0,1,0.00%,0.00%,0.00%,89.56%,0.00%,6.35%,41.38%,98.94%,98.27%,99.70%
205819009003,0,1,99.15%,0.00%,45.49%,0.00%,0.00%,0.00%,45.33%,56.53%,53.11%,33.15%
205819024037,0,1,98.98%,98.35%,96.88%,0.00%,0.00%,0.00%,0.00%,66.50%,90.15%,90.49%
205819036855,0,0,0.00%,0.00%,0.00%,25.62%,35.04%,23.27%,29.16%,34.20%,31.43%,25.84%
205819036240,0,0,0.00%,0.00%,0.00%,43.86%,25.46%,24.76%,28.68%,49.41%,15.89%,47.13%
205819036709,0,0,0.00%,0.00%,0.00%,27.00%,48.71%,56.56%,63.26%,63.97%,46.16%,50.92%
205819036622,0,0,0.00%,0.00%,0.00%,58.49%,27.91%,71.03%,49.26%,50.63%,84.62%,99.76%
205819036049,0,0,0.00%,0.00%,60.00%,51.72%,67.70%,3.89%,9.67%,74.92%,85.33%,0.00%
205818996028,0,0,19.75%,15.28%,40.94%,95.15%,0.00%,0.00%,0.00%,19.88%,92.94%,92.30%
205819036600,0,0,0.00%,0.00%,0.00%,99.48%,61.83%,68.08%,55.09%,55.72%,73.84%,81.93%
205816005563,0,0,0.00%,0.00%,0.00%,97.07%,84.35%,73.12%,46.37%,88.43%,95.06%,100.00%
205819968888,0,1,0.00%,0.00%,0.00%,22.39%,4.09%,3.85%,4.67%,4.18%,4.52%,5.73%
207000012690,0,1,0.00%,0.00%,0.00%,34.89%,12.27%,11.36%,12.33%,12.37%,15.29%,10.64%
205819520127,0,1,0.00%,0.00%,0.00%,16.43%,30.00%,20.81%,21.58%,14.78%,16.20%,17.83%
205819036457,0,1,0.00%,0.00%,0.00%,45.60%,8.47%,15.72%,19.09%,33.80%,16.10%,13.83%
205819037066,0,1,0.00%,0.00%,0.00%,10.16%,37.74%,29.81%,27.24%,21.01%,45.46%,55.84%
205819000670,0,1,0.00%,0.00%,0.00%,43.82%,21.39%,33.67%,23.42%,23.32%,26.30%,29.95%
205819036206,0,1,0.00%,0.00%,0.00%,61.05%,11.26%,3.18%,74.07%,23.34%,22.60%,18.47%
205819037683,0,1,0.00%,0.00%,0.00%,22.89%,18.37%,36.91%,40.66%,58.07%,68.20%,45.22%
205819036442,0,1,0.00%,0.00%,0.00%,33.92%,28.16%,29.71%,20.50%,22.21%,56.08%,37.50%
205819036526,0,1,0.00%,0.00%,0.00%,28.69%,24.46%,72.57%,32.14%,26.60%,33.95%,33.75%
205819036907,0,1,0.00%,0.00%,0.00%,53.26%,9.20%,11.05%,35.51%,52.08%,60.27%,52.59%
205819037405,0,1,0.00%,0.00%,0.00%,20.08%,26.04%,51.20%,47.38%,81.56%,77.02%,74.04%
208518000911,0,1,0.00%,0.00%,0.00%,53.87%,21.72%,31.50%,70.49%,34.20%,54.20%,26.79%
205818414382,0,1,0.00%,47.17%,0.00%,0.00%,64.80%,15.80%,25.37%,55.72%,51.29%,46.59%
205819036211,0,1,0.00%,0.00%,0.00%,52.48%,43.37%,44.60%,36.70%,49.95%,56.72%,61.00%
205819005071,0,1,89.55%,49.96%,34.20%,42.30%,43.65%,54.51%,27.62%,0.00%,0.00%,0.00%
205819036550,0,1,0.00%,0.00%,0.00%,60.38%,52.25%,55.63%,29.54%,33.40%,63.32%,45.40%
205819585858,0,1,0.00%,0.00%,0.00%,66.96%,42.95%,99.14%,33.74%,44.88%,34.14%,49.77%
205819036258,0,1,0.00%,0.00%,0.00%,99.92%,36.66%,56.61%,55.01%,32.16%,38.82%,34.42%
205819037010,0,1,0.00%,0.00%,0.00%,37.46%,62.83%,55.44%,61.27%,50.82%,49.56%,99.90%
205816001940,0,1,0.00%,0.00%,0.00%,99.33%,57.07%,54.62%,36.93%,70.67%,32.73%,37.73%
205818986558,0,1,96.88%,0.00%,64.20%,0.00%,0.00%,18.60%,26.05%,38.70%,51.21%,53.45%
205819000585,0,1,0.00%,99.49%,0.00%,83.49%,0.00%,20.44%,40.10%,100.00%,69.74%,35.03%
205819666777,0,1,0.00%,0.00%,0.00%,99.97%,99.49%,71.24%,98.96%,98.58%,94.50%,49.55%
208518000695,0,0,0.00%,0.00%,0.00%,40.30%,19.57%,50.58%,24.42%,44.67%,30.29%,27.47%
205818000939,0,0,0.00%,0.00%,99.98%,28.87%,0.81%,0.72%,0.00%,0.79%,1.75%,70.55%
205818936899,0,0,90.98%,91.19%,93.04%,92.33%,0.00%,0.51%,0.25%,0.00%,0.00%,47.80%
205819036317,0,0,0.00%,0.00%,0.00%,63.03%,69.78%,74.72%,62.72%,49.51%,36.79%,46.33%
207000012520,0,0,0.00%,0.00%,0.00%,60.90%,94.03%,92.42%,91.57%,90.99%,89.60%,86.67%
205819003223,0,0,91.45%,99.95%,7.73%,0.00%,0.00%,0.00%,99.88%,99.87%,99.84%,99.74%
208518000659,0,1,0.00%,0.00%,0.00%,16.26%,18.51%,13.32%,28.19%,52.50%,43.57%,27.15%
205818823578,0,1,0.00%,0.00%,0.00%,12.29%,20.80%,27.17%,18.21%,43.89%,7.92%,6.38%
205818191900,0,1,0.00%,0.00%,0.00%,23.53%,28.95%,30.15%,21.13%,23.00%,27.75%,19.52%
205819022807,0,1,0.00%,0.00%,0.00%,5.82%,26.45%,28.21%,17.01%,47.27%,9.75%,7.10%
208500000338,0,1,0.00%,0.00%,0.00%,75.81%,49.11%,27.65%,9.87%,20.39%,13.32%,36.62%
205819017667,0,1,0.00%,0.00%,0.00%,31.04%,62.41%,57.15%,57.19%,56.71%,59.05%,61.09%
205818977708,0,1,36.52%,11.97%,23.89%,45.66%,97.70%,0.00%,99.85%,53.54%,0.00%,0.00%
205818003968,0,1,30.96%,99.76%,98.87%,98.61%,0.00%,0.00%,0.00%,99.99%,98.34%,100.00%
205818003506,0,1,98.66%,98.64%,98.04%,0.00%,99.62%,99.06%,99.20%,91.71%,0.00%,0.00%
205819035812,0,0,0.00%,0.00%,99.82%,75.02%,31.29%,45.32%,46.86%,63.80%,99.99%,94.84%
205818929179,0,0,70.94%,0.00%,0.00%,36.07%,27.67%,69.27%,66.37%,79.39%,76.80%,81.05%
205818994478,0,0,99.45%,99.22%,97.61%,54.32%,60.28%,99.90%,70.55%,51.43%,0.00%,0.00%
205819033596,0,0,50.40%,99.56%,94.84%,0.00%,0.00%,56.53%,40.02%,98.13%,97.70%,97.41%
205818588172,0,0,99.84%,61.27%,71.70%,70.96%,99.73%,99.77%,99.91%,99.98%,0.00%,0.00%
205818228840,0,0,59.32%,63.58%,99.93%,99.74%,0.00%,0.00%,100.00%,98.15%,93.14%,87.37%
205819036126,0,1,0.00%,0.00%,18.32%,24.57%,28.59%,11.56%,7.52%,32.77%,8.72%,69.27%
205818955228,0,1,10.47%,15.68%,0.00%,0.00%,24.05%,26.52%,22.15%,33.33%,32.69%,25.35%
205819035240,0,1,0.00%,0.00%,32.53%,42.92%,14.82%,28.80%,33.69%,42.77%,34.78%,40.19%
205819034445,0,1,61.10%,82.48%,21.81%,64.06%,12.86%,35.14%,46.81%,0.00%,4.83%,0.00%
208518000120,0,1,21.02%,0.00%,27.65%,68.41%,0.00%,15.50%,17.14%,24.35%,51.97%,71.12%
205818603473,0,1,9.87%,26.16%,0.00%,0.00%,56.87%,61.27%,74.18%,74.94%,13.08%,14.48%
205818946848,0,1,64.61%,0.00%,23.94%,15.28%,21.52%,0.00%,87.23%,68.77%,7.12%,49.02%
205819034930,0,1,0.00%,0.00%,2.39%,78.71%,42.16%,20.01%,33.92%,41.42%,45.32%,82.83%
207000012238,0,1,0.00%,0.00%,70.20%,23.84%,42.47%,43.32%,77.27%,57.70%,43.63%,37.02%
205819036042,0,1,0.00%,0.00%,80.34%,30.24%,39.58%,43.54%,43.19%,35.15%,61.54%,64.00%
205819002730,0,1,62.58%,82.48%,55.73%,89.41%,39.66%,38.71%,11.06%,51.00%,0.00%,0.00%
205819027260,0,1,0.00%,50.72%,0.00%,99.67%,57.04%,85.02%,31.69%,57.48%,25.09%,0.20%
205818704970,0,1,58.99%,23.81%,0.00%,46.54%,24.25%,0.00%,61.24%,75.33%,57.22%,56.17%
205819028541,0,1,96.27%,96.00%,95.70%,63.66%,9.41%,0.00%,0.00%,80.44%,21.21%,11.15%
205819003485,0,1,72.15%,46.40%,87.99%,80.10%,49.97%,23.01%,68.85%,83.08%,0.00%,0.00%
205819035902,0,1,0.00%,0.00%,99.56%,48.82%,51.62%,58.26%,74.95%,98.62%,60.67%,99.95%
205819023407,0,1,61.47%,65.00%,67.33%,73.46%,27.92%,51.37%,81.16%,94.37%,0.00%,0.00%
205818984708,0,1,49.14%,53.92%,51.68%,51.98%,75.68%,49.54%,99.83%,99.91%,0.00%,0.00%
205818993418,0,1,99.92%,99.93%,0.00%,0.00%,58.88%,26.35%,50.12%,54.80%,57.18%,58.79%
205819013418,0,1,0.00%,58.13%,98.64%,0.00%,3.12%,99.59%,97.44%,33.74%,27.31%,95.59%
205818975638,0,1,40.16%,34.85%,65.78%,0.00%,80.19%,42.48%,73.36%,84.36%,0.00%,99.61%
205818947339,0,1,98.53%,0.00%,0.00%,70.60%,43.76%,73.86%,70.90%,19.05%,72.59%,81.32%
205819035857,0,1,0.00%,0.00%,42.54%,99.89%,99.99%,99.95%,55.27%,83.07%,78.10%,98.79%
205818003789,0,1,0.00%,99.83%,99.78%,57.94%,0.00%,83.87%,99.29%,60.85%,56.76%,94.68%
205819021119,0,1,86.70%,85.93%,85.15%,87.46%,0.00%,70.37%,0.00%,60.54%,51.50%,92.37%
205818999099,0,1,90.06%,99.69%,97.82%,98.13%,89.33%,99.35%,56.81%,97.83%,0.00%,0.00%
205819780717,0,1,0.00%,0.00%,95.07%,99.91%,99.99%,74.65%,96.93%,73.84%,78.30%,93.68%
205818939688,0,1,100.00%,0.00%,0.00%,99.95%,99.38%,99.99%,94.08%,96.55%,99.98%,99.56%
205819000006,0,0,45.74%,31.81%,29.93%,56.22%,84.28%,0.00%,10.81%,11.37%,25.52%,0.00%
205818956818,0,0,0.00%,0.00%,61.78%,39.32%,17.57%,28.82%,45.76%,44.41%,47.26%,53.61%
205819035757,0,0,0.00%,99.77%,59.85%,55.46%,54.25%,0.00%,17.44%,17.53%,69.70%,72.43%
205818930449,0,0,39.05%,93.06%,39.44%,0.00%,0.00%,67.16%,40.45%,99.96%,69.97%,55.43%
205819001066,0,0,99.19%,0.00%,0.00%,44.09%,64.88%,20.13%,43.00%,86.64%,77.22%,79.36%
208518000537,0,0,0.00%,0.00%,94.84%,94.94%,64.18%,83.22%,87.03%,87.55%,89.44%,89.32%
205819023313,0,1,99.06%,99.14%,99.22%,99.38%,0.00%,0.00%,17.48%,16.00%,7.45%,14.13%
205819029380,0,1,81.83%,82.05%,82.26%,63.84%,30.40%,55.72%,23.28%,27.17%,0.00%,0.00%
205818926558,0,1,63.28%,58.60%,63.78%,32.73%,0.00%,45.12%,32.93%,52.56%,0.00%,54.83%
206306082578,0,1,0.00%,0.00%,7.51%,64.31%,99.87%,51.35%,80.91%,50.57%,49.20%,38.87%
207000015555,0,1,95.28%,99.69%,57.95%,22.75%,0.00%,31.50%,70.75%,0.00%,37.91%,27.10%
205819001771,0,1,97.81%,97.81%,99.29%,98.74%,0.00%,0.00%,34.49%,26.82%,29.02%,26.68%
205818980728,0,1,82.05%,82.89%,0.00%,99.64%,0.00%,27.49%,39.08%,36.66%,24.43%,54.47%
205818996628,0,1,99.52%,99.51%,0.00%,99.74%,12.36%,37.54%,5.21%,0.00%,17.53%,99.86%
205819031080,0,1,59.63%,57.07%,37.30%,99.85%,99.89%,39.95%,99.98%,91.39%,0.00%,0.00%
205816000359,0,1,48.02%,99.96%,33.49%,99.97%,20.82%,50.13%,99.90%,54.74%,0.00%,0.00%
205818970639,0,1,0.00%,0.00%,92.23%,36.93%,99.76%,66.35%,49.63%,86.31%,99.01%,98.19%
205819005591,0,1,99.88%,99.91%,0.00%,37.52%,99.98%,19.22%,95.04%,61.47%,76.54%,0.00%
205819033523,0,1,54.84%,66.65%,65.37%,97.00%,92.40%,90.29%,0.00%,0.00%,99.97%,68.43%
207000010076,0,1,61.55%,55.64%,0.00%,79.32%,99.98%,99.94%,99.99%,0.00%,99.98%,99.97%
205819520888,0,1,0.00%,0.00%,98.90%,99.92%,99.99%,99.94%,99.13%,99.88%,99.83%,99.85%
205819008481,0,0,19.16%,48.23%,28.28%,51.89%,10.10%,0.00%,37.16%,35.28%,66.13%,41.57%
205819010365,0,0,42.70%,51.85%,52.89%,48.77%,98.89%,99.99%,15.33%,11.25%,77.49%,0.00%
205818492126,0,0,72.76%,74.95%,81.84%,0.00%,74.23%,80.96%,47.42%,29.82%,36.74%,42.48%
205819032152,0,0,58.76%,52.84%,47.51%,0.00%,62.13%,71.60%,68.07%,84.42%,80.56%,87.27%
205818844965,0,0,46.60%,95.93%,71.80%,74.52%,0.00%,70.95%,89.37%,91.64%,67.22%,53.73%
205819000552,0,0,99.95%,70.99%,48.68%,67.35%,0.00%,99.96%,59.24%,58.80%,55.85%,86.72%
205818976069,0,0,58.69%,53.91%,55.69%,52.81%,68.24%,99.96%,0.00%,99.92%,86.81%,84.73%
205818968479,0,0,79.01%,84.43%,82.57%,0.00%,99.84%,99.99%,95.62%,49.16%,46.33%,56.63%
205818937968,0,0,83.47%,84.08%,80.06%,88.97%,0.00%,99.90%,99.96%,98.17%,61.35%,58.22%
205818977358,0,0,96.22%,93.87%,80.45%,0.00%,52.52%,99.96%,99.07%,83.96%,84.84%,90.80%
205818936079,0,0,99.89%,99.91%,99.60%,84.72%,0.00%,98.98%,99.89%,98.79%,99.22%,99.89%
205818038122,0,1,3.91%,6.00%,5.79%,9.73%,5.90%,3.55%,2.59%,2.22%,0.00%,8.87%
208500000010,0,1,0.00%,26.70%,25.01%,35.28%,33.04%,4.39%,13.96%,15.31%,20.56%,13.53%
205819027032,0,1,23.94%,23.12%,39.47%,0.00%,9.68%,18.59%,26.99%,44.68%,15.31%,19.33%
205818999319,0,1,18.73%,84.11%,0.00%,54.40%,23.93%,7.65%,22.14%,28.67%,26.49%,10.10%
207000010676,0,1,49.31%,36.72%,68.40%,46.27%,39.98%,14.04%,20.17%,35.68%,0.00%,1.99%
205819027687,0,1,49.85%,64.05%,64.49%,43.87%,39.32%,21.07%,22.52%,18.70%,31.03%,0.00%
205818981009,0,1,40.15%,42.53%,39.44%,20.96%,38.67%,44.68%,28.64%,45.21%,0.00%,8.14%
205819021807,0,1,28.86%,29.33%,0.00%,20.43%,6.54%,1.32%,10.07%,78.74%,76.22%,53.46%
205818995518,0,1,50.60%,59.75%,79.01%,58.94%,22.92%,24.38%,38.99%,26.92%,28.05%,0.00%
205819003678,0,1,0.00%,99.68%,45.15%,63.61%,64.48%,19.90%,48.02%,44.90%,15.90%,33.00%
205818973289,0,1,0.00%,61.91%,36.39%,21.78%,8.57%,30.06%,49.87%,45.10%,44.29%,42.46%
205819034088,0,1,84.28%,34.89%,31.37%,48.90%,45.87%,0.00%,21.70%,34.26%,0.20%,99.57%
205819011127,0,1,35.47%,60.61%,35.78%,24.68%,45.32%,36.92%,59.24%,43.97%,71.44%,0.00%
205818125563,0,1,9.28%,7.74%,13.58%,12.33%,97.41%,99.38%,99.39%,37.09%,91.29%,0.00%
205819035325,0,1,0.00%,99.79%,71.97%,31.00%,89.28%,21.96%,44.16%,31.90%,49.60%,37.41%
205819890822,0,1,39.99%,35.79%,33.12%,40.19%,35.57%,74.22%,97.36%,32.12%,31.69%,0.00%
205819920603,0,1,0.00%,81.34%,81.89%,53.98%,36.44%,51.14%,67.35%,43.52%,36.73%,41.54%
205819022737,0,1,12.32%,88.46%,99.56%,17.95%,2.42%,44.84%,32.98%,71.97%,94.60%,0.00%
205818987779,0,1,59.99%,61.08%,57.99%,67.11%,0.62%,77.85%,42.48%,46.87%,51.17%,0.00%
205818975538,0,1,0.00%,43.94%,31.60%,31.34%,58.19%,51.57%,85.03%,99.18%,98.64%,87.34%
205818998956,0,1,0.00%,38.97%,69.48%,84.03%,15.50%,75.53%,37.51%,35.93%,74.31%,35.24%
205818463013,0,1,99.93%,0.00%,99.45%,50.96%,26.50%,94.84%,80.12%,33.65%,23.69%,29.21%
205819011361,0,1,70.87%,70.70%,74.10%,79.27%,0.00%,43.41%,41.80%,55.98%,48.71%,47.27%
205819014339,0,1,4.20%,0.00%,96.83%,99.73%,99.53%,11.99%,2.53%,98.13%,99.85%,99.91%
207000011015,0,1,0.00%,55.77%,44.45%,53.47%,98.92%,58.79%,83.56%,88.30%,93.45%,59.24%
205819031886,0,1,0.00%,72.56%,91.06%,74.12%,70.73%,65.54%,51.01%,58.29%,35.96%,44.52%
205819009385,0,1,99.78%,99.45%,82.80%,67.27%,83.36%,63.65%,46.75%,78.03%,42.02%,0.00%
205818198614,0,1,99.82%,97.39%,26.77%,84.24%,91.77%,98.74%,64.39%,47.65%,0.00%,99.13%
205818335162,0,1,54.17%,99.56%,82.26%,69.15%,99.36%,91.91%,77.50%,99.72%,0.00%,8.15%
205818957858,0,1,99.97%,99.97%,99.79%,55.71%,41.50%,72.18%,47.41%,88.92%,100.00%,0.00%
205818967908,0,1,87.80%,87.86%,0.00%,92.49%,64.29%,93.72%,50.70%,99.83%,99.95%,72.72%
205819004232,0,1,98.22%,98.51%,99.53%,99.59%,99.98%,100.00%,92.68%,26.16%,76.60%,0.00%
205818094447,0,1,99.94%,99.92%,99.89%,99.98%,63.29%,52.29%,70.98%,99.69%,0.00%,99.61%
205818954389,0,1,87.86%,89.27%,94.41%,92.83%,95.15%,0.00%,99.92%,99.80%,69.74%,63.82%
205818000587,0,1,99.89%,99.76%,57.35%,99.59%,99.90%,90.00%,99.89%,99.96%,0.00%,99.98%
205818389080,0,0,68.15%,75.89%,50.60%,46.47%,25.32%,21.40%,24.66%,26.09%,0.00%,19.94%
208518000268,0,0,33.51%,77.63%,40.97%,50.77%,0.00%,37.94%,15.15%,49.86%,9.33%,43.07%
205818067477,0,0,33.40%,27.82%,33.05%,55.25%,44.59%,35.59%,47.31%,43.78%,46.29%,0.00%
205816000368,0,0,58.51%,53.40%,0.00%,49.63%,49.88%,45.89%,42.78%,65.31%,37.76%,58.14%
205819013465,0,0,54.73%,0.00%,93.54%,94.94%,28.52%,99.48%,40.69%,27.31%,30.92%,41.33%
205819011419,0,0,99.89%,62.63%,99.78%,0.21%,34.59%,0.00%,68.99%,99.91%,46.13%,31.49%
205819004340,0,0,58.96%,55.08%,55.28%,0.00%,48.41%,54.23%,62.32%,53.99%,66.47%,99.72%
205818003366,0,0,95.02%,95.49%,94.84%,0.00%,98.26%,99.95%,30.00%,32.62%,61.65%,64.27%
205819017161,0,0,99.73%,99.67%,84.06%,92.06%,99.65%,99.89%,99.99%,100.00%,4.94%,0.00%
205818998528,0,0,99.78%,0.00%,96.25%,99.37%,99.93%,85.52%,99.98%,99.81%,99.62%,99.86%
205818998279,0,1,9.23%,8.66%,3.78%,0.98%,0.00%,6.95%,6.57%,0.88%,0.50%,0.33%
205818998646,0,1,22.09%,58.54%,61.06%,55.42%,33.95%,4.57%,16.89%,19.26%,43.95%,0.00%
205819018378,0,1,32.36%,19.54%,20.37%,23.64%,21.52%,0.00%,49.08%,46.86%,26.73%,22.22%
205819017186,0,1,43.85%,26.39%,26.67%,27.50%,27.74%,0.00%,13.12%,51.09%,30.96%,28.36%
205818998290,0,1,0.00%,78.12%,44.26%,25.17%,18.16%,38.18%,49.68%,53.94%,11.67%,16.49%
205819000389,0,1,51.86%,0.00%,97.10%,10.64%,50.84%,21.95%,16.24%,42.30%,36.07%,25.86%
205819016305,0,1,62.58%,51.82%,45.62%,0.00%,53.01%,30.41%,23.43%,31.28%,32.65%,13.35%
205819028380,0,1,39.34%,40.04%,11.27%,51.67%,0.00%,51.57%,10.71%,99.99%,25.74%,52.57%
205818965578,0,1,40.28%,38.63%,37.23%,29.22%,0.00%,37.42%,57.35%,42.98%,55.25%,43.02%
205818967429,0,1,66.40%,60.15%,59.94%,41.88%,50.77%,0.00%,32.50%,43.60%,38.47%,33.86%
205819001963,0,1,60.50%,55.70%,29.95%,31.54%,0.00%,55.54%,67.69%,32.60%,26.04%,25.39%
205818902172,0,1,11.47%,14.53%,48.51%,34.74%,76.43%,100.00%,0.00%,44.53%,42.94%,68.61%
205818024066,0,1,48.25%,79.54%,99.84%,99.58%,22.66%,51.52%,57.43%,0.00%,16.84%,31.08%
205819018275,0,1,60.70%,36.41%,42.99%,33.61%,55.98%,55.55%,99.73%,55.43%,0.00%,31.85%
205818597667,0,1,23.25%,27.79%,27.40%,47.36%,56.23%,65.35%,66.26%,61.98%,78.26%,0.00%
205818978829,0,1,0.00%,47.47%,48.97%,32.37%,31.32%,63.53%,32.93%,63.72%,99.88%,98.67%
205818955259,0,1,98.70%,40.93%,47.65%,54.04%,69.44%,0.00%,33.78%,46.32%,41.69%,32.76%
205818987659,0,1,38.47%,25.28%,51.37%,44.03%,69.02%,68.14%,93.50%,91.49%,0.00%,3.92%
205818947448,0,1,93.69%,37.77%,0.00%,99.72%,62.35%,91.68%,25.47%,40.91%,24.06%,38.13%
205819004660,0,1,94.03%,97.39%,23.38%,0.00%,13.74%,37.52%,67.67%,26.63%,58.27%,49.38%
205818838645,0,1,72.47%,67.01%,59.40%,54.29%,86.98%,72.31%,71.79%,50.40%,0.00%,6.36%
205818947358,0,1,69.81%,99.85%,74.62%,68.70%,0.00%,41.25%,58.83%,50.76%,51.33%,11.96%
205819016838,0,1,65.52%,97.67%,91.70%,23.62%,39.28%,24.84%,0.00%,59.81%,58.61%,96.18%
205818967958,0,1,27.00%,61.95%,50.01%,0.00%,55.33%,39.07%,97.54%,99.80%,58.09%,50.27%
205819018608,0,1,96.47%,54.29%,61.43%,66.46%,12.24%,0.00%,78.25%,47.20%,53.51%,70.84%
205819006426,0,1,67.71%,69.82%,72.25%,64.24%,0.00%,37.52%,57.84%,60.10%,56.71%,100.00%
205819033868,0,1,0.00%,51.21%,80.69%,60.79%,41.76%,45.46%,97.78%,100.00%,100.00%,100.00%
205819017169,0,1,99.33%,99.88%,76.86%,51.27%,0.00%,56.98%,36.08%,34.03%,28.71%,99.92%
205818932839,0,1,99.28%,90.15%,99.19%,83.57%,41.41%,99.46%,99.25%,70.22%,99.02%,0.00%
205819023400,0,1,99.25%,0.00%,99.78%,99.65%,68.22%,99.92%,99.85%,99.95%,99.72%,99.99%
205819000058,0,0,1.22%,1.16%,1.12%,1.70%,1.64%,10.56%,11.01%,10.52%,8.13%,7.71%
205819011087,0,0,7.77%,11.57%,4.67%,4.49%,10.65%,5.33%,3.09%,4.52%,3.05%,4.92%
205818569323,0,0,6.19%,5.52%,6.20%,6.15%,6.32%,7.24%,7.18%,6.85%,7.29%,6.00%
205818260240,0,0,7.78%,7.66%,8.94%,3.93%,9.91%,5.32%,8.63%,8.43%,9.35%,7.24%
205818943388,0,0,15.79%,16.76%,15.95%,10.69%,11.32%,16.12%,11.32%,12.63%,13.79%,12.93%
205819023212,0,0,20.28%,18.28%,15.28%,14.38%,14.60%,19.26%,19.33%,22.03%,19.08%,20.43%
205819014813,0,0,17.75%,20.90%,25.41%,24.85%,20.31%,17.99%,15.57%,17.36%,18.38%,20.42%
205818451353,0,0,23.85%,21.83%,21.75%,28.16%,18.72%,25.06%,18.93%,16.22%,15.87%,18.40%
205818285671,0,0,21.17%,13.81%,12.59%,17.14%,24.63%,29.57%,28.39%,24.26%,19.98%,16.31%
205819011530,0,0,49.70%,36.11%,27.53%,10.57%,30.52%,18.73%,21.63%,26.86%,14.39%,16.16%
205819000328,0,0,27.48%,32.84%,35.28%,35.61%,18.66%,15.15%,14.19%,19.33%,23.56%,20.54%
205818001275,0,0,30.12%,32.98%,32.59%,20.27%,13.21%,19.02%,27.75%,23.30%,23.97%,20.47%
205819018062,0,0,22.21%,22.28%,20.70%,21.51%,29.18%,24.55%,30.35%,28.01%,27.86%,33.70%
205818139740,0,0,41.97%,45.51%,45.84%,45.04%,22.90%,14.01%,16.92%,18.39%,16.10%,29.10%
205819003433,0,0,3.82%,3.78%,51.20%,53.60%,45.15%,26.53%,27.12%,26.39%,21.92%,20.35%
205818951659,0,0,26.26%,32.56%,28.92%,20.79%,24.24%,9.71%,35.01%,31.27%,44.23%,38.65%
205818939268,0,0,38.69%,35.16%,40.66%,29.17%,33.76%,21.88%,25.74%,21.98%,25.07%,34.93%
205818952879,0,0,44.92%,48.16%,48.83%,43.20%,15.66%,26.97%,30.75%,27.94%,26.58%,26.71%
205818932818,0,0,44.57%,37.59%,37.64%,48.73%,31.90%,23.87%,27.71%,33.79%,21.36%,22.42%
205819009262,0,0,60.15%,43.46%,38.94%,33.12%,17.91%,34.68%,11.82%,22.17%,19.59%,52.83%
205818955498,0,0,27.39%,23.30%,21.26%,13.97%,32.78%,32.09%,59.15%,55.79%,52.75%,47.60%
205818053290,0,0,51.01%,49.03%,44.67%,45.84%,24.15%,23.40%,21.49%,21.36%,29.22%,28.92%
205819012148,0,0,29.24%,77.80%,68.15%,34.56%,36.82%,19.44%,16.33%,28.63%,42.28%,29.14%
205819007156,0,0,38.89%,47.59%,37.94%,39.44%,15.80%,34.46%,28.86%,36.01%,32.41%,21.06%
205819565758,0,0,28.89%,27.52%,25.05%,20.48%,20.97%,30.43%,49.09%,48.95%,63.16%,50.87%
205818251513,0,0,43.68%,44.21%,40.12%,74.22%,7.30%,43.85%,31.46%,28.01%,20.77%,15.39%
205818545761,0,0,63.59%,56.48%,55.59%,55.67%,45.31%,23.85%,21.94%,19.37%,19.63%,24.53%
205818937728,0,0,49.31%,69.04%,23.76%,29.89%,26.60%,38.27%,27.30%,38.91%,36.73%,24.17%
205818935908,0,0,48.87%,47.66%,44.53%,37.50%,31.65%,29.35%,30.70%,34.43%,37.22%,35.33%
205818002848,0,0,23.73%,42.61%,51.46%,32.93%,22.54%,48.63%,47.59%,44.13%,34.32%,35.50%
205818998320,0,0,26.67%,46.89%,35.40%,41.26%,40.94%,49.51%,41.02%,48.15%,25.15%,41.14%
205818930658,0,0,79.29%,78.55%,25.31%,29.75%,11.71%,25.10%,11.34%,38.02%,33.05%,47.59%
205818998286,0,0,82.15%,69.60%,32.50%,45.93%,9.59%,29.31%,22.99%,43.72%,32.95%,40.48%
205818973508,0,0,20.42%,34.50%,30.75%,34.46%,47.20%,63.12%,64.59%,44.83%,37.12%,34.70%
205818423877,0,0,41.08%,81.72%,68.18%,28.51%,45.13%,33.57%,26.23%,24.56%,27.48%,27.10%
205819011090,0,0,55.16%,99.42%,23.05%,35.40%,8.53%,31.69%,58.62%,49.79%,31.28%,41.88%
205818938548,0,0,37.44%,28.07%,44.24%,24.45%,34.61%,86.78%,34.02%,38.17%,34.99%,15.21%
205818940918,0,0,24.18%,36.16%,38.06%,60.83%,25.40%,41.56%,23.32%,64.41%,43.49%,60.32%
205818256205,0,0,34.26%,34.54%,38.49%,27.09%,38.77%,38.00%,35.60%,35.21%,55.73%,68.42%
205819006742,0,0,45.19%,43.78%,40.95%,30.34%,33.85%,57.82%,44.13%,37.52%,30.15%,36.54%
205818998790,0,0,50.55%,48.82%,48.66%,56.77%,48.82%,49.52%,41.24%,22.46%,28.96%,27.36%
205819015031,0,0,51.04%,49.08%,46.09%,49.62%,68.27%,30.78%,26.23%,33.86%,42.92%,36.87%
205819012960,0,0,55.80%,49.53%,85.07%,79.28%,22.81%,52.85%,34.79%,28.95%,31.16%,16.03%
205816000329,0,0,31.12%,33.18%,24.28%,9.91%,18.67%,42.27%,59.31%,73.96%,76.63%,76.52%
205819004272,0,0,76.01%,23.62%,41.09%,38.84%,27.17%,91.75%,26.98%,24.56%,52.48%,23.52%
205819006691,0,0,92.70%,94.32%,93.26%,43.76%,9.83%,3.67%,27.67%,29.52%,27.61%,42.64%
205818309729,0,0,52.45%,62.14%,50.60%,53.08%,76.10%,15.37%,25.94%,34.07%,39.69%,43.80%
205819013235,0,0,28.14%,35.07%,33.17%,36.04%,61.58%,60.09%,52.56%,47.24%,49.21%,52.79%
205819007122,0,0,44.11%,40.65%,51.38%,40.02%,28.69%,34.56%,35.65%,58.06%,63.88%,45.39%
205818968468,0,0,41.95%,39.64%,48.64%,31.82%,53.49%,59.17%,58.72%,60.93%,23.14%,30.56%
205818998779,0,0,53.67%,57.27%,48.25%,48.50%,49.23%,57.94%,67.33%,22.82%,39.44%,18.55%
205818964809,0,0,25.08%,25.39%,25.11%,91.23%,45.41%,48.42%,52.24%,44.21%,41.95%,59.29%
205819012325,0,0,57.11%,62.39%,64.70%,55.09%,99.92%,46.16%,40.62%,23.88%,15.43%,29.90%
205818977338,0,0,49.52%,47.25%,37.82%,41.48%,49.94%,46.65%,30.03%,47.95%,61.98%,60.75%
205818001461,0,0,52.73%,60.43%,78.43%,99.98%,57.70%,1.57%,46.08%,28.87%,36.05%,47.36%
205818694009,0,0,71.80%,73.81%,51.88%,39.55%,39.48%,33.35%,36.52%,43.57%,41.32%,46.89%
205819008955,0,0,59.60%,76.56%,64.07%,56.55%,23.87%,25.54%,58.98%,43.21%,26.47%,44.45%
205818744116,0,0,35.75%,29.66%,32.21%,44.99%,40.47%,68.19%,65.86%,70.19%,67.11%,56.42%
205819010142,0,0,61.60%,62.47%,59.95%,59.97%,59.72%,52.45%,25.17%,20.70%,40.48%,56.70%
205818990518,0,0,56.00%,64.30%,55.26%,99.52%,53.33%,11.83%,36.58%,66.09%,21.62%,51.23%
205818239094,0,0,38.69%,43.92%,39.68%,61.46%,64.73%,63.01%,66.19%,20.89%,45.50%,55.64%
205818564873,0,0,83.53%,84.49%,81.62%,39.25%,47.49%,36.42%,38.72%,37.99%,40.13%,35.31%
205819008535,0,0,52.06%,53.27%,38.55%,50.81%,62.75%,57.66%,52.40%,41.60%,45.03%,53.63%
205819013037,0,0,42.63%,45.71%,39.92%,68.40%,51.56%,61.14%,61.16%,53.15%,56.40%,58.85%
205818034067,0,0,33.73%,28.65%,30.70%,48.03%,42.73%,56.84%,80.11%,75.34%,85.40%,71.09%
205819022962,0,0,30.10%,39.19%,48.57%,70.84%,64.20%,56.61%,77.85%,49.83%,26.49%,72.61%
205819002917,0,0,51.92%,59.91%,55.60%,78.38%,40.54%,51.23%,55.16%,65.94%,51.58%,33.97%
205818994048,0,0,34.44%,38.08%,33.82%,36.70%,52.87%,69.46%,66.16%,54.16%,98.79%,99.96%
205819015852,0,0,32.43%,25.93%,33.98%,59.19%,96.85%,75.75%,70.47%,58.33%,61.93%,56.79%
205818963878,0,0,98.53%,99.71%,80.41%,86.01%,41.21%,43.85%,48.50%,45.21%,46.29%,49.50%
205818203398,0,0,32.95%,29.08%,30.33%,76.59%,95.21%,99.90%,50.36%,99.55%,47.27%,42.78%
205818981338,0,0,36.43%,31.01%,36.01%,41.73%,41.70%,98.25%,98.43%,97.53%,97.19%,47.84%
205818966909,0,0,90.75%,89.98%,11.38%,36.32%,51.50%,82.24%,57.45%,37.27%,56.09%,74.98%
205819021532,0,0,63.07%,35.17%,93.04%,46.60%,97.87%,53.39%,64.48%,38.56%,68.14%,57.42%
205818937608,0,0,35.48%,43.40%,75.74%,96.60%,75.18%,26.06%,98.74%,37.11%,69.18%,75.42%
205819003611,0,0,99.10%,98.54%,77.30%,55.50%,44.86%,40.09%,58.63%,53.53%,48.64%,45.06%
205818208080,0,0,51.05%,58.70%,60.94%,54.75%,83.76%,82.11%,79.99%,36.14%,43.35%,88.63%
205819002468,0,0,97.21%,37.03%,56.54%,43.21%,66.05%,51.61%,44.07%,94.75%,85.50%,29.61%
205819025285,0,0,83.99%,68.70%,70.57%,94.56%,87.27%,51.02%,34.86%,32.25%,85.54%,79.51%
205816003892,0,0,46.87%,32.46%,49.53%,53.41%,72.42%,46.93%,87.66%,99.86%,77.58%,86.08%
205819010577,0,0,28.97%,55.06%,54.85%,50.28%,84.43%,94.01%,94.03%,92.73%,91.77%,53.78%
205819027625,0,0,53.77%,89.48%,99.85%,57.25%,50.46%,99.85%,88.45%,64.99%,62.39%,56.22%
205818929788,0,0,21.13%,99.58%,99.15%,99.69%,78.15%,65.67%,99.82%,58.03%,45.96%,50.50%
205818932238,0,0,96.96%,99.21%,74.56%,99.80%,46.84%,65.34%,66.32%,51.91%,83.67%,41.43%
205819031040,0,0,82.40%,82.28%,59.42%,64.89%,26.99%,99.90%,93.51%,41.17%,35.71%,93.20%
205818928838,0,0,99.23%,54.29%,42.95%,70.47%,99.77%,85.10%,98.90%,55.29%,42.40%,51.97%
205818137081,0,0,84.05%,80.26%,75.95%,77.71%,79.33%,79.32%,80.84%,78.80%,83.45%,87.72%
205819001162,0,0,99.99%,99.99%,100.00%,42.55%,100.00%,78.20%,79.79%,75.03%,80.32%,80.98%
205819033660,0,0,66.20%,76.78%,99.98%,99.97%,62.55%,100.00%,99.99%,69.10%,86.07%,94.29%
205819009051,0,0,99.80%,99.90%,99.90%,67.21%,99.74%,99.75%,89.39%,89.58%,63.32%,50.13%
205818964969,0,0,99.84%,99.87%,77.34%,99.94%,99.68%,99.69%,98.86%,57.82%,60.30%,64.09%
205818233533,0,0,99.38%,98.26%,97.89%,95.47%,89.69%,89.21%,89.13%,88.95%,87.20%,67.33%
205819014469,0,0,99.95%,99.99%,99.99%,58.40%,70.16%,99.88%,95.39%,92.00%,91.47%,89.66%
205819001670,0,0,99.36%,91.47%,98.69%,99.00%,80.20%,67.83%,99.68%,95.13%,92.98%,89.35%
205818976749,0,0,99.58%,66.51%,99.73%,99.82%,99.87%,99.82%,99.79%,99.96%,99.91%,99.71%
205819022823,0,0,98.25%,98.29%,99.31%,99.99%,99.99%,99.99%,99.99%,99.88%,99.86%,99.86%
205818955828,0,1,5.94%,3.34%,4.89%,3.62%,3.89%,7.41%,10.96%,8.44%,7.66%,8.40%
205818359966,0,1,4.36%,4.53%,4.91%,4.73%,9.14%,11.34%,10.58%,7.63%,6.90%,4.95%
205818978919,0,1,6.13%,6.10%,5.60%,5.76%,6.60%,5.91%,6.80%,9.34%,7.28%,10.13%
205819006812,0,1,12.62%,10.24%,12.13%,9.97%,5.39%,6.28%,7.13%,6.21%,6.62%,5.52%
205818515647,0,1,20.53%,19.56%,7.58%,6.70%,9.58%,6.10%,4.00%,4.08%,5.42%,4.71%
205819002088,0,1,10.76%,14.38%,5.51%,13.82%,10.28%,10.59%,5.60%,10.45%,8.77%,9.25%
205818314270,0,1,10.28%,10.80%,9.15%,8.43%,9.83%,13.45%,14.22%,10.63%,6.92%,8.06%
205818011032,0,1,11.49%,10.69%,9.19%,15.44%,17.77%,10.78%,15.77%,9.62%,4.27%,5.64%
205818728411,0,1,17.14%,16.42%,14.14%,9.71%,8.09%,7.16%,6.37%,9.56%,10.11%,12.27%
205819000421,0,1,8.53%,11.42%,16.04%,15.04%,13.26%,14.11%,9.58%,8.51%,9.23%,9.65%
205818091393,0,1,11.95%,14.82%,13.46%,12.01%,12.75%,9.57%,8.27%,9.13%,11.94%,11.15%
205819022003,0,1,29.61%,20.74%,4.28%,4.27%,5.88%,23.60%,4.12%,1.45%,2.17%,16.53%
205819021873,0,1,12.81%,2.61%,5.29%,7.71%,18.21%,10.90%,11.29%,10.62%,5.01%,14.94%
205818922437,0,1,10.34%,3.55%,9.51%,10.01%,10.40%,7.35%,17.01%,13.35%,11.66%,6.27%
205818671195,0,1,8.34%,8.00%,6.99%,16.24%,11.65%,15.49%,18.72%,14.86%,11.89%,12.11%
205818999450,0,1,4.97%,4.64%,7.02%,2.08%,41.16%,17.90%,15.72%,15.44%,14.66%,14.47%
205818342493,0,1,4.99%,5.67%,5.03%,5.72%,0.81%,0.62%,0.55%,0.77%,95.34%,92.35%
205818379463,0,1,23.29%,18.31%,11.10%,22.07%,4.00%,7.69%,8.47%,15.53%,7.60%,14.49%
205818955438,0,1,10.64%,11.30%,12.31%,14.43%,17.48%,17.31%,19.72%,12.61%,12.42%,13.90%
205818942488,0,1,27.96%,26.97%,19.48%,31.24%,16.47%,1.52%,2.79%,11.46%,14.42%,12.66%
205819021580,0,1,21.00%,15.28%,22.30%,11.28%,12.55%,12.52%,12.92%,9.64%,11.93%,11.32%
205818928028,0,1,13.20%,13.80%,21.68%,8.10%,14.89%,11.17%,20.29%,16.38%,17.01%,17.27%
205819008219,0,1,8.61%,9.46%,10.36%,29.89%,35.47%,16.31%,16.29%,14.03%,8.96%,9.61%
205819019557,0,1,27.86%,29.77%,43.08%,11.05%,15.92%,11.66%,9.71%,10.87%,7.32%,11.86%
205819015418,0,1,25.65%,23.35%,22.85%,7.60%,13.25%,18.08%,8.28%,10.23%,8.38%,18.20%
205818933418,0,1,34.29%,47.10%,45.50%,43.39%,27.97%,5.08%,4.82%,4.82%,8.08%,11.94%
205818042783,0,1,19.58%,17.77%,14.13%,12.09%,15.49%,22.34%,18.00%,16.25%,14.17%,17.81%
205818978289,0,1,27.41%,18.10%,14.29%,13.18%,16.91%,21.68%,20.50%,14.99%,17.38%,10.93%
205818888903,0,1,30.45%,30.43%,28.26%,15.71%,8.17%,22.50%,14.87%,14.09%,11.53%,11.22%
205818362495,0,1,30.30%,22.08%,19.68%,21.54%,25.61%,15.47%,16.12%,16.74%,18.65%,7.80%
205819002370,0,1,37.28%,45.26%,40.37%,6.99%,3.34%,28.56%,15.00%,14.80%,13.13%,11.86%
205818297836,0,1,34.41%,34.09%,18.47%,19.55%,17.81%,7.89%,10.24%,28.52%,11.00%,16.43%
205818893070,0,1,16.79%,14.08%,17.59%,24.37%,7.76%,9.92%,13.27%,25.74%,34.14%,49.13%
205818959858,0,1,19.06%,14.67%,12.21%,16.33%,16.64%,25.74%,33.57%,25.66%,21.19%,22.79%
205818938238,0,1,21.47%,22.63%,22.53%,14.48%,20.00%,26.22%,20.30%,23.72%,21.41%,13.03%
205818045958,0,1,14.34%,15.57%,14.32%,19.80%,24.63%,25.01%,22.44%,24.43%,22.78%,27.57%
205818946009,0,1,21.26%,21.79%,49.84%,30.68%,23.58%,14.62%,16.11%,21.43%,12.23%,15.33%
205819001537,0,1,25.44%,24.07%,28.13%,12.71%,27.25%,33.51%,23.49%,21.01%,7.74%,15.89%
205818998413,0,1,27.84%,23.81%,19.57%,21.09%,27.49%,32.03%,30.81%,32.39%,17.63%,9.39%
205818999697,0,1,38.61%,29.57%,63.15%,44.11%,2.87%,10.21%,16.04%,10.48%,13.94%,23.72%
205819021252,0,1,2.73%,42.12%,49.90%,9.45%,0.01%,0.01%,0.02%,0.02%,94.30%,50.03%
205818783967,0,1,27.70%,37.12%,31.90%,13.78%,21.38%,20.73%,31.11%,12.17%,18.12%,19.03%
205818961358,0,1,18.65%,15.79%,30.97%,24.39%,17.94%,25.73%,31.79%,24.34%,29.25%,27.53%
205818998360,0,1,48.21%,29.50%,45.18%,24.42%,19.49%,15.92%,26.07%,17.47%,17.12%,15.82%
205819007875,0,1,44.03%,15.74%,33.05%,13.48%,87.75%,49.00%,7.51%,12.01%,6.96%,10.24%
205818998581,0,1,26.77%,16.94%,18.01%,19.83%,30.42%,33.52%,30.84%,28.57%,31.79%,27.51%
205818954288,0,1,32.81%,36.44%,35.34%,33.34%,21.65%,28.01%,21.69%,21.14%,21.79%,18.55%
205819008138,0,1,41.26%,5.06%,16.45%,41.31%,31.68%,20.29%,18.94%,16.20%,12.14%,53.59%
205818390234,0,1,19.85%,47.79%,51.99%,24.90%,19.12%,10.97%,4.35%,45.04%,40.42%,25.49%
205818932138,0,1,57.80%,39.11%,28.75%,50.40%,19.51%,24.40%,14.93%,11.70%,15.89%,28.50%
205818881673,0,1,31.57%,12.11%,14.86%,26.41%,34.95%,57.38%,42.01%,18.38%,18.71%,17.24%
205819019306,0,1,26.16%,21.53%,17.24%,30.75%,23.50%,28.58%,26.40%,33.46%,33.96%,35.94%
205818738038,0,1,33.66%,28.40%,10.05%,13.96%,29.58%,58.20%,8.89%,32.22%,29.07%,28.57%
205818999336,0,1,31.80%,33.00%,32.76%,39.25%,49.11%,28.39%,25.54%,20.17%,13.41%,17.73%
205818305301,0,1,5.54%,52.08%,25.44%,27.84%,6.32%,33.15%,34.58%,36.61%,29.28%,55.17%
205818498566,0,1,28.84%,16.37%,23.13%,22.73%,19.35%,29.57%,32.52%,45.23%,31.51%,33.89%
205819011853,0,1,36.53%,55.38%,52.10%,12.35%,31.32%,12.46%,18.05%,25.02%,25.25%,22.87%
205818363880,0,1,34.49%,33.67%,38.56%,24.49%,30.27%,77.12%,9.65%,13.52%,11.94%,13.71%
205819021256,0,1,38.65%,1.38%,41.46%,39.12%,42.65%,4.51%,4.20%,25.35%,32.19%,46.15%
205819001146,0,1,28.89%,23.92%,23.35%,30.16%,40.71%,36.55%,24.78%,24.30%,30.15%,33.20%
205819001939,0,1,33.40%,30.57%,25.93%,33.72%,42.88%,24.55%,25.85%,25.32%,24.18%,25.90%
205800001171,0,1,41.21%,40.47%,41.89%,36.88%,46.01%,35.41%,19.49%,18.28%,17.70%,16.21%
205818907480,0,1,35.41%,30.01%,11.40%,50.52%,14.64%,28.94%,42.25%,28.27%,38.00%,14.47%
205819022001,0,1,36.05%,35.64%,1.45%,2.27%,10.82%,39.23%,29.22%,44.53%,52.07%,53.10%
205819027842,0,1,36.33%,21.70%,20.74%,18.44%,36.32%,16.22%,14.08%,19.08%,47.92%,63.45%
205819015619,0,1,1.21%,6.40%,27.78%,54.03%,34.34%,25.41%,30.82%,37.64%,44.08%,40.29%
205818001087,0,1,38.26%,50.68%,46.63%,32.22%,25.89%,31.61%,26.54%,20.79%,18.32%,32.05%
205816000207,0,1,48.42%,50.09%,20.90%,16.05%,8.68%,23.02%,33.12%,29.12%,44.24%,32.09%
205819006731,0,1,53.75%,63.51%,57.76%,29.41%,25.22%,19.77%,29.39%,22.60%,20.88%,15.79%
205818998852,0,1,41.38%,38.01%,16.21%,21.85%,18.29%,21.86%,21.14%,23.81%,39.63%,43.44%
205818978869,0,1,55.66%,71.66%,49.46%,33.97%,15.08%,20.09%,23.25%,17.93%,22.08%,27.99%
205818937178,0,1,31.83%,44.29%,46.29%,30.22%,41.02%,33.27%,32.08%,29.14%,21.63%,20.58%
205819000763,0,1,36.53%,34.01%,33.95%,12.13%,33.33%,35.46%,27.24%,29.58%,36.42%,34.24%
205818955428,0,1,50.95%,35.33%,70.41%,41.28%,23.55%,31.55%,18.62%,28.67%,29.70%,14.53%
205818499335,0,1,16.54%,72.63%,64.53%,30.32%,37.04%,32.68%,30.70%,25.88%,22.33%,19.31%
205819008066,0,1,71.85%,65.57%,65.01%,14.83%,33.07%,15.09%,23.51%,29.00%,17.77%,14.19%
205819005207,0,1,36.38%,36.64%,37.25%,28.24%,33.94%,29.35%,24.28%,34.79%,31.71%,31.46%
205818808642,0,1,36.56%,43.04%,44.01%,35.58%,15.19%,14.76%,12.84%,29.90%,63.83%,48.39%
205818950438,0,1,82.87%,41.92%,36.16%,27.64%,39.66%,32.85%,22.04%,19.99%,18.32%,18.41%
205819000410,0,1,41.56%,20.83%,41.32%,35.14%,24.62%,44.56%,12.21%,40.46%,38.19%,35.02%
205819022670,0,1,15.93%,17.03%,16.08%,79.33%,45.39%,25.11%,34.52%,33.17%,56.81%,26.93%
205819004213,0,1,31.94%,54.82%,33.15%,54.65%,20.79%,28.58%,49.74%,31.12%,13.54%,21.22%
205818958849,0,1,37.42%,22.64%,28.27%,17.64%,23.91%,52.04%,51.93%,48.41%,40.48%,33.07%
205818948238,0,1,14.83%,46.45%,29.88%,25.59%,24.55%,54.69%,23.95%,34.79%,46.34%,55.63%
205818831315,0,1,51.39%,54.83%,40.97%,25.45%,24.20%,21.12%,17.68%,39.67%,39.22%,32.97%
205818939919,0,1,50.42%,53.04%,48.03%,48.27%,46.83%,6.57%,15.54%,26.08%,19.81%,50.78%
205816000317,0,1,99.92%,10.40%,28.58%,6.87%,25.84%,53.28%,11.34%,33.04%,23.33%,42.10%
205819003499,0,1,50.10%,49.72%,39.20%,22.25%,4.80%,47.97%,30.97%,54.18%,39.14%,23.65%
205818931928,0,1,49.76%,46.29%,60.57%,25.98%,30.22%,44.75%,35.79%,33.12%,20.13%,20.00%
205819024093,0,1,18.61%,37.86%,85.16%,42.57%,36.95%,33.38%,40.18%,52.20%,10.82%,31.40%
205819035292,0,1,50.53%,11.30%,14.93%,22.47%,36.91%,99.34%,36.46%,51.21%,49.08%,39.72%
205818930779,0,1,72.51%,56.11%,70.16%,12.30%,26.54%,19.87%,36.81%,23.55%,25.58%,41.50%
205818857999,0,1,43.74%,56.58%,29.52%,19.92%,34.03%,23.29%,26.15%,29.96%,26.69%,47.75%
205818867374,0,1,58.91%,22.76%,29.20%,33.84%,39.86%,28.47%,36.49%,31.25%,46.00%,38.76%
205819005102,0,1,44.12%,47.59%,53.02%,44.27%,29.37%,36.96%,37.31%,25.56%,24.10%,26.15%
205819001030,0,1,32.94%,37.54%,40.03%,25.66%,15.52%,18.99%,26.86%,26.17%,40.40%,49.86%
205818681712,0,1,32.07%,37.86%,38.75%,28.99%,31.50%,19.52%,49.97%,35.36%,37.17%,52.25%
205818948779,0,1,39.38%,24.16%,28.40%,24.66%,54.36%,61.01%,47.84%,22.72%,22.93%,46.76%
205818536650,0,1,25.38%,25.32%,27.03%,45.18%,19.33%,60.94%,52.66%,52.67%,43.07%,32.14%
205816001520,0,1,29.43%,56.14%,60.18%,13.82%,42.03%,30.83%,32.63%,32.22%,35.13%,43.66%
205818948309,0,1,42.43%,38.49%,39.28%,36.68%,26.71%,39.10%,31.95%,48.86%,36.25%,23.45%
205816001217,0,1,61.76%,44.26%,99.62%,37.04%,26.32%,23.91%,17.64%,20.25%,32.14%,35.07%
205818937598,0,1,35.38%,67.00%,27.37%,47.29%,18.52%,5.74%,10.67%,29.03%,50.94%,50.05%
205818981289,0,1,55.10%,94.88%,26.83%,27.59%,46.93%,28.41%,23.51%,20.32%,42.57%,41.19%
205818927159,0,1,48.52%,34.89%,31.61%,37.94%,57.58%,45.92%,48.37%,24.28%,27.83%,23.77%
205819004571,0,1,83.37%,85.90%,93.27%,34.82%,14.78%,38.04%,37.54%,31.14%,8.63%,1.89%
205819000728,0,1,39.65%,30.01%,54.33%,33.99%,38.77%,43.18%,53.21%,21.75%,25.02%,44.18%
209860000046,0,1,54.46%,52.96%,25.18%,48.03%,34.18%,31.41%,28.15%,31.60%,37.99%,34.67%
205819002677,0,1,49.66%,50.31%,49.82%,25.88%,20.96%,36.32%,34.70%,33.89%,29.73%,47.72%
205819013177,0,1,77.61%,42.80%,45.45%,55.48%,66.70%,51.67%,15.23%,20.21%,21.92%,20.48%
205818971918,0,1,17.80%,28.77%,45.61%,76.97%,44.11%,52.39%,14.59%,31.85%,43.13%,44.29%
205819008380,0,1,49.66%,41.50%,34.19%,25.66%,42.08%,46.02%,47.47%,36.41%,31.82%,33.02%
205818045453,0,1,31.96%,43.31%,43.91%,37.25%,16.82%,35.58%,47.11%,16.22%,77.78%,39.76%
205819007295,0,1,32.84%,29.47%,30.31%,27.75%,43.59%,24.34%,47.84%,40.90%,35.83%,85.30%
205819021605,0,1,36.68%,34.10%,30.14%,29.80%,38.00%,23.75%,18.21%,52.44%,71.20%,77.54%
205818964249,0,1,51.75%,59.16%,59.03%,37.41%,23.47%,48.04%,32.95%,22.58%,31.55%,33.14%
205818274780,0,1,17.14%,4.52%,44.71%,83.45%,8.25%,21.03%,31.77%,78.65%,84.40%,85.63%
205818956288,0,1,53.56%,75.95%,43.71%,47.36%,33.47%,29.05%,35.03%,32.62%,25.51%,34.66%
205818999305,0,1,59.16%,51.18%,21.44%,24.98%,1.05%,18.07%,89.15%,57.26%,28.93%,38.28%
205819022913,0,1,69.96%,72.72%,70.45%,15.91%,31.75%,34.26%,33.94%,31.58%,34.39%,20.18%
205818959549,0,1,46.53%,39.44%,39.39%,56.75%,58.60%,47.11%,20.28%,42.60%,38.43%,28.96%
205819032041,0,1,97.59%,56.71%,32.00%,22.52%,69.56%,37.54%,40.43%,18.35%,20.33%,19.01%
205819027516,0,1,45.45%,41.86%,48.24%,33.23%,27.09%,28.45%,44.59%,48.90%,47.01%,43.01%
205819015505,0,1,38.94%,59.37%,44.45%,56.33%,17.36%,54.79%,41.85%,30.75%,30.40%,12.87%
205818999963,0,1,55.92%,49.14%,49.00%,61.68%,61.67%,35.50%,31.80%,28.65%,29.04%,34.01%
205818998898,0,1,46.88%,57.00%,42.83%,11.40%,39.47%,41.05%,39.58%,43.93%,50.17%,50.97%
205818937929,0,1,29.43%,24.61%,25.14%,30.92%,74.03%,77.18%,50.00%,40.30%,43.20%,41.57%
205818697395,0,1,41.24%,53.57%,86.40%,62.94%,44.87%,47.37%,48.90%,33.27%,16.26%,6.64%
205818938668,0,1,26.08%,58.52%,58.59%,25.47%,35.14%,36.31%,40.94%,24.68%,57.60%,57.77%
205818500691,0,1,55.05%,52.78%,48.75%,54.54%,17.12%,14.99%,39.49%,30.51%,46.86%,56.16%
205818976229,0,1,39.87%,54.87%,54.81%,72.12%,72.58%,55.11%,44.06%,35.52%,25.45%,30.76%
205818328336,0,1,36.10%,39.07%,35.33%,81.81%,29.85%,33.32%,31.48%,37.67%,48.37%,32.64%
205819015202,0,1,60.44%,51.21%,53.45%,61.30%,67.68%,55.72%,23.51%,27.13%,36.30%,30.43%
205818926438,0,1,46.21%,36.02%,31.27%,30.41%,17.57%,78.15%,46.29%,99.23%,28.61%,68.78%
205818994138,0,1,51.75%,51.40%,61.21%,39.63%,11.02%,88.03%,53.26%,36.43%,24.90%,23.83%
205818963238,0,1,2.84%,73.84%,36.85%,45.88%,15.30%,87.71%,7.87%,49.92%,55.11%,57.99%
205819000608,0,1,50.23%,41.84%,41.25%,51.28%,55.70%,48.73%,44.47%,46.14%,43.89%,23.49%
205818347701,0,1,52.17%,49.89%,51.64%,9.64%,40.63%,51.62%,41.55%,53.29%,49.25%,44.46%
205818953208,0,1,90.19%,87.73%,87.33%,68.75%,54.10%,28.02%,28.28%,23.02%,22.24%,29.23%
205818935459,0,1,57.19%,51.05%,37.83%,35.02%,18.52%,30.08%,60.69%,51.06%,53.67%,52.30%
205818923569,0,1,63.98%,63.82%,17.82%,26.27%,16.43%,40.35%,51.17%,50.50%,57.62%,61.70%
207000010788,0,1,99.58%,55.28%,57.98%,24.80%,86.80%,31.40%,8.80%,33.73%,25.02%,55.59%
205818956098,0,1,82.23%,79.89%,26.99%,26.46%,53.05%,19.08%,21.52%,86.01%,53.43%,37.13%
205818981948,0,1,61.21%,68.96%,60.09%,85.52%,59.71%,51.56%,44.37%,42.06%,25.17%,8.49%
205818950579,0,1,28.78%,78.05%,82.83%,58.61%,35.89%,46.60%,54.24%,46.11%,36.87%,30.25%
205819000406,0,1,92.97%,94.27%,95.00%,28.51%,46.25%,20.54%,17.21%,37.99%,31.12%,46.29%
205818998602,0,1,35.70%,47.46%,67.44%,33.45%,39.47%,47.43%,98.49%,33.51%,18.08%,73.42%
205818425536,0,1,27.42%,39.40%,26.38%,44.94%,45.64%,42.33%,82.81%,34.13%,90.38%,66.01%
205818972848,0,1,19.02%,13.92%,26.21%,36.56%,87.99%,98.24%,47.19%,67.02%,17.49%,30.66%
205818936498,0,1,61.79%,60.77%,49.39%,36.09%,60.74%,44.97%,38.82%,34.97%,46.06%,39.55%
205818605516,0,1,99.73%,99.74%,64.16%,32.14%,18.55%,27.35%,32.82%,41.39%,62.16%,59.68%
205818949278,0,1,75.82%,75.23%,60.19%,40.28%,74.46%,42.15%,51.44%,28.58%,25.25%,30.35%
205818998620,0,1,73.90%,62.08%,36.70%,43.14%,30.27%,39.36%,47.41%,31.19%,56.98%,49.25%
205818008240,0,1,89.20%,66.50%,65.62%,42.88%,25.06%,49.54%,58.27%,31.06%,28.00%,26.86%
205819003063,0,1,48.13%,51.74%,87.83%,57.29%,23.75%,38.77%,48.39%,46.24%,28.49%,61.16%
205818938978,0,1,44.74%,51.45%,52.30%,53.03%,85.35%,58.16%,51.70%,99.33%,3.51%,4.71%
205819022898,0,1,49.24%,55.67%,66.22%,14.57%,25.89%,99.72%,23.83%,46.61%,56.03%,66.90%
205818934868,0,1,31.18%,68.44%,97.62%,30.67%,32.72%,15.64%,54.75%,99.23%,30.05%,25.32%
205816002025,0,1,63.98%,61.15%,62.84%,41.05%,44.35%,14.00%,30.43%,64.02%,55.70%,52.89%
205818966078,0,1,100.00%,100.00%,100.00%,54.28%,41.36%,4.12%,32.91%,28.97%,44.27%,46.62%
205818003644,0,1,99.73%,99.64%,77.64%,99.79%,36.05%,35.10%,29.73%,39.47%,14.20%,35.05%
205819000902,0,1,69.17%,69.39%,67.65%,84.62%,50.97%,32.15%,36.43%,51.74%,39.63%,26.22%
205819027708,0,1,70.21%,66.17%,12.42%,99.71%,36.07%,25.45%,44.82%,47.96%,51.32%,52.53%
205818989598,0,1,51.20%,70.80%,48.50%,48.12%,30.26%,35.07%,41.81%,53.02%,67.73%,83.58%
205818976498,0,1,27.05%,43.20%,45.62%,51.88%,57.98%,84.51%,72.35%,27.57%,61.82%,68.69%
205818999680,0,1,26.47%,26.79%,39.38%,36.65%,93.90%,94.44%,53.90%,54.35%,30.20%,85.64%
205819015822,0,1,97.88%,98.04%,97.74%,82.66%,24.39%,45.64%,40.64%,28.83%,25.19%,22.41%
205818998463,0,1,28.47%,23.65%,48.42%,37.29%,48.57%,52.21%,54.53%,82.46%,93.35%,97.08%
205818644983,0,1,41.88%,46.17%,45.47%,46.64%,69.40%,75.78%,68.19%,55.39%,45.61%,39.80%
205818982258,0,1,42.20%,32.22%,61.53%,43.75%,47.36%,46.96%,71.41%,60.92%,39.71%,93.62%
205819001490,0,1,6.76%,17.43%,19.83%,99.83%,69.00%,17.38%,78.61%,99.93%,97.29%,99.96%
205818401853,0,1,66.37%,65.27%,67.44%,52.97%,26.80%,51.64%,51.16%,44.18%,49.23%,45.37%
205818999045,0,1,97.15%,96.53%,92.41%,45.46%,16.90%,30.90%,28.85%,29.40%,66.57%,53.90%
205818246567,0,1,44.87%,45.64%,23.17%,15.26%,68.14%,97.47%,94.99%,24.25%,82.89%,59.57%
205819019929,0,1,32.01%,52.76%,41.01%,72.54%,32.29%,98.61%,98.51%,28.22%,56.38%,34.11%
205818947818,0,1,84.49%,49.08%,41.26%,55.02%,79.38%,63.51%,25.88%,51.94%,48.42%,51.87%
205818223774,0,1,89.49%,70.57%,54.69%,99.83%,36.49%,35.45%,37.43%,64.23%,59.79%,11.75%
205819030822,0,1,83.89%,90.84%,95.93%,65.26%,38.24%,49.84%,40.75%,96.88%,7.87%,2.50%
205819029511,0,1,48.74%,33.25%,69.64%,41.74%,98.79%,98.61%,69.20%,64.08%,71.10%,10.25%
205818998921,0,1,68.37%,72.35%,73.67%,30.54%,55.17%,47.25%,51.37%,51.51%,55.47%,51.90%
205818115188,0,1,45.49%,33.95%,66.65%,83.72%,100.00%,77.26%,58.47%,53.68%,27.73%,32.08%
205818999393,0,1,97.08%,88.00%,41.07%,3.09%,14.01%,92.86%,7.29%,44.80%,66.98%,70.15%
205818175184,0,1,92.72%,93.61%,94.12%,34.75%,72.83%,66.00%,37.72%,39.55%,34.31%,41.40%
205818938178,0,1,36.89%,31.68%,56.60%,50.11%,71.30%,99.54%,57.73%,87.90%,4.13%,71.10%
205818083677,0,1,44.51%,25.95%,57.45%,74.61%,50.24%,38.79%,38.36%,79.80%,75.61%,79.99%
205819013239,0,1,46.08%,37.76%,36.90%,27.56%,73.83%,58.41%,70.10%,74.74%,75.68%,77.33%
205819003710,0,1,73.50%,81.48%,79.17%,83.92%,11.45%,29.95%,30.90%,56.03%,63.76%,62.50%
205818190515,0,1,58.24%,57.15%,50.36%,64.59%,37.47%,37.65%,46.00%,73.68%,74.12%,66.85%
205818232906,0,1,44.54%,46.31%,50.54%,43.90%,93.17%,83.33%,61.85%,55.69%,55.61%,56.37%
205818716630,0,1,99.95%,91.09%,90.84%,87.46%,68.91%,50.16%,39.08%,84.02%,14.32%,2.03%
205819019731,0,1,12.08%,96.37%,66.31%,39.20%,40.43%,47.51%,27.17%,99.48%,64.24%,51.01%
205818983348,0,1,52.99%,68.71%,66.52%,56.47%,39.60%,50.24%,56.94%,70.80%,55.79%,53.45%
205818999976,0,1,69.40%,56.55%,88.58%,99.88%,1.92%,44.19%,57.77%,59.87%,53.83%,54.12%
205818974849,0,1,60.86%,99.97%,64.27%,64.84%,26.63%,35.95%,72.32%,53.97%,49.81%,74.23%
205818001146,0,1,45.67%,29.81%,65.90%,45.85%,33.70%,69.88%,88.12%,77.74%,73.56%,84.60%
205818927628,0,1,97.46%,95.87%,84.18%,94.72%,35.54%,77.69%,77.59%,59.82%,25.15%,21.55%
205818061774,0,1,99.99%,99.83%,99.83%,53.34%,90.27%,58.37%,67.68%,30.31%,33.78%,30.04%
205818999158,0,1,27.62%,36.58%,59.03%,60.16%,99.27%,99.08%,97.56%,37.91%,37.78%,47.18%
205819031710,0,1,100.00%,61.56%,61.09%,44.51%,53.32%,50.48%,58.66%,99.92%,99.96%,54.06%
205818838261,0,1,69.78%,19.92%,16.45%,72.82%,97.36%,87.81%,86.90%,78.89%,44.19%,43.34%
205818983039,0,1,94.13%,94.21%,93.81%,40.76%,12.54%,96.06%,41.43%,35.42%,59.27%,47.35%
205818999801,0,1,31.92%,99.82%,0.14%,43.27%,68.71%,53.32%,40.58%,81.32%,75.73%,99.91%
205818971629,0,1,99.72%,40.91%,36.00%,66.28%,73.62%,69.28%,74.88%,99.99%,22.23%,55.63%
205818093436,0,1,90.27%,55.09%,31.21%,42.78%,63.28%,77.62%,83.56%,58.28%,65.74%,69.95%
205819003841,0,1,61.26%,62.91%,99.05%,96.42%,95.80%,96.02%,31.25%,28.23%,63.57%,56.10%
205818007618,0,1,82.68%,77.56%,54.12%,56.57%,42.41%,45.53%,43.83%,68.32%,78.59%,82.85%
205819004702,0,1,99.14%,73.28%,99.45%,32.00%,56.56%,47.92%,54.98%,68.22%,57.46%,58.09%
205818996008,0,1,99.95%,99.13%,99.98%,91.97%,75.95%,64.58%,44.91%,43.91%,42.22%,44.67%
205818998297,0,1,57.76%,99.57%,47.00%,42.99%,75.06%,81.21%,97.78%,76.94%,61.66%,89.71%
205819000235,0,1,99.03%,98.11%,93.66%,41.45%,49.66%,50.50%,38.04%,34.57%,60.46%,92.88%
205819018088,0,1,38.56%,90.98%,47.97%,74.71%,99.99%,93.66%,31.14%,70.56%,69.87%,31.31%
205818148972,0,1,34.81%,77.13%,34.80%,38.64%,38.65%,88.75%,84.95%,51.70%,99.91%,99.88%
205818962018,0,1,93.38%,54.23%,49.70%,48.27%,45.78%,38.50%,80.19%,71.07%,89.10%,91.69%
205819012592,0,1,64.44%,68.07%,60.73%,37.96%,26.44%,93.36%,99.96%,88.70%,60.39%,66.17%
205818985809,0,1,99.78%,100.00%,88.03%,44.41%,54.94%,79.23%,45.81%,57.72%,59.34%,60.88%
205819017141,0,1,87.91%,89.27%,90.47%,33.84%,57.23%,69.83%,72.87%,60.81%,64.29%,70.62%
205819029772,0,1,98.43%,99.79%,74.89%,64.76%,73.35%,28.30%,63.80%,78.55%,48.11%,97.17%
205819010253,0,1,71.78%,66.68%,64.39%,79.30%,74.25%,64.78%,93.95%,47.03%,46.37%,97.75%
205818000836,0,1,75.16%,75.09%,43.76%,95.36%,99.89%,75.84%,66.65%,24.82%,99.90%,93.76%
205818998485,0,1,84.72%,71.75%,59.96%,75.68%,54.40%,99.75%,98.23%,91.98%,58.07%,32.78%
205819014261,0,1,43.55%,46.35%,30.22%,75.67%,97.83%,66.82%,97.96%,62.84%,79.95%,99.99%
205818004327,0,1,66.48%,99.86%,11.34%,59.15%,86.58%,81.20%,88.12%,83.38%,84.23%,82.58%
205818043299,0,1,75.48%,74.71%,60.74%,58.92%,1.72%,72.60%,84.57%,93.26%,92.01%,94.73%
205818983148,0,1,75.56%,79.88%,77.20%,88.78%,93.82%,76.73%,50.47%,96.52%,62.97%,39.67%
205819001938,0,1,99.85%,99.83%,99.82%,99.81%,39.60%,58.44%,98.92%,67.86%,51.44%,42.30%
205819020646,0,1,82.60%,87.25%,84.06%,88.47%,90.15%,84.51%,79.81%,70.59%,19.72%,69.63%
205818982649,0,1,96.32%,59.09%,74.41%,97.45%,87.21%,68.51%,65.83%,97.60%,26.44%,99.95%
205818973999,0,1,96.88%,97.28%,97.22%,98.10%,43.02%,37.78%,99.99%,59.28%,57.52%,99.66%
205819027671,0,1,68.84%,66.26%,99.60%,86.76%,26.43%,55.75%,79.27%,99.96%,97.01%,87.59%
205818966838,0,1,99.04%,99.97%,99.74%,99.99%,59.46%,87.09%,86.83%,54.47%,36.11%,46.86%
205818999571,0,1,99.98%,99.42%,99.34%,98.48%,65.16%,99.99%,28.30%,63.48%,86.87%,99.35%
205819027920,0,1,99.99%,79.36%,79.93%,79.77%,66.12%,60.35%,64.74%,66.10%,70.11%,100.00%
205818001316,0,1,99.90%,58.59%,98.93%,24.83%,81.70%,93.93%,91.01%,74.62%,65.04%,69.76%
205819031698,0,1,81.16%,77.78%,71.98%,99.57%,50.07%,62.03%,86.83%,98.33%,52.60%,95.37%
205816001363,0,1,75.91%,87.03%,80.78%,100.00%,83.49%,75.28%,0.43%,94.79%,99.93%,99.98%
205819019101,0,1,98.15%,98.38%,97.82%,99.12%,82.84%,53.26%,61.33%,75.79%,92.14%,51.99%
205819033052,0,1,93.49%,53.63%,73.52%,90.86%,100.00%,99.98%,95.73%,95.38%,92.48%,80.10%
205818267196,0,1,32.46%,99.32%,29.95%,95.99%,99.44%,98.26%,98.43%,89.62%,96.70%,99.99%
205818487291,0,1,100.00%,99.97%,99.97%,99.99%,38.30%,82.95%,36.16%,51.99%,98.85%,99.94%
205819001885,0,1,99.79%,33.25%,54.05%,99.92%,99.90%,99.88%,99.87%,99.89%,99.12%,99.97%
205818623596,0,1,98.66%,98.75%,98.92%,51.03%,90.18%,82.01%,83.13%,82.76%,76.58%,99.96%
205818315281,0,1,99.18%,99.38%,99.29%,99.49%,98.79%,99.42%,91.20%,62.44%,89.14%,100.00%
205818538935,0,1,99.53%,99.61%,99.71%,99.87%,63.58%,99.72%,99.84%,78.62%,99.57%,95.14%
205819017273,0,1,100.00%,99.94%,78.70%,99.99%,90.02%,99.76%,93.70%,96.11%,95.59%,93.17%
208500000013,0,1,87.21%,99.29%,92.88%,95.76%,99.98%,99.94%,97.10%,99.72%,99.97%,99.96%
205818707903,0,1,99.72%,99.87%,99.89%,99.80%,99.94%,99.80%,99.99%,99.98%,99.41%,98.88%
205819027441,0,1,99.91%,99.60%,99.96%,99.73%,99.97%,99.85%,99.87%,99.96%,99.78%,99.88%
205819005370,0,0,9.39%,13.39%,12.16%,10.51%,10.05%,8.15%,8.40%,8.54%,6.44%,6.59%
205819020418,0,0,15.80%,15.80%,17.85%,16.47%,6.94%,7.09%,7.73%,7.86%,8.54%,11.04%
205818984608,0,0,14.52%,13.87%,12.42%,14.42%,10.78%,8.78%,8.64%,11.72%,11.88%,12.07%
205818544497,0,0,11.96%,11.40%,11.66%,15.09%,15.35%,17.01%,12.58%,11.32%,12.84%,12.92%
205818930228,0,0,13.83%,13.04%,10.50%,12.46%,16.60%,12.68%,12.00%,14.10%,16.68%,17.88%
205818003188,0,0,12.07%,9.32%,9.50%,11.63%,11.41%,18.92%,20.84%,16.05%,21.66%,21.11%
205818983978,0,0,21.56%,19.13%,21.71%,10.42%,10.21%,12.10%,15.65%,14.66%,12.94%,11.82%
205818998726,0,0,22.35%,17.94%,22.76%,7.40%,5.15%,8.37%,13.62%,15.43%,17.86%,14.99%
205818945919,0,0,12.49%,10.52%,10.60%,12.09%,14.54%,13.87%,15.52%,23.69%,24.38%,21.15%
205818542738,0,0,9.10%,9.44%,9.73%,8.88%,29.45%,30.12%,26.44%,35.07%,14.94%,9.67%
205818973008,0,0,11.60%,15.33%,13.68%,22.03%,8.82%,21.34%,15.13%,15.08%,21.78%,34.98%
205819019179,0,0,14.97%,20.95%,25.49%,19.15%,12.44%,15.54%,16.02%,18.71%,14.48%,18.28%
205818968069,0,0,14.08%,39.18%,44.46%,6.91%,10.74%,18.80%,17.50%,16.96%,12.96%,13.86%
205818018504,0,0,26.92%,21.71%,15.04%,19.38%,19.16%,16.54%,18.23%,18.10%,20.53%,23.11%
205818956899,0,0,17.65%,3.81%,3.84%,21.50%,23.35%,17.64%,18.33%,39.66%,16.62%,20.61%
205818900776,0,0,7.43%,19.10%,15.96%,33.55%,13.13%,44.72%,25.05%,24.18%,25.54%,20.51%
205819022666,0,0,20.51%,20.21%,12.07%,29.95%,27.79%,14.95%,15.58%,25.04%,16.63%,48.76%
205818949249,0,0,21.62%,14.87%,12.10%,12.11%,15.07%,43.23%,46.28%,30.17%,30.31%,21.86%
205819017226,0,0,36.26%,26.57%,27.64%,34.13%,22.86%,20.44%,19.66%,20.04%,20.28%,19.82%
205818983609,0,0,27.40%,25.76%,30.12%,32.93%,26.51%,24.73%,24.60%,19.66%,22.48%,27.78%
205818988419,0,0,34.39%,33.26%,35.00%,33.32%,30.50%,23.37%,12.56%,24.73%,20.44%,26.90%
205816002127,0,0,15.43%,23.73%,21.41%,16.89%,46.91%,33.39%,30.92%,29.05%,31.37%,15.90%
205818975639,0,0,44.22%,37.22%,49.37%,38.24%,26.00%,22.40%,19.30%,17.25%,16.16%,19.84%
205818563620,0,0,29.29%,32.02%,27.51%,26.16%,28.80%,28.17%,30.96%,23.54%,23.14%,16.96%
205819000519,0,0,25.97%,78.28%,17.05%,74.94%,13.30%,16.49%,18.50%,26.92%,19.40%,21.12%
205818975268,0,0,35.28%,38.64%,32.75%,20.23%,25.84%,26.28%,25.28%,25.75%,23.76%,22.10%
205818977208,0,0,14.93%,17.60%,26.51%,19.90%,25.65%,41.85%,40.75%,43.97%,37.61%,38.00%
205818322996,0,0,19.00%,21.45%,24.11%,23.90%,20.05%,20.13%,36.68%,65.34%,47.44%,26.53%
205818939839,0,0,38.06%,33.11%,42.68%,42.06%,35.28%,26.68%,24.16%,14.70%,34.46%,15.84%
